"ASV_ID","Reference_ID","Percent_identity","Alignment_length","Mismatches","Gap_opens","Query_length","Reference_length","E_value","Bit_score","Query_coverage","Functional_category","High_confidence"
"ASV00001","Smiliscasila-ns_4",100,253,0,0,253,1285,9.05e-130,457,100,"non-significant",TRUE
"ASV00006","Atelopuslimosus-inhibitory_54",100,253,0,0,253,1400,9.05e-130,457,100,"inhibitory",TRUE
"ASV00007","Atelopuslimosus-enhancing_2",97.638,254,5,1,253,1377,4.39e-121,428,100,"enhancing",TRUE
"ASV00008","Craugastorcrassidigitus-inhibitory_181",100,253,0,0,253,887,9.05e-130,457,100,"inhibitory",TRUE
"ASV00010","Agalychniscallidryas-ns_8",99.606,254,0,1,253,1050,1.34e-127,451,100,"non-significant",TRUE
"ASV00014","Litoriaserrata-inhibitory_7",98.814,253,2,1,253,1406,2.43e-124,440,100,"inhibitory",TRUE
"ASV00015","Colostethuspanamensis-inhibitory_8",100,253,0,0,253,1195,9.05e-130,457,100,"inhibitory",TRUE
"ASV00022","Colostethuspanamensis-inhibitory_8",99.605,253,1,0,253,1195,3.85e-128,453,100,"inhibitory",TRUE
"ASV00023","Bufotyphonius-inhibitory_9",100,253,0,0,253,1248,9.05e-130,457,100,"inhibitory",TRUE
"ASV00029","Espadaranaprosoblepon-inhibitory_26",100,253,0,0,253,1395,9.05e-130,457,100,"inhibitory",TRUE
"ASV00040","Ranamuscosa-inhibitory_70",97.233,253,7,0,253,1390,5.35e-120,425,100,"inhibitory",TRUE
"ASV00044","Hemidactylumscutatum-ns_8",98.814,253,3,0,253,1296,1.99e-125,444,100,"non-significant",TRUE
"ASV00050","Smiliscasila-inhibitory_6",99.605,253,1,0,253,1262,3.85e-128,453,100,"inhibitory",TRUE
"ASV00051","Atelopuslimosus-enhancing_2",97.244,254,6,1,253,1377,1.87e-119,424,100,"enhancing",TRUE
"ASV00054","Hyalinobatrachiumcolymbiphyllum-enhancing_1",100,253,0,0,253,1280,9.05e-130,457,100,"enhancing",TRUE
"ASV00057","Bufotyphonius-inhibitory_17",100,253,0,0,253,1197,9.05e-130,457,100,"inhibitory",TRUE
"ASV00058","Litoriaserrata-inhibitory_45",100,253,0,0,253,1386,9.05e-130,457,100,"inhibitory",TRUE
"ASV00059","Craugastorcrassidigitus-inhibitory_173",100,253,0,0,253,1274,9.05e-130,457,100,"inhibitory",TRUE
"ASV00067","Atelopuselegans-ns_3",97.233,253,7,0,253,1054,5.35e-120,425,100,"non-significant",TRUE
"ASV00069","Atelopuselegans-ns_3",97.628,253,6,0,253,1054,1.26e-121,430,100,"non-significant",TRUE
"ASV00070","Smiliscasila-ns_4",99.605,253,1,0,253,1285,3.85e-128,453,100,"non-significant",TRUE
"ASV00073","Atelopuselegans-ns_3",98.024,253,5,0,253,1054,1.03e-122,434,100,"non-significant",TRUE
"ASV00083","Atelopuslimosus-inhibitory_18",97.628,253,6,0,253,1360,1.26e-121,430,100,"inhibitory",TRUE
"ASV00085","Agalychniscallidryas-ns_10",99.606,254,0,1,253,1369,1.34e-127,451,100,"non-significant",TRUE
"ASV00091","Smiliscasordida-inhibitory_33",100,253,0,0,253,1287,9.05e-130,457,100,"inhibitory",TRUE
"ASV00092","Craugastorcrassidigitus-inhibitory_184",100,253,0,0,253,1320,9.05e-130,457,100,"inhibitory",TRUE
"ASV00093","Craugastorcrassidigitus-inhibitory_176",100,253,0,0,253,1292,9.05e-130,457,100,"inhibitory",TRUE
"ASV00094","Atelopuslimosus-ns_6",97.233,253,7,0,253,1343,5.35e-120,425,100,"non-significant",TRUE
"ASV00096","Atelopuslimosus-inhibitory_18",100,253,0,0,253,1360,9.05e-130,457,100,"inhibitory",TRUE
"ASV00100","Colostethuspanamensis-inhibitory_8",99.605,253,1,0,253,1195,3.85e-128,453,100,"inhibitory",TRUE
"ASV00105","Hemidactylumscutatum-ns_8",98.419,253,4,0,253,1296,2.43e-124,439,100,"non-significant",TRUE
"ASV00112","Atelopuslimosus-enhancing_2",99.606,254,0,1,253,1377,1.34e-127,451,100,"enhancing",TRUE
"ASV00116","Smiliscasila-inhibitory_3",100,253,0,0,253,1362,9.05e-130,457,100,"inhibitory",TRUE
"ASV00129","Agalychniscallidryas-ns_47",98.814,253,3,0,253,1246,1.99e-125,444,100,"non-significant",TRUE
"ASV00131","Hemidactylumscutatum-ns_6",99.605,253,1,0,253,1287,3.85e-128,453,100,"non-significant",TRUE
"ASV00132","Litoriaeucnemis-inhibitory_9",100,253,0,0,253,1348,9.05e-130,457,100,"inhibitory",TRUE
"ASV00134","Craugastorcrassidigitus-inhibitory_152",100,253,0,0,253,1285,9.05e-130,457,100,"inhibitory",TRUE
"ASV00136","Agalychniscallidryas-ns_47",100,253,0,0,253,1246,9.05e-130,457,100,"non-significant",TRUE
"ASV00144","Atelopusaff.limosus-ns_29",99.209,253,2,0,253,1407,4.69e-127,448,100,"non-significant",TRUE
"ASV00148","Colostethuspanamensis-ns_6",100,253,0,0,253,1246,9.05e-130,457,100,"non-significant",TRUE
"ASV00149","Dendrobatesauratus-inhibitory_2",100,253,0,0,253,1238,9.05e-130,457,100,"inhibitory",TRUE
"ASV00157","Allobatestalamancae-inhibitory_4",99.605,253,1,0,253,1232,3.85e-128,453,100,"inhibitory",TRUE
"ASV00160","Espadaranaprosoblepon-ns_74",100,253,0,0,253,1355,9.05e-130,457,100,"non-significant",TRUE
"ASV00173","Silverstoneiaflotator-inhibitory_23",100,253,0,0,253,1185,9.05e-130,457,100,"inhibitory",TRUE
"ASV00178","Agalychniscallidryas-ns_8",99.213,254,1,1,253,1050,1.64e-126,446,100,"non-significant",TRUE
"ASV00184","Litoriarheocola-inhibitory_10",100,253,0,0,253,1385,9.05e-130,457,100,"inhibitory",TRUE
"ASV00195","Hyalinobatrachiumcolymbiphyllum-enhancing_1",99.605,253,1,0,253,1280,3.85e-128,453,100,"enhancing",TRUE
"ASV00197","Atelopuslimosus-ns_1",100,253,0,0,253,1348,9.05e-130,457,100,"non-significant",TRUE
"ASV00198","Atelopuslimosus-ns_1",99.209,253,2,0,253,1348,4.69e-127,448,100,"non-significant",TRUE
"ASV00199","Atelopuslimosus-ns_6",97.628,253,6,0,253,1343,1.26e-121,430,100,"non-significant",TRUE
"ASV00205","Smiliscasordida-enhancing_9",98.419,253,4,0,253,1286,2.43e-124,439,100,"enhancing",TRUE
"ASV00209","Hemidactylumscutatum-inhibitory_22",100,253,0,0,253,1406,9.05e-130,457,100,"inhibitory",TRUE
"ASV00212","Atelopuslimosus-ns_8",97.233,253,7,0,253,656,5.35e-120,425,100,"non-significant",TRUE
"ASV00217","Hemidactylumscutatum-ns_8",97.628,253,6,0,253,1296,1.26e-121,430,100,"non-significant",TRUE
"ASV00227","Allobatestalamancae-ns_3",97.628,253,6,0,253,1224,1.26e-121,430,100,"non-significant",TRUE
"ASV00231","Agalychniscallidryas-ns_47",97.628,253,6,0,253,1246,1.26e-121,430,100,"non-significant",TRUE
"ASV00233","Espadaranaprosoblepon-ns_4",100,253,0,0,253,1331,9.05e-130,457,100,"non-significant",TRUE
"ASV00235","Atelopuslimosus-inhibitory_65",100,253,0,0,253,1401,9.05e-130,457,100,"inhibitory",TRUE
"ASV00237","Bufotyphonius-inhibitory_17",98.024,253,5,0,253,1197,1.03e-122,434,100,"inhibitory",TRUE
"ASV00238","Atelopuselegans-ns_3",97.628,253,6,0,253,1054,1.26e-121,430,100,"non-significant",TRUE
"ASV00240","Colostethuspanamensis-inhibitory_8",99.605,253,1,0,253,1195,3.85e-128,453,100,"inhibitory",TRUE
"ASV00250","Atelopuslimosus-enhancing_3",100,253,0,0,253,1400,9.05e-130,457,100,"enhancing",TRUE
"ASV00261","Smiliscasila-inhibitory_6",100,253,0,0,253,1262,9.05e-130,457,100,"inhibitory",TRUE
"ASV00266","Atelopuslimosus-inhibitory_18",98.024,253,5,0,253,1360,1.03e-122,434,100,"inhibitory",TRUE
"ASV00273","Silverstoneiaflotator-ns_1",98.814,253,3,0,253,1273,1.99e-125,444,100,"non-significant",TRUE
"ASV00286","Craugastorcrassidigitus-ns_19",98.419,253,4,0,253,1249,2.43e-124,439,100,"non-significant",TRUE
"ASV00288","Dendrobatesauratus-inhibitory_5",100,253,0,0,253,1245,9.05e-130,457,100,"inhibitory",TRUE
"ASV00301","Atelopuslimosus-inhibitory_18",97.233,253,7,0,253,1360,5.35e-120,425,100,"inhibitory",TRUE
"ASV00302","Hemidactylumscutatum-ns_14",98.024,253,4,1,253,1347,1.26e-121,431,100,"non-significant",TRUE
"ASV00311","Atelopuslimosus-enhancing_2",98.031,254,4,1,253,1377,3.61e-122,433,100,"enhancing",TRUE
"ASV00325","Atelopuslimosus-inhibitory_34",98.814,253,3,0,253,1349,1.99e-125,444,100,"inhibitory",TRUE
"ASV00340","Atelopuselegans-ns_3",98.024,253,5,0,253,1054,1.03e-122,434,100,"non-significant",TRUE
"ASV00342","Litoriaserrata-inhibitory_32",97.628,253,6,0,253,1372,1.26e-121,430,100,"inhibitory",TRUE
"ASV00347","Atelopuslimosus-inhibitory_27",100,253,0,0,253,1389,9.05e-130,457,100,"inhibitory",TRUE
"ASV00358","Espadaranaprosoblepon-ns_87",100,253,0,0,253,1239,9.05e-130,457,100,"non-significant",TRUE
"ASV00367","Smiliscasila-inhibitory_12",100,253,0,0,253,1286,9.05e-130,457,100,"inhibitory",TRUE
"ASV00374","Atelopuslimosus-inhibitory_18",98.024,253,5,0,253,1360,1.03e-122,434,100,"inhibitory",TRUE
"ASV00380","Dendrobatesauratus-inhibitory_16",100,253,0,0,253,1276,9.05e-130,457,100,"inhibitory",TRUE
"ASV00382","Atelopuslimosus-inhibitory_70",99.605,253,0,1,252,1405,4.67e-127,449,100,"inhibitory",TRUE
"ASV00384","Atelopusspurrelli-inhibitory_9",100,253,0,0,253,1412,9.05e-130,457,100,"inhibitory",TRUE
"ASV00393","Atelopuselegans-ns_3",97.233,253,7,0,253,1054,5.35e-120,425,100,"non-significant",TRUE
"ASV00398","Atelopuslimosus-inhibitory_67",100,253,0,0,253,1344,9.05e-130,457,100,"inhibitory",TRUE
"ASV00400","Atelopuselegans-ns_3",98.419,253,4,0,253,1054,2.43e-124,439,100,"non-significant",TRUE
"ASV00412","Atelopuslimosus-enhancing_2",98.031,254,4,1,253,1377,3.61e-122,433,100,"enhancing",TRUE
"ASV00423","Smiliscasordida-inhibitory_19",100,253,0,0,253,1290,9.05e-130,457,100,"inhibitory",TRUE
"ASV00424","Craugastorcrassidigitus-inhibitory_153",100,253,0,0,253,1282,9.05e-130,457,100,"inhibitory",TRUE
"ASV00437","Craugastorcrassidigitus-ns_19",100,253,0,0,253,1249,9.05e-130,457,100,"non-significant",TRUE
"ASV00440","Craugastorcrassidigitus-inhibitory_167",98.419,253,4,0,253,1281,2.43e-124,439,100,"inhibitory",TRUE
"ASV00442","Strabomantisbufoniformis-inhibitory_1",100,253,0,0,253,1159,9.05e-130,457,100,"inhibitory",TRUE
"ASV00444","Silverstoneiaflotator-ns_1",100,253,0,0,253,1273,9.05e-130,457,100,"non-significant",TRUE
"ASV00463","Smiliscasila-inhibitory_4",99.605,253,1,0,253,1291,3.85e-128,453,100,"inhibitory",TRUE
"ASV00467","Colostethuspanamensis-ns_4",100,253,0,0,253,1281,9.05e-130,457,100,"non-significant",TRUE
"ASV00470","Silverstoneiaflotator-inhibitory_41",99.209,253,2,0,253,1244,4.69e-127,448,100,"inhibitory",TRUE
"ASV00473","Atelopuslimosus-ns_1",98.814,253,3,0,253,1348,1.99e-125,444,100,"non-significant",TRUE
"ASV00474","Litoriarheocola-inhibitory_25",100,253,0,0,253,861,9.05e-130,457,100,"inhibitory",TRUE
"ASV00478","Hyalinobatrachiumcolymbiphyllum-ns_1",100,253,0,0,253,1373,9.05e-130,457,100,"non-significant",TRUE
"ASV00481","Smiliscasordida-ns_14",100,253,0,0,253,1291,9.05e-130,457,100,"non-significant",TRUE
"ASV00486","Ranamuscosa-inhibitory_93",100,253,0,0,253,1396,9.05e-130,457,100,"inhibitory",TRUE
"ASV00503","Craugastorcrassidigitus-inhibitory_142",99.194,248,2,0,253,1324,2.43e-124,439,98,"inhibitory",TRUE
"ASV00510","Ranamuscosa-inhibitory_63",100,253,0,0,253,1381,9.05e-130,457,100,"inhibitory",TRUE
"ASV00511","Smiliscasordida-enhancing_9",100,253,0,0,253,1286,9.05e-130,457,100,"enhancing",TRUE
"ASV00513","Silverstoneiaflotator-ns_1",99.209,253,2,0,253,1273,4.69e-127,448,100,"non-significant",TRUE
"ASV00523","Silverstoneiaflotator-inhibitory_23",99.605,253,1,0,253,1185,3.85e-128,453,100,"inhibitory",TRUE
"ASV00533","Silverstoneiaflotator-inhibitory_41",98.419,253,4,0,253,1244,2.43e-124,439,100,"inhibitory",TRUE
"ASV00540","Litoriarheocola-inhibitory_25",98.419,253,4,0,253,861,2.43e-124,439,100,"inhibitory",TRUE
"ASV00549","Espadaranaprosoblepon-ns_22",100,253,0,0,253,1379,9.05e-130,457,100,"non-significant",TRUE
"ASV00552","Strabomantisbufoniformis-inhibitory_2",100,253,0,0,253,1234,9.05e-130,457,100,"inhibitory",TRUE
"ASV00560","Smiliscasordida-inhibitory_34",100,253,0,0,253,1241,9.05e-130,457,100,"inhibitory",TRUE
"ASV00565","Strabomantisbufoniformis-inhibitory_7",98.814,253,3,0,253,1266,1.99e-125,444,100,"inhibitory",TRUE
"ASV00566","Atelopuslimosus-ns_6",97.233,253,7,0,253,1343,5.35e-120,425,100,"non-significant",TRUE
"ASV00592","Smiliscasordida-inhibitory_44",97.628,253,5,1,253,1285,1.53e-120,426,100,"inhibitory",TRUE
"ASV00599","Atelopuselegans-ns_3",97.628,253,6,0,253,1054,1.26e-121,430,100,"non-significant",TRUE
"ASV00601","Hyalinobatrachiumcolymbiphyllum-ns_1",99.605,253,1,0,253,1373,3.85e-128,453,100,"non-significant",TRUE
"ASV00604","Smiliscasordida-inhibitory_11",99.209,253,2,0,253,1250,4.69e-127,448,100,"inhibitory",TRUE
"ASV00608","Strabomantisbufoniformis-inhibitory_2",99.209,253,2,0,253,1234,4.69e-127,448,100,"inhibitory",TRUE
"ASV00626","Litoriaserrata-inhibitory_32",97.233,253,7,0,253,1372,5.35e-120,425,100,"inhibitory",TRUE
"ASV00628","Atelopuslimosus-inhibitory_34",98.024,253,5,0,253,1349,1.03e-122,434,100,"inhibitory",TRUE
"ASV00638","Atelopuslimosus-enhancing_2",98.031,254,4,1,253,1377,3.61e-122,433,100,"enhancing",TRUE
"ASV00640","Litoriaserrata-inhibitory_32",98.024,253,5,0,253,1372,1.03e-122,434,100,"inhibitory",TRUE
"ASV00641","Silverstoneiaflotator-ns_1",98.024,253,5,0,253,1273,1.03e-122,434,100,"non-significant",TRUE
"ASV00643","Silverstoneiaflotator-inhibitory_41",99.605,253,1,0,253,1244,3.85e-128,453,100,"inhibitory",TRUE
"ASV00651","Atelopuslimosus-inhibitory_18",97.628,253,6,0,253,1360,1.26e-121,430,100,"inhibitory",TRUE
"ASV00659","Hemidactylumscutatum-ns_8",98.419,253,4,0,253,1296,2.43e-124,439,100,"non-significant",TRUE
"ASV00663","Strabomantisbufoniformis-ns_4",97.628,253,6,0,253,1261,1.26e-121,430,100,"non-significant",TRUE
"ASV00681","Atelopuselegans-ns_3",100,253,0,0,253,1054,9.05e-130,457,100,"non-significant",TRUE
"ASV00687","Silverstoneiaflotator-ns_1",97.628,253,6,0,253,1273,1.26e-121,430,100,"non-significant",TRUE
"ASV00693","Atelopuselegans-ns_3",97.628,253,6,0,253,1054,1.26e-121,430,100,"non-significant",TRUE
"ASV00699","Craugastorcrassidigitus-inhibitory_167",100,253,0,0,253,1281,9.05e-130,457,100,"inhibitory",TRUE
"ASV00701","Hemidactylumscutatum-ns_14",99.605,253,0,1,253,1347,4.69e-127,449,100,"non-significant",TRUE
"ASV00704","Hemidactylumscutatum-inhibitory_12",97.233,253,7,0,253,848,5.35e-120,425,100,"inhibitory",TRUE
"ASV00707","Plethodoncinereus-ns_13",100,253,0,0,253,1366,9.05e-130,457,100,"non-significant",TRUE
"ASV00711","Atelopuselegans-ns_3",99.605,253,1,0,253,1054,3.85e-128,453,100,"non-significant",TRUE
"ASV00717","Atelopuselegans-ns_3",97.628,253,6,0,253,1054,1.26e-121,430,100,"non-significant",TRUE
"ASV00724","Plethodoncinereus-ns_13",99.209,253,2,0,253,1366,4.69e-127,448,100,"non-significant",TRUE
"ASV00725","Allobatestalamancae-inhibitory_8",99.603,252,1,0,252,1206,1.34e-127,451,100,"inhibitory",TRUE
"ASV00738","Litoriaserrata-inhibitory_32",97.628,253,6,0,253,1372,1.26e-121,430,100,"inhibitory",TRUE
"ASV00744","Craugastorcrassidigitus-inhibitory_105",99.209,253,2,0,253,879,4.69e-127,448,100,"inhibitory",TRUE
"ASV00764","Atelopuslimosus-ns_1",98.024,253,5,0,253,1348,1.03e-122,434,100,"non-significant",TRUE
"ASV00778","Litorianannotis-ns_1",97.233,253,7,0,253,1333,5.35e-120,425,100,"non-significant",TRUE
"ASV00780","Atelopuslimosus-inhibitory_34",99.209,253,2,0,253,1349,4.69e-127,448,100,"inhibitory",TRUE
"ASV00783","Smiliscasordida-ns_10",100,253,0,0,253,1287,9.05e-130,457,100,"non-significant",TRUE
"ASV00784","Atelopuslimosus-ns_8",98.814,253,3,0,253,656,1.99e-125,444,100,"non-significant",TRUE
"ASV00788","Agalychniscallidryas-ns_47",97.233,253,7,0,253,1246,5.35e-120,425,100,"non-significant",TRUE
"ASV00795","Silverstoneiaflotator-ns_1",97.233,253,7,0,253,1273,5.35e-120,425,100,"non-significant",TRUE
"ASV00805","Ranamuscosa-inhibitory_83",97.628,253,6,0,253,1379,1.26e-121,430,100,"inhibitory",TRUE
"ASV00817","Leiopelmaarcheyi-ns_13",100,253,0,0,253,1353,9.05e-130,457,100,"non-significant",TRUE
"ASV00826","Atelopuslimosus-ns_8",97.628,253,6,0,253,656,1.26e-121,430,100,"non-significant",TRUE
"ASV00833","Atelopuslimosus-inhibitory_18",98.419,253,4,0,253,1360,2.43e-124,439,100,"inhibitory",TRUE
"ASV00837","Agalychniscallidryas-ns_47",97.233,253,7,0,253,1246,5.35e-120,425,100,"non-significant",TRUE
"ASV00840","Smiliscasordida-inhibitory_3",98.425,254,4,0,254,1271,6.99e-125,441,100,"inhibitory",TRUE
"ASV00841","Colostethuspanamensis-enhancing_1",100,252,0,0,252,1265,3.15e-129,455,100,"enhancing",TRUE
"ASV00846","Hemidactylumscutatum-ns_6",99.209,253,2,0,253,1287,4.69e-127,448,100,"non-significant",TRUE
"ASV00849","Espadaranaprosoblepon-inhibitory_27",100,253,0,0,253,1390,9.05e-130,457,100,"inhibitory",TRUE
"ASV00853","Smiliscasordida-ns_9",98.024,253,5,0,253,1286,1.03e-122,434,100,"non-significant",TRUE
"ASV00866","Atelopuslimosus-ns_6",98.024,253,5,0,253,1343,1.03e-122,434,100,"non-significant",TRUE
"ASV00901","Espadaranaprosoblepon-ns_30",98.419,253,4,0,253,1290,2.43e-124,439,100,"non-significant",TRUE
"ASV00909","Atelopuslimosus-inhibitory_18",98.419,253,4,0,253,1360,2.43e-124,439,100,"inhibitory",TRUE
"ASV00915","Smiliscasordida-inhibitory_11",98.024,253,5,0,253,1250,1.03e-122,434,100,"inhibitory",TRUE
"ASV00921","Litoriaserrata-inhibitory_32",97.233,253,7,0,253,1372,5.35e-120,425,100,"inhibitory",TRUE
"ASV00926","Atelopuslimosus-enhancing_2",98.819,254,2,1,253,1377,6.96e-125,442,100,"enhancing",TRUE
"ASV00928","Smiliscasordida-inhibitory_3",99.213,254,2,0,254,1271,1.35e-127,450,100,"inhibitory",TRUE
"ASV00932","Atelopuselegans-ns_3",97.233,253,7,0,253,1054,5.35e-120,425,100,"non-significant",TRUE
"ASV00933","Atelopuslimosus-enhancing_2",98.425,254,3,1,253,1377,8.48e-124,437,100,"enhancing",TRUE
"ASV00939","Atelopuslimosus-inhibitory_64",99.209,253,2,0,253,682,4.69e-127,448,100,"inhibitory",TRUE
"ASV00949","Litorianannotis-inhibitory_55",100,253,0,0,253,1406,9.05e-130,457,100,"inhibitory",TRUE
"ASV00959","Atelopuslimosus-ns_8",98.024,253,5,0,253,656,1.03e-122,434,100,"non-significant",TRUE
"ASV00978","Silverstoneiaflotator-inhibitory_4",98.419,253,4,0,253,1373,2.43e-124,439,100,"inhibitory",TRUE
"ASV01003","Bufotyphonius-inhibitory_22",100,253,0,0,253,1214,9.05e-130,457,100,"inhibitory",TRUE
"ASV01022","Agalychniscallidryas-ns_47",97.628,253,6,0,253,1246,1.26e-121,430,100,"non-significant",TRUE
"ASV01024","Litoriaserrata-inhibitory_39",100,253,0,0,253,1399,9.05e-130,457,100,"inhibitory",TRUE
"ASV01027","Atelopuslimosus-inhibitory_34",100,253,0,0,253,1349,9.05e-130,457,100,"inhibitory",TRUE
"ASV01039","Dendrobatesauratus-inhibitory_23",100,253,0,0,253,1296,9.05e-130,457,100,"inhibitory",TRUE
"ASV01043","Smiliscasordida-inhibitory_3",98.425,254,4,0,254,1271,6.99e-125,441,100,"inhibitory",TRUE
"ASV01053","Plethodoncinereus-ns_13",97.233,253,7,0,253,1366,5.35e-120,425,100,"non-significant",TRUE
"ASV01054","Dendrobatesauratus-inhibitory_19",100,253,0,0,253,1339,9.05e-130,457,100,"inhibitory",TRUE
"ASV01060","Smiliscasordida-inhibitory_3",99.213,254,2,0,254,1271,1.35e-127,450,100,"inhibitory",TRUE
"ASV01064","Allobatestalamancae-inhibitory_4",97.233,253,7,0,253,1232,5.35e-120,425,100,"inhibitory",TRUE
"ASV01079","Allobatestalamancae-inhibitory_4",100,253,0,0,253,1232,9.05e-130,457,100,"inhibitory",TRUE
"ASV01081","Atelopuslimosus-inhibitory_18",97.233,253,7,0,253,1360,5.35e-120,425,100,"inhibitory",TRUE
"ASV01083","Dendrobatesauratus-ns_2",100,253,0,0,253,1180,9.05e-130,457,100,"non-significant",TRUE
"ASV01089","Smiliscasordida-inhibitory_15",98.024,253,5,0,253,1277,1.03e-122,434,100,"inhibitory",TRUE
"ASV01090","Atelopuslimosus-inhibitory_67",99.209,253,2,0,253,1344,4.69e-127,448,100,"inhibitory",TRUE
"ASV01100","Agalychniscallidryas-ns_41",98.419,253,4,0,253,1357,2.43e-124,439,100,"non-significant",TRUE
"ASV01105","Espadaranaprosoblepon-ns_3",98.814,253,3,0,253,1414,1.99e-125,444,100,"non-significant",TRUE
"ASV01110","Litoriaserrata-inhibitory_32",100,253,0,0,253,1372,9.05e-130,457,100,"inhibitory",TRUE
"ASV01123","Silverstoneiaflotator-inhibitory_22",98.024,253,5,0,253,1211,1.03e-122,434,100,"inhibitory",TRUE
"ASV01124","Agalychniscallidryas-ns_46",98.824,255,0,3,253,1438,2.96e-123,436,100,"non-significant",TRUE
"ASV01140","Atelopuselegans-ns_3",97.233,253,7,0,253,1054,5.35e-120,425,100,"non-significant",TRUE
"ASV01149","Silverstoneiaflotator-inhibitory_29",100,253,0,0,253,1255,9.05e-130,457,100,"inhibitory",TRUE
"ASV01156","Allobatestalamancae-inhibitory_8",100,252,0,0,252,1206,3.15e-129,455,100,"inhibitory",TRUE
"ASV01160","Silverstoneiaflotator-ns_1",99.209,253,2,0,253,1273,4.69e-127,448,100,"non-significant",TRUE
"ASV01169","Plethodoncinereus-ns_13",99.605,253,1,0,253,1366,3.85e-128,453,100,"non-significant",TRUE
"ASV01172","Atelopuslimosus-ns_8",98.024,253,5,0,253,656,1.03e-122,434,100,"non-significant",TRUE
"ASV01182","Silverstoneiaflotator-inhibitory_36",100,253,0,0,253,1280,9.05e-130,457,100,"inhibitory",TRUE
"ASV01184","Allobatestalamancae-ns_3",97.628,253,6,0,253,1224,1.26e-121,430,100,"non-significant",TRUE
"ASV01204","Atelopuslimosus-ns_7",98.814,253,3,0,253,1351,1.99e-125,444,100,"non-significant",TRUE
"ASV01209","Atelopusspurrelli-ns_3",100,253,0,0,253,1400,9.05e-130,457,100,"non-significant",TRUE
"ASV01211","Craugastorcrassidigitus-ns_21",100,253,0,0,253,1227,9.05e-130,457,100,"non-significant",TRUE
"ASV01229","Agalychniscallidryas-ns_46",98.039,255,2,3,253,1438,1.53e-120,427,100,"non-significant",TRUE
"ASV01230","Espadaranaprosoblepon-ns_15",100,253,0,0,253,1360,9.05e-130,457,100,"non-significant",TRUE
"ASV01233","Agalychniscallidryas-inhibitory_14",99.206,252,2,0,252,1450,1.63e-126,446,100,"inhibitory",TRUE
"ASV01249","Craugastorcrassidigitus-ns_6",97.244,254,6,1,253,1315,1.87e-119,424,100,"non-significant",TRUE
"ASV01251","Atelopuselegans-ns_3",97.233,253,7,0,253,1054,5.35e-120,425,100,"non-significant",TRUE
"ASV01285","Hemidactylumscutatum-ns_3",99.209,253,2,0,253,1370,4.69e-127,448,100,"non-significant",TRUE
"ASV01294","Espadaranaprosoblepon-ns_3",100,253,0,0,253,1414,9.05e-130,457,100,"non-significant",TRUE
"ASV01297","Craugastorcrassidigitus-ns_6",99.606,254,0,1,253,1315,1.34e-127,451,100,"non-significant",TRUE
"ASV01310","Silverstoneiaflotator-inhibitory_4",100,253,0,0,253,1373,9.05e-130,457,100,"inhibitory",TRUE
"ASV01321","Agalychniscallidryas-ns_8",99.213,254,1,1,253,1050,1.64e-126,446,100,"non-significant",TRUE
"ASV01325","Atelopuslimosus-ns_1",98.814,253,3,0,253,1348,1.99e-125,444,100,"non-significant",TRUE
"ASV01328","Atelopuselegans-ns_3",98.024,253,5,0,253,1054,1.03e-122,434,100,"non-significant",TRUE
"ASV01333","Agalychniscallidryas-ns_47",97.628,253,6,0,253,1246,1.26e-121,430,100,"non-significant",TRUE
"ASV01335","Silverstoneiaflotator-inhibitory_4",98.814,253,3,0,253,1373,1.99e-125,444,100,"inhibitory",TRUE
"ASV01374","Litoriarheocola-inhibitory_25",98.024,253,5,0,253,861,1.03e-122,434,100,"inhibitory",TRUE
"ASV01378","Ranamuscosa-inhibitory_83",98.419,253,4,0,253,1379,2.43e-124,439,100,"inhibitory",TRUE
"ASV01384","Silverstoneiaflotator-inhibitory_28",99.209,253,2,0,253,1287,4.69e-127,448,100,"inhibitory",TRUE
"ASV01395","Hyalinobatrachiumcolymbiphyllum-inhibitory_17",98.814,253,3,0,253,845,1.99e-125,444,100,"inhibitory",TRUE
"ASV01397","Craugastorcrassidigitus-inhibitory_143",98.419,253,4,0,253,1262,2.43e-124,439,100,"inhibitory",TRUE
"ASV01406","Hemidactylumscutatum-ns_7",97.628,253,6,0,253,1307,1.26e-121,430,100,"non-significant",TRUE
"ASV01414","Atelopuslimosus-ns_8",98.814,253,3,0,253,656,1.99e-125,444,100,"non-significant",TRUE
"ASV01417","Hemidactylumscutatum-ns_4",99.209,253,2,0,253,1370,4.69e-127,448,100,"non-significant",TRUE
"ASV01420","Litorianannotis-ns_1",97.628,253,6,0,253,1333,1.26e-121,430,100,"non-significant",TRUE
"ASV01424","Smiliscasordida-inhibitory_34",97.984,248,5,0,253,1241,5.35e-120,425,98,"inhibitory",TRUE
"ASV01425","Agalychniscallidryas-ns_47",97.233,253,7,0,253,1246,5.35e-120,425,100,"non-significant",TRUE
"ASV01442","Espadaranaprosoblepon-ns_30",98.419,253,4,0,253,1290,2.43e-124,439,100,"non-significant",TRUE
"ASV01446","Smiliscasordida-inhibitory_15",98.419,253,4,0,253,1277,2.43e-124,439,100,"inhibitory",TRUE
"ASV01466","Agalychniscallidryas-ns_9",98.819,254,2,1,253,1421,6.96e-125,442,100,"non-significant",TRUE
"ASV01470","Agalychniscallidryas-ns_8",99.213,254,1,1,253,1050,1.64e-126,446,100,"non-significant",TRUE
"ASV01482","Strabomantisbufoniformis-inhibitory_18",100,253,0,0,253,1285,9.05e-130,457,100,"inhibitory",TRUE
"ASV01486","Espadaranaprosoblepon-ns_22",97.233,253,7,0,253,1379,5.35e-120,425,100,"non-significant",TRUE
"ASV01509","Strabomantisbufoniformis-inhibitory_2",98.024,253,5,0,253,1234,1.03e-122,434,100,"inhibitory",TRUE
"ASV01510","Litoriaserrata-inhibitory_32",98.419,253,4,0,253,1372,2.43e-124,439,100,"inhibitory",TRUE
"ASV01527","Dendrobatesauratus-inhibitory_13",97.233,253,7,0,253,1248,5.35e-120,425,100,"inhibitory",TRUE
"ASV01530","Litoriarheocola-inhibitory_25",97.628,253,6,0,253,861,1.26e-121,430,100,"inhibitory",TRUE
"ASV01548","Agalychniscallidryas-ns_47",98.814,253,3,0,253,1246,1.99e-125,444,100,"non-significant",TRUE
"ASV01552","Ranamuscosa-inhibitory_83",100,253,0,0,253,1379,9.05e-130,457,100,"inhibitory",TRUE
"ASV01557","Agalychniscallidryas-ns_9",99.213,254,1,1,253,1421,1.64e-126,446,100,"non-significant",TRUE
"ASV01563","Ranamuscosa-inhibitory_1",97.233,253,7,0,253,1374,5.35e-120,425,100,"inhibitory",TRUE
"ASV01575","Craugastorcrassidigitus-inhibitory_105",98.814,253,3,0,253,879,1.99e-125,444,100,"inhibitory",TRUE
"ASV01583","Hemidactylumscutatum-ns_8",97.628,253,6,0,253,1296,1.26e-121,430,100,"non-significant",TRUE
"ASV01598","Smiliscasordida-inhibitory_34",99.194,248,2,0,253,1241,2.43e-124,439,98,"inhibitory",TRUE
"ASV01606","Allobatestalamancae-ns_3",98.814,253,3,0,253,1224,1.99e-125,444,100,"non-significant",TRUE
"ASV01608","Atelopuslimosus-inhibitory_34",98.419,253,4,0,253,1349,2.43e-124,439,100,"inhibitory",TRUE
"ASV01609","Hemidactylumscutatum-ns_8",98.024,253,5,0,253,1296,1.03e-122,434,100,"non-significant",TRUE
"ASV01636","Atelopuslimosus-ns_1",99.209,253,2,0,253,1348,4.69e-127,448,100,"non-significant",TRUE
"ASV01649","Dendrobatesauratus-inhibitory_22",99.209,253,2,0,253,1330,4.69e-127,448,100,"inhibitory",TRUE
"ASV01677","Atelopuselegans-ns_3",97.233,253,7,0,253,1054,5.35e-120,425,100,"non-significant",TRUE
"ASV01680","Atelopuslimosus-inhibitory_70",97.233,253,6,1,252,1405,6.49e-119,422,100,"inhibitory",TRUE
"ASV01691","Silverstoneiaflotator-ns_1",98.814,253,3,0,253,1273,1.99e-125,444,100,"non-significant",TRUE
"ASV01721","Colostethuspanamensis-ns_5",100,253,0,0,253,1286,9.05e-130,457,100,"non-significant",TRUE
"ASV01731","Agalychniscallidryas-ns_47",98.024,253,5,0,253,1246,1.03e-122,434,100,"non-significant",TRUE
"ASV01741","Hemidactylumscutatum-ns_3",97.233,253,7,0,253,1370,5.35e-120,425,100,"non-significant",TRUE
"ASV01780","Silverstoneiaflotator-inhibitory_5",98.814,253,3,0,253,1379,1.99e-125,444,100,"inhibitory",TRUE
"ASV01788","Litoriaserrata-inhibitory_32",98.419,253,4,0,253,1372,2.43e-124,439,100,"inhibitory",TRUE
"ASV01804","Colostethuspanamensis-inhibitory_8",99.209,253,2,0,253,1195,4.69e-127,448,100,"inhibitory",TRUE
"ASV01805","Hemidactylumscutatum-ns_7",98.024,253,5,0,253,1307,1.03e-122,434,100,"non-significant",TRUE
"ASV01815","Espadaranaprosoblepon-ns_30",98.024,253,5,0,253,1290,1.03e-122,434,100,"non-significant",TRUE
"ASV01828","Smiliscasordida-inhibitory_15",98.024,253,5,0,253,1277,1.03e-122,434,100,"inhibitory",TRUE
"ASV01843","Bufotyphonius-inhibitory_22",97.628,253,6,0,253,1214,1.26e-121,430,100,"inhibitory",TRUE
"ASV01846","Litorianannotis-ns_1",98.024,253,5,0,253,1333,1.03e-122,434,100,"non-significant",TRUE
"ASV01871","Craugastorcrassidigitus-inhibitory_173",98.814,253,3,0,253,1274,1.99e-125,444,100,"inhibitory",TRUE
"ASV01885","Agalychniscallidryas-ns_41",98.024,253,5,0,253,1357,1.03e-122,434,100,"non-significant",TRUE
"ASV01898","Silverstoneiaflotator-inhibitory_5",100,253,0,0,253,1379,9.05e-130,457,100,"inhibitory",TRUE
"ASV01904","Dendrobatesauratus-inhibitory_22",100,253,0,0,253,1330,9.05e-130,457,100,"inhibitory",TRUE
"ASV01918","Strabomantisbufoniformis-inhibitory_9",100,253,0,0,253,1298,9.05e-130,457,100,"inhibitory",TRUE
"ASV01924","Craugastorcrassidigitus-inhibitory_43",100,253,0,0,253,1390,9.05e-130,457,100,"inhibitory",TRUE
"ASV01934","Agalychniscallidryas-ns_9",98.425,254,3,1,253,1421,8.48e-124,437,100,"non-significant",TRUE
"ASV01935","Atelopuslimosus-ns_6",97.233,253,7,0,253,1343,5.35e-120,425,100,"non-significant",TRUE
"ASV01941","Strabomantisbufoniformis-ns_4",98.419,253,4,0,253,1261,2.43e-124,439,100,"non-significant",TRUE
"ASV01951","Dendrobatesauratus-inhibitory_13",100,253,0,0,253,1248,9.05e-130,457,100,"inhibitory",TRUE
"ASV01965","Bufotyphonius-inhibitory_12",100,253,0,0,253,1240,9.05e-130,457,100,"inhibitory",TRUE
"ASV01968","Agalychniscallidryas-ns_14",99.209,253,2,0,253,1421,4.69e-127,448,100,"non-significant",TRUE
"ASV01977","Strabomantisbufoniformis-inhibitory_1",99.209,253,2,0,253,1159,4.69e-127,448,100,"inhibitory",TRUE
"ASV01985","Hemidactylumscutatum-ns_3",97.233,253,7,0,253,1370,5.35e-120,425,100,"non-significant",TRUE
"ASV02012","Hemidactylumscutatum-inhibitory_12",98.024,253,5,0,253,848,1.03e-122,434,100,"inhibitory",TRUE
"ASV02022","Agalychniscallidryas-ns_25",98.031,254,4,1,253,1387,3.61e-122,433,100,"non-significant",TRUE
"ASV02023","Agalychniscallidryas-ns_9",98.425,254,3,1,253,1421,8.48e-124,437,100,"non-significant",TRUE
"ASV02029","Allobatestalamancae-ns_3",98.024,253,5,0,253,1224,1.03e-122,434,100,"non-significant",TRUE
"ASV02057","Allobatestalamancae-inhibitory_8",99.603,252,1,0,252,1206,1.34e-127,451,100,"inhibitory",TRUE
"ASV02071","Agalychniscallidryas-ns_25",97.244,254,6,1,253,1387,1.87e-119,424,100,"non-significant",TRUE
"ASV02076","Ranamuscosa-inhibitory_1",100,253,0,0,253,1374,9.05e-130,457,100,"inhibitory",TRUE
"ASV02077","Allobatestalamancae-ns_3",98.419,253,4,0,253,1224,2.43e-124,439,100,"non-significant",TRUE
"ASV02098","Silverstoneiaflotator-inhibitory_51",100,253,0,0,253,1244,9.05e-130,457,100,"inhibitory",TRUE
"ASV02105","Dendrobatesauratus-inhibitory_16",99.605,253,1,0,253,1276,3.85e-128,453,100,"inhibitory",TRUE
"ASV02107","Craugastorcrassidigitus-inhibitory_143",100,253,0,0,253,1262,9.05e-130,457,100,"inhibitory",TRUE
"ASV02136","Strabomantisbufoniformis-inhibitory_2",98.419,253,4,0,253,1234,2.43e-124,439,100,"inhibitory",TRUE
"ASV02147","Hemidactylumscutatum-ns_6",98.419,253,4,0,253,1287,2.43e-124,439,100,"non-significant",TRUE
"ASV02151","Dendrobatesauratus-inhibitory_21",100,253,0,0,253,1354,9.05e-130,457,100,"inhibitory",TRUE
"ASV02160","Silverstoneiaflotator-ns_1",98.024,253,5,0,253,1273,1.03e-122,434,100,"non-significant",TRUE
"ASV02164","Dendrobatesauratus-inhibitory_13",99.605,253,1,0,253,1248,3.85e-128,453,100,"inhibitory",TRUE
"ASV02167","Hemidactylumscutatum-inhibitory_12",99.605,253,1,0,253,848,3.85e-128,453,100,"inhibitory",TRUE
"ASV02168","Atelopuslimosus-inhibitory_18",97.628,253,6,0,253,1360,1.26e-121,430,100,"inhibitory",TRUE
"ASV02172","Hemidactylumscutatum-ns_6",100,253,0,0,253,1287,9.05e-130,457,100,"non-significant",TRUE
"ASV02181","Atelopuselegans-ns_14",100,253,0,0,253,1400,9.05e-130,457,100,"non-significant",TRUE
"ASV02190","Atelopuslimosus-inhibitory_54",99.605,253,1,0,253,1400,3.85e-128,453,100,"inhibitory",TRUE
"ASV02195","Atelopuslimosus-ns_6",98.024,253,5,0,253,1343,1.03e-122,434,100,"non-significant",TRUE
"ASV02202","Silverstoneiaflotator-ns_1",97.628,253,6,0,253,1273,1.26e-121,430,100,"non-significant",TRUE
"ASV02234","Smiliscasordida-inhibitory_11",98.419,253,4,0,253,1250,2.43e-124,439,100,"inhibitory",TRUE
"ASV02254","Hemidactylumscutatum-inhibitory_12",100,253,0,0,253,848,9.05e-130,457,100,"inhibitory",TRUE
"ASV02255","Silverstoneiaflotator-ns_1",99.209,253,2,0,253,1273,4.69e-127,448,100,"non-significant",TRUE
"ASV02270","Atelopuselegans-ns_3",98.024,253,5,0,253,1054,1.03e-122,434,100,"non-significant",TRUE
"ASV02275","Atelopuslimosus-ns_6",98.814,253,3,0,253,1343,1.99e-125,444,100,"non-significant",TRUE
"ASV02276","Agalychniscallidryas-ns_41",99.209,253,2,0,253,1357,4.69e-127,448,100,"non-significant",TRUE
"ASV02292","Silverstoneiaflotator-ns_1",97.233,253,7,0,253,1273,5.35e-120,425,100,"non-significant",TRUE
"ASV02303","Litorianannotis-ns_1",97.233,253,7,0,253,1333,5.35e-120,425,100,"non-significant",TRUE
"ASV02304","Dendrobatesauratus-ns_2",98.024,253,5,0,253,1180,1.03e-122,434,100,"non-significant",TRUE
"ASV02333","Hemidactylumscutatum-ns_3",98.024,253,5,0,253,1370,1.03e-122,434,100,"non-significant",TRUE
"ASV02352","Litoriarheocola-inhibitory_25",99.209,253,2,0,253,861,4.69e-127,448,100,"inhibitory",TRUE
"ASV02375","Silverstoneiaflotator-inhibitory_41",100,253,0,0,253,1244,9.05e-130,457,100,"inhibitory",TRUE
"ASV02384","Atelopuslimosus-ns_1",97.233,253,7,0,253,1348,5.35e-120,425,100,"non-significant",TRUE
"ASV02385","Strabomantisbufoniformis-inhibitory_2",99.605,253,1,0,253,1234,3.85e-128,453,100,"inhibitory",TRUE
"ASV02386","Agalychniscallidryas-ns_8",99.213,254,1,1,253,1050,1.64e-126,446,100,"non-significant",TRUE
"ASV02395","Atelopuslimosus-ns_7",98.814,253,3,0,253,1351,1.99e-125,444,100,"non-significant",TRUE
"ASV02430","Plethodoncinereus-inhibitory_10",97.233,253,7,0,253,1350,5.35e-120,425,100,"inhibitory",TRUE
"ASV02448","Litoriarheocola-inhibitory_25",97.233,253,7,0,253,861,5.35e-120,425,100,"inhibitory",TRUE
"ASV02453","Craugastorcrassidigitus-inhibitory_182",100,253,0,0,253,1195,9.05e-130,457,100,"inhibitory",TRUE
"ASV02462","Agalychniscallidryas-ns_47",97.628,253,6,0,253,1246,1.26e-121,430,100,"non-significant",TRUE
"ASV02484","Silverstoneiaflotator-ns_4",99.605,253,0,1,253,444,4.69e-127,449,100,"non-significant",TRUE
"ASV02496","Hemidactylumscutatum-inhibitory_1",97.233,253,7,0,253,1369,5.35e-120,425,100,"inhibitory",TRUE
"ASV02498","Bufotyphonius-inhibitory_9",99.605,253,1,0,253,1248,3.85e-128,453,100,"inhibitory",TRUE
"ASV02500","Ranamuscosa-inhibitory_70",100,253,0,0,253,1390,9.05e-130,457,100,"inhibitory",TRUE
"ASV02525","Atelopuslimosus-ns_8",99.209,253,2,0,253,656,4.69e-127,448,100,"non-significant",TRUE
"ASV02538","Atelopuselegans-ns_3",97.233,253,7,0,253,1054,5.35e-120,425,100,"non-significant",TRUE
"ASV02555","Silverstoneiaflotator-inhibitory_4",97.233,253,7,0,253,1373,5.35e-120,425,100,"inhibitory",TRUE
"ASV02559","Smiliscasordida-inhibitory_15",97.233,253,7,0,253,1277,5.35e-120,425,100,"inhibitory",TRUE
"ASV02564","Smiliscasordida-inhibitory_15",97.628,253,6,0,253,1277,1.26e-121,430,100,"inhibitory",TRUE
"ASV02575","Silverstoneiaflotator-ns_1",98.419,253,4,0,253,1273,2.43e-124,439,100,"non-significant",TRUE
"ASV02580","Hemidactylumscutatum-ns_7",97.628,253,6,0,253,1307,1.26e-121,430,100,"non-significant",TRUE
"ASV02590","Atelopuslimosus-inhibitory_65",98.419,253,4,0,253,1401,2.43e-124,439,100,"inhibitory",TRUE
"ASV02599","Craugastorcrassidigitus-inhibitory_153",97.233,253,7,0,253,1282,5.35e-120,425,100,"inhibitory",TRUE
"ASV02617","Plethodoncinereus-inhibitory_10",99.605,253,1,0,253,1350,3.85e-128,453,100,"inhibitory",TRUE
"ASV02619","Atelopusaff.limosus-inhibitory_11",99.605,253,1,0,253,1384,3.85e-128,453,100,"inhibitory",TRUE
"ASV02635","Atelopuslimosus-inhibitory_54",99.605,253,1,0,253,1400,3.85e-128,453,100,"inhibitory",TRUE
"ASV02652","Atelopuslimosus-enhancing_10",97.628,253,6,0,253,1372,1.26e-121,430,100,"enhancing",TRUE
"ASV02656","Agalychniscallidryas-ns_9",99.606,254,0,1,253,1421,1.34e-127,451,100,"non-significant",TRUE
"ASV02657","Dendrobatesauratus-inhibitory_13",98.419,253,4,0,253,1248,2.43e-124,439,100,"inhibitory",TRUE
"ASV02659","Bufotyphonius-inhibitory_18",99.605,253,1,0,253,1245,3.85e-128,453,100,"inhibitory",TRUE
"ASV02661","Hemidactylumscutatum-inhibitory_15",100,253,0,0,253,1345,9.05e-130,457,100,"inhibitory",TRUE
"ASV02664","Bufotyphonius-inhibitory_22",98.024,253,5,0,253,1214,1.03e-122,434,100,"inhibitory",TRUE
"ASV02668","Atelopuselegans-ns_3",99.209,253,2,0,253,1054,4.69e-127,448,100,"non-significant",TRUE
"ASV02678","Allobatestalamancae-ns_3",97.233,253,7,0,253,1224,5.35e-120,425,100,"non-significant",TRUE
"ASV02689","Leiopelmaarcheyi-ns_20",99.209,253,2,0,253,1356,4.69e-127,448,100,"non-significant",TRUE
"ASV02693","Atelopuselegans-ns_3",97.628,253,6,0,253,1054,1.26e-121,430,100,"non-significant",TRUE
"ASV02702","Espadaranaprosoblepon-ns_30",97.233,253,7,0,253,1290,5.35e-120,425,100,"non-significant",TRUE
"ASV02704","Silverstoneiaflotator-inhibitory_22",97.233,253,7,0,253,1211,5.35e-120,425,100,"inhibitory",TRUE
"ASV02713","Allobatestalamancae-ns_3",98.814,253,3,0,253,1224,1.99e-125,444,100,"non-significant",TRUE
"ASV02716","Atelopuslimosus-inhibitory_18",98.024,253,5,0,253,1360,1.03e-122,434,100,"inhibitory",TRUE
"ASV02720","Silverstoneiaflotator-ns_1",99.209,253,2,0,253,1273,4.69e-127,448,100,"non-significant",TRUE
"ASV02730","Bufotyphonius-inhibitory_22",98.024,253,5,0,253,1214,1.03e-122,434,100,"inhibitory",TRUE
"ASV02740","Litoriaserrata-inhibitory_32",97.628,253,6,0,253,1372,1.26e-121,430,100,"inhibitory",TRUE
"ASV02785","Atelopuslimosus-ns_5",98.419,253,4,0,253,1378,2.43e-124,439,100,"non-significant",TRUE
"ASV02795","Hemidactylumscutatum-ns_7",98.024,253,5,0,253,1307,1.03e-122,434,100,"non-significant",TRUE
"ASV02826","Atelopuslimosus-inhibitory_34",98.814,253,3,0,253,1349,1.99e-125,444,100,"inhibitory",TRUE
"ASV02833","Ranamuscosa-inhibitory_95",100,253,0,0,253,1379,9.05e-130,457,100,"inhibitory",TRUE
"ASV02854","Litorianannotis-ns_1",97.233,253,7,0,253,1333,5.35e-120,425,100,"non-significant",TRUE
"ASV02867","Dendrobatesauratus-inhibitory_13",99.209,253,2,0,253,1248,4.69e-127,448,100,"inhibitory",TRUE
"ASV02868","Atelopuselegans-ns_3",97.628,253,6,0,253,1054,1.26e-121,430,100,"non-significant",TRUE
"ASV02887","Silverstoneiaflotator-inhibitory_28",98.419,253,4,0,253,1287,2.43e-124,439,100,"inhibitory",TRUE
"ASV02906","Agalychniscallidryas-ns_41",98.024,253,5,0,253,1357,1.03e-122,434,100,"non-significant",TRUE
"ASV02923","Craugastorcrassidigitus-inhibitory_165",100,253,0,0,253,1231,9.05e-130,457,100,"inhibitory",TRUE
"ASV02924","Agalychniscallidryas-ns_25",99.606,254,0,1,253,1387,1.34e-127,451,100,"non-significant",TRUE
"ASV02933","Litoriaserrata-inhibitory_7",97.233,253,6,1,253,1406,6.52e-119,422,100,"inhibitory",TRUE
"ASV02938","Atelopuslimosus-enhancing_2",98.425,254,3,1,253,1377,8.48e-124,437,100,"enhancing",TRUE
"ASV02940","Hemidactylumscutatum-ns_2",97.628,253,6,0,253,1375,1.26e-121,430,100,"non-significant",TRUE
"ASV02947","Agalychniscallidryas-ns_47",98.024,253,5,0,253,1246,1.03e-122,434,100,"non-significant",TRUE
"ASV02978","Litoriarheocola-inhibitory_25",98.419,253,4,0,253,861,2.43e-124,439,100,"inhibitory",TRUE
"ASV03009","Plethodoncinereus-ns_8",97.628,253,6,0,253,1374,1.26e-121,430,100,"non-significant",TRUE
"ASV03011","Smiliscasordida-inhibitory_11",97.628,253,6,0,253,1250,1.26e-121,430,100,"inhibitory",TRUE
"ASV03016","Silverstoneiaflotator-ns_1",98.024,253,5,0,253,1273,1.03e-122,434,100,"non-significant",TRUE
"ASV03030","Strabomantisbufoniformis-inhibitory_9",99.209,253,2,0,253,1298,4.69e-127,448,100,"inhibitory",TRUE
"ASV03034","Dendrobatesauratus-inhibitory_13",97.628,253,6,0,253,1248,1.26e-121,430,100,"inhibitory",TRUE
"ASV03049","Hemidactylumscutatum-ns_3",98.814,253,3,0,253,1370,1.99e-125,444,100,"non-significant",TRUE
"ASV03074","Hemidactylumscutatum-ns_8",98.419,253,4,0,253,1296,2.43e-124,439,100,"non-significant",TRUE
"ASV03090","Colostethuspanamensis-ns_6",99.605,253,1,0,253,1246,3.85e-128,453,100,"non-significant",TRUE
"ASV03093","Atelopuslimosus-ns_1",99.605,253,1,0,253,1348,3.85e-128,453,100,"non-significant",TRUE
"ASV03103","Atelopuselegans-ns_3",98.419,253,4,0,253,1054,2.43e-124,439,100,"non-significant",TRUE
"ASV03124","Silverstoneiaflotator-inhibitory_29",99.209,253,2,0,253,1255,4.69e-127,448,100,"inhibitory",TRUE
"ASV03139","Litoriarheocola-inhibitory_25",99.605,253,1,0,253,861,3.85e-128,453,100,"inhibitory",TRUE
"ASV03151","Hemidactylumscutatum-ns_8",100,253,0,0,253,1296,9.05e-130,457,100,"non-significant",TRUE
"ASV03153","Colostethuspanamensis-inhibitory_8",99.209,253,2,0,253,1195,4.69e-127,448,100,"inhibitory",TRUE
"ASV03155","Hemidactylumscutatum-inhibitory_18",100,253,0,0,253,1399,9.05e-130,457,100,"inhibitory",TRUE
"ASV03162","Hemidactylumscutatum-ns_3",97.233,253,7,0,253,1370,5.35e-120,425,100,"non-significant",TRUE
"ASV03165","Hemidactylumscutatum-ns_8",98.419,253,4,0,253,1296,2.43e-124,439,100,"non-significant",TRUE
"ASV03196","Atelopuslimosus-inhibitory_65",97.628,253,6,0,253,1401,1.26e-121,430,100,"inhibitory",TRUE
"ASV03211","Silverstoneiaflotator-inhibitory_22",97.628,253,6,0,253,1211,1.26e-121,430,100,"inhibitory",TRUE
"ASV03212","Silverstoneiaflotator-ns_1",97.628,253,6,0,253,1273,1.26e-121,430,100,"non-significant",TRUE
"ASV03214","Atelopuselegans-ns_3",97.628,253,6,0,253,1054,1.26e-121,430,100,"non-significant",TRUE
"ASV03231","Hemidactylumscutatum-ns_3",98.814,253,3,0,253,1370,1.99e-125,444,100,"non-significant",TRUE
"ASV03242","Dendrobatesauratus-inhibitory_13",97.628,253,6,0,253,1248,1.26e-121,430,100,"inhibitory",TRUE
"ASV03245","Agalychniscallidryas-ns_33",97.628,253,6,0,253,1391,1.26e-121,430,100,"non-significant",TRUE
"ASV03253","Atelopuslimosus-enhancing_2",98.819,254,2,1,253,1377,6.96e-125,442,100,"enhancing",TRUE
"ASV03255","Espadaranaprosoblepon-ns_30",99.209,253,2,0,253,1290,4.69e-127,448,100,"non-significant",TRUE
"ASV03265","Atelopuselegans-ns_3",97.628,253,6,0,253,1054,1.26e-121,430,100,"non-significant",TRUE
"ASV03274","Atelopuselegans-ns_3",97.628,253,6,0,253,1054,1.26e-121,430,100,"non-significant",TRUE
"ASV03287","Agalychniscallidryas-ns_9",99.213,254,1,1,253,1421,1.64e-126,446,100,"non-significant",TRUE
"ASV03306","Plethodoncinereus-inhibitory_3",98.814,253,3,0,253,1375,1.99e-125,444,100,"inhibitory",TRUE
"ASV03307","Atelopuslimosus-ns_6",98.024,253,5,0,253,1343,1.03e-122,434,100,"non-significant",TRUE
"ASV03308","Silverstoneiaflotator-inhibitory_39",99.209,253,2,0,253,1269,4.69e-127,448,100,"inhibitory",TRUE
"ASV03314","Atelopuslimosus-ns_6",98.024,253,5,0,253,1343,1.03e-122,434,100,"non-significant",TRUE
"ASV03330","Atelopuslimosus-ns_8",98.419,253,4,0,253,656,2.43e-124,439,100,"non-significant",TRUE
"ASV03347","Atelopuselegans-ns_3",97.628,253,6,0,253,1054,1.26e-121,430,100,"non-significant",TRUE
"ASV03367","Hemidactylumscutatum-inhibitory_12",99.209,253,2,0,253,848,4.69e-127,448,100,"inhibitory",TRUE
"ASV03369","Strabomantisbufoniformis-ns_4",100,253,0,0,253,1261,9.05e-130,457,100,"non-significant",TRUE
"ASV03387","Atelopuslimosus-inhibitory_34",98.814,253,3,0,253,1349,1.99e-125,444,100,"inhibitory",TRUE
"ASV03399","Hyalinobatrachiumcolymbiphyllum-ns_1",98.814,253,3,0,253,1373,1.99e-125,444,100,"non-significant",TRUE
"ASV03401","Strabomantisbufoniformis-inhibitory_2",98.419,253,4,0,253,1234,2.43e-124,439,100,"inhibitory",TRUE
"ASV03411","Atelopuselegans-ns_3",97.233,253,7,0,253,1054,5.35e-120,425,100,"non-significant",TRUE
"ASV03437","Agalychniscallidryas-ns_47",98.024,253,5,0,253,1246,1.03e-122,434,100,"non-significant",TRUE
"ASV03438","Bufotyphonius-inhibitory_22",98.024,253,5,0,253,1214,1.03e-122,434,100,"inhibitory",TRUE
"ASV03444","Silverstoneiaflotator-inhibitory_41",98.024,253,5,0,253,1244,1.03e-122,434,100,"inhibitory",TRUE
"ASV03462","Hemidactylumscutatum-ns_8",98.024,253,5,0,253,1296,1.03e-122,434,100,"non-significant",TRUE
"ASV03467","Atelopuslimosus-inhibitory_27",99.605,253,1,0,253,1389,3.85e-128,453,100,"inhibitory",TRUE
"ASV03527","Smiliscasila-inhibitory_3",98.419,253,4,0,253,1362,2.43e-124,439,100,"inhibitory",TRUE
"ASV03530","Atelopuslimosus-ns_5",97.628,253,6,0,253,1378,1.26e-121,430,100,"non-significant",TRUE
"ASV03572","Hemidactylumscutatum-ns_3",98.024,253,5,0,253,1370,1.03e-122,434,100,"non-significant",TRUE
"ASV03575","Plethodoncinereus-ns_13",99.209,253,2,0,253,1366,4.69e-127,448,100,"non-significant",TRUE
"ASV03609","Hemidactylumscutatum-ns_8",98.024,253,5,0,253,1296,1.03e-122,434,100,"non-significant",TRUE
"ASV03616","Atelopuselegans-ns_3",97.233,253,7,0,253,1054,5.35e-120,425,100,"non-significant",TRUE
"ASV03627","Allobatestalamancae-ns_3",97.233,253,7,0,253,1224,5.35e-120,425,100,"non-significant",TRUE
"ASV03629","Craugastorcrassidigitus-ns_6",99.213,254,1,1,253,1315,1.64e-126,446,100,"non-significant",TRUE
"ASV03630","Bufotyphonius-inhibitory_17",99.605,253,1,0,253,1197,3.85e-128,453,100,"inhibitory",TRUE
"ASV03644","Hyalinobatrachiumcolymbiphyllum-ns_1",99.209,253,2,0,253,1373,4.69e-127,448,100,"non-significant",TRUE
"ASV03646","Hemidactylumscutatum-ns_6",97.233,253,7,0,253,1287,5.35e-120,425,100,"non-significant",TRUE
"ASV03650","Dendrobatesauratus-inhibitory_13",97.233,253,7,0,253,1248,5.35e-120,425,100,"inhibitory",TRUE
"ASV03680","Plethodoncinereus-inhibitory_10",98.814,253,3,0,253,1350,1.99e-125,444,100,"inhibitory",TRUE
"ASV03687","Silverstoneiaflotator-inhibitory_23",98.814,253,3,0,253,1185,1.99e-125,444,100,"inhibitory",TRUE
"ASV03695","Allobatestalamancae-ns_3",97.628,253,6,0,253,1224,1.26e-121,430,100,"non-significant",TRUE
"ASV03711","Atelopuslimosus-ns_1",98.419,253,4,0,253,1348,2.43e-124,439,100,"non-significant",TRUE
"ASV03718","Silverstoneiaflotator-inhibitory_5",99.209,253,2,0,253,1379,4.69e-127,448,100,"inhibitory",TRUE
"ASV03730","Silverstoneiaflotator-ns_1",98.419,253,4,0,253,1273,2.43e-124,439,100,"non-significant",TRUE
"ASV03746","Hemidactylumscutatum-ns_3",97.233,253,7,0,253,1370,5.35e-120,425,100,"non-significant",TRUE
"ASV03750","Smiliscasordida-inhibitory_15",97.233,253,7,0,253,1277,5.35e-120,425,100,"inhibitory",TRUE
"ASV03753","Hemidactylumscutatum-ns_3",98.814,253,3,0,253,1370,1.99e-125,444,100,"non-significant",TRUE
"ASV03756","Smiliscasordida-inhibitory_15",98.419,253,4,0,253,1277,2.43e-124,439,100,"inhibitory",TRUE
"ASV03810","Craugastorcrassidigitus-ns_19",98.419,253,4,0,253,1249,2.43e-124,439,100,"non-significant",TRUE
"ASV03816","Plethodoncinereus-inhibitory_10",98.024,253,5,0,253,1350,1.03e-122,434,100,"inhibitory",TRUE
"ASV03837","Smiliscasordida-inhibitory_15",97.628,253,6,0,253,1277,1.26e-121,430,100,"inhibitory",TRUE
"ASV03843","Atelopuselegans-ns_3",97.628,253,6,0,253,1054,1.26e-121,430,100,"non-significant",TRUE
"ASV03866","Espadaranaprosoblepon-ns_22",97.233,253,7,0,253,1379,5.35e-120,425,100,"non-significant",TRUE
"ASV03894","Agalychniscallidryas-ns_8",98.819,254,2,1,253,1050,6.96e-125,442,100,"non-significant",TRUE
"ASV03915","Smiliscasordida-inhibitory_15",99.209,253,2,0,253,1277,4.69e-127,448,100,"inhibitory",TRUE
"ASV03917","Agalychniscallidryas-ns_41",98.024,253,5,0,253,1357,1.03e-122,434,100,"non-significant",TRUE
"ASV03922","Colostethuspanamensis-inhibitory_8",99.209,253,2,0,253,1195,4.69e-127,448,100,"inhibitory",TRUE
"ASV03940","Craugastorcrassidigitus-inhibitory_142",98.79,248,3,0,253,1324,1.03e-122,434,98,"inhibitory",TRUE
"ASV03962","Atelopuselegans-ns_3",98.024,253,5,0,253,1054,1.03e-122,434,100,"non-significant",TRUE
"ASV03987","Atelopuslimosus-enhancing_3",99.605,253,1,0,253,1400,3.85e-128,453,100,"enhancing",TRUE
"ASV04020","Bufotyphonius-inhibitory_22",99.605,253,1,0,253,1214,3.85e-128,453,100,"inhibitory",TRUE
"ASV04061","Espadaranaprosoblepon-ns_30",98.024,253,5,0,253,1290,1.03e-122,434,100,"non-significant",TRUE
"ASV04065","Craugastorcrassidigitus-inhibitory_125",97.628,253,6,0,253,1267,1.26e-121,430,100,"inhibitory",TRUE
"ASV04084","Atelopuslimosus-enhancing_2",98.031,254,4,1,253,1377,3.61e-122,433,100,"enhancing",TRUE
"ASV04105","Litoriarheocola-inhibitory_25",98.024,253,5,0,253,861,1.03e-122,434,100,"inhibitory",TRUE
"ASV04108","Atelopuslimosus-inhibitory_65",97.233,253,7,0,253,1401,5.35e-120,425,100,"inhibitory",TRUE
"ASV04116","Smiliscasila-inhibitory_3",98.024,253,5,0,253,1362,1.03e-122,434,100,"inhibitory",TRUE
"ASV04120","Strabomantisbufoniformis-inhibitory_4",100,253,0,0,253,1193,9.05e-130,457,100,"inhibitory",TRUE
"ASV04148","Ranamuscosa-inhibitory_74",98.024,253,5,0,253,1380,1.03e-122,434,100,"inhibitory",TRUE
"ASV04154","Espadaranaprosoblepon-ns_4",97.233,253,7,0,253,1331,5.35e-120,425,100,"non-significant",TRUE
"ASV04156","Litorianannotis-ns_1",97.628,253,6,0,253,1333,1.26e-121,430,100,"non-significant",TRUE
"ASV04158","Atelopuslimosus-enhancing_2",98.031,254,4,1,253,1377,3.61e-122,433,100,"enhancing",TRUE
"ASV04161","Silverstoneiaflotator-ns_1",97.233,253,7,0,253,1273,5.35e-120,425,100,"non-significant",TRUE
"ASV04184","Silverstoneiaflotator-inhibitory_51",99.605,253,1,0,253,1244,3.85e-128,453,100,"inhibitory",TRUE
"ASV04187","Allobatestalamancae-ns_3",99.209,253,2,0,253,1224,4.69e-127,448,100,"non-significant",TRUE
"ASV04188","Agalychniscallidryas-ns_11",97.638,254,5,1,253,1384,4.39e-121,428,100,"non-significant",TRUE
"ASV04204","Silverstoneiaflotator-inhibitory_28",98.814,253,3,0,253,1287,1.99e-125,444,100,"inhibitory",TRUE
"ASV04209","Smiliscasordida-inhibitory_15",98.024,253,5,0,253,1277,1.03e-122,434,100,"inhibitory",TRUE
"ASV04230","Hemidactylumscutatum-ns_3",98.419,253,4,0,253,1370,2.43e-124,439,100,"non-significant",TRUE
"ASV04240","Bufotyphonius-inhibitory_17",99.605,253,1,0,253,1197,3.85e-128,453,100,"inhibitory",TRUE
"ASV04270","Colostethuspanamensis-ns_2",98.419,253,4,0,253,1285,2.43e-124,439,100,"non-significant",TRUE
"ASV04277","Atelopuslimosus-inhibitory_18",98.024,253,5,0,253,1360,1.03e-122,434,100,"inhibitory",TRUE
"ASV04284","Atelopuslimosus-ns_5",98.419,253,4,0,253,1378,2.43e-124,439,100,"non-significant",TRUE
"ASV04332","Strabomantisbufoniformis-inhibitory_2",97.628,253,6,0,253,1234,1.26e-121,430,100,"inhibitory",TRUE
"ASV04377","Hyalinobatrachiumcolymbiphyllum-ns_1",99.605,253,1,0,253,1373,3.85e-128,453,100,"non-significant",TRUE
"ASV04391","Ranamuscosa-inhibitory_49",97.628,253,6,0,253,1407,1.26e-121,430,100,"inhibitory",TRUE
"ASV04398","Strabomantisbufoniformis-inhibitory_2",98.814,253,3,0,253,1234,1.99e-125,444,100,"inhibitory",TRUE
"ASV04454","Agalychniscallidryas-ns_47",97.233,253,7,0,253,1246,5.35e-120,425,100,"non-significant",TRUE
"ASV04456","Silverstoneiaflotator-ns_1",98.419,253,4,0,253,1273,2.43e-124,439,100,"non-significant",TRUE
"ASV04460","Strabomantisbufoniformis-inhibitory_1",98.814,253,3,0,253,1159,1.99e-125,444,100,"inhibitory",TRUE
"ASV04488","Atelopuslimosus-inhibitory_18",99.605,253,1,0,253,1360,3.85e-128,453,100,"inhibitory",TRUE
"ASV04493","Hemidactylumscutatum-ns_8",97.628,253,6,0,253,1296,1.26e-121,430,100,"non-significant",TRUE
"ASV04496","Atelopuslimosus-enhancing_2",97.638,254,5,1,253,1377,4.39e-121,428,100,"enhancing",TRUE
"ASV04499","Atelopuselegans-ns_8",100,253,0,0,253,1415,9.05e-130,457,100,"non-significant",TRUE
"ASV04504","Litoriarheocola-inhibitory_25",97.628,253,6,0,253,861,1.26e-121,430,100,"inhibitory",TRUE
"ASV04509","Colostethuspanamensis-inhibitory_8",99.209,253,2,0,253,1195,4.69e-127,448,100,"inhibitory",TRUE
"ASV04514","Colostethuspanamensis-ns_5",99.605,253,1,0,253,1286,3.85e-128,453,100,"non-significant",TRUE
"ASV04522","Atelopuslimosus-inhibitory_4",98.819,254,2,1,253,1375,6.96e-125,442,100,"inhibitory",TRUE
"ASV04534","Atelopuslimosus-ns_8",100,253,0,0,253,656,9.05e-130,457,100,"non-significant",TRUE
"ASV04559","Allobatestalamancae-ns_3",99.209,253,2,0,253,1224,4.69e-127,448,100,"non-significant",TRUE
"ASV04584","Espadaranaprosoblepon-ns_22",98.419,253,4,0,253,1379,2.43e-124,439,100,"non-significant",TRUE
"ASV04619","Agalychniscallidryas-ns_9",98.031,254,4,1,253,1421,3.61e-122,433,100,"non-significant",TRUE
"ASV04621","Plethodoncinereus-ns_13",98.024,253,5,0,253,1366,1.03e-122,434,100,"non-significant",TRUE
"ASV04626","Espadaranaprosoblepon-ns_42",100,253,0,0,253,931,9.05e-130,457,100,"non-significant",TRUE
"ASV04628","Agalychniscallidryas-ns_47",98.419,253,4,0,253,1246,2.43e-124,439,100,"non-significant",TRUE
"ASV04636","Colostethuspanamensis-inhibitory_8",98.814,253,3,0,253,1195,1.99e-125,444,100,"inhibitory",TRUE
"ASV04637","Silverstoneiaflotator-inhibitory_39",98.419,253,4,0,253,1269,2.43e-124,439,100,"inhibitory",TRUE
"ASV04639","Agalychniscallidryas-ns_11",99.606,254,0,1,253,1384,1.34e-127,451,100,"non-significant",TRUE
"ASV04663","Hemidactylumscutatum-inhibitory_12",99.209,253,2,0,253,848,4.69e-127,448,100,"inhibitory",TRUE
"ASV04670","Atelopuslimosus-ns_1",98.814,253,3,0,253,1348,1.99e-125,444,100,"non-significant",TRUE
"ASV04680","Craugastorcrassidigitus-inhibitory_152",97.628,253,6,0,253,1285,1.26e-121,430,100,"inhibitory",TRUE
"ASV04690","Hemidactylumscutatum-ns_3",98.419,253,4,0,253,1370,2.43e-124,439,100,"non-significant",TRUE
"ASV04696","Craugastorcrassidigitus-inhibitory_87",99.213,254,1,1,253,1265,1.64e-126,446,100,"inhibitory",TRUE
"ASV04724","Colostethuspanamensis-inhibitory_8",99.605,253,1,0,253,1195,3.85e-128,453,100,"inhibitory",TRUE
"ASV04735","Hemidactylumscutatum-ns_7",97.628,253,6,0,253,1307,1.26e-121,430,100,"non-significant",TRUE
"ASV04740","Atelopuselegans-ns_3",97.233,253,7,0,253,1054,5.35e-120,425,100,"non-significant",TRUE
"ASV04741","Silverstoneiaflotator-ns_1",98.024,253,5,0,253,1273,1.03e-122,434,100,"non-significant",TRUE
"ASV04751","Strabomantisbufoniformis-inhibitory_1",97.233,253,7,0,253,1159,5.35e-120,425,100,"inhibitory",TRUE
"ASV04754","Craugastorcrassidigitus-ns_19",97.628,253,6,0,253,1249,1.26e-121,430,100,"non-significant",TRUE
"ASV04756","Smiliscasordida-inhibitory_15",98.814,253,3,0,253,1277,1.99e-125,444,100,"inhibitory",TRUE
"ASV04763","Plethodoncinereus-ns_1",98.024,253,5,0,253,1370,1.03e-122,434,100,"non-significant",TRUE
"ASV04779","Hemidactylumscutatum-ns_8",98.024,253,5,0,253,1296,1.03e-122,434,100,"non-significant",TRUE
"ASV04784","Agalychniscallidryas-ns_47",97.233,253,7,0,253,1246,5.35e-120,425,100,"non-significant",TRUE
"ASV04807","Dendrobatesauratus-inhibitory_13",97.628,253,6,0,253,1248,1.26e-121,430,100,"inhibitory",TRUE
"ASV04831","Atelopuslimosus-inhibitory_20",100,253,0,0,253,1372,9.05e-130,457,100,"inhibitory",TRUE
"ASV04851","Litorianannotis-ns_1",97.628,253,6,0,253,1333,1.26e-121,430,100,"non-significant",TRUE
"ASV04874","Bufotyphonius-inhibitory_17",97.628,253,6,0,253,1197,1.26e-121,430,100,"inhibitory",TRUE
"ASV04910","Atelopuselegans-ns_3",97.233,253,7,0,253,1054,5.35e-120,425,100,"non-significant",TRUE
"ASV04911","Agalychniscallidryas-ns_47",97.233,253,7,0,253,1246,5.35e-120,425,100,"non-significant",TRUE
"ASV04958","Atelopuselegans-ns_3",98.024,253,5,0,253,1054,1.03e-122,434,100,"non-significant",TRUE
"ASV04964","Litoriarheocola-inhibitory_25",97.628,253,6,0,253,861,1.26e-121,430,100,"inhibitory",TRUE
"ASV04967","Silverstoneiaflotator-inhibitory_26",98.814,253,3,0,253,1184,1.99e-125,444,100,"inhibitory",TRUE
"ASV04993","Strabomantisbufoniformis-inhibitory_2",98.024,253,5,0,253,1234,1.03e-122,434,100,"inhibitory",TRUE
"ASV04996","Atelopuslimosus-ns_6",100,253,0,0,253,1343,9.05e-130,457,100,"non-significant",TRUE
"ASV05025","Plethodoncinereus-ns_13",99.209,253,2,0,253,1366,4.69e-127,448,100,"non-significant",TRUE
"ASV05039","Smiliscasordida-inhibitory_22",98.024,253,5,0,253,1279,1.03e-122,434,100,"inhibitory",TRUE
"ASV05067","Dendrobatesauratus-inhibitory_5",97.628,253,6,0,253,1245,1.26e-121,430,100,"inhibitory",TRUE
"ASV05071","Espadaranaprosoblepon-ns_9",99.209,253,2,0,253,1384,4.69e-127,448,100,"non-significant",TRUE
"ASV05089","Atelopuselegans-ns_3",97.233,253,7,0,253,1054,5.35e-120,425,100,"non-significant",TRUE
"ASV05097","Alytesobstetricans-ns_10",98.268,231,4,0,253,707,6.11e-113,402,91,"non-significant",TRUE
"ASV05100","Allobatestalamancae-inhibitory_8",99.206,252,2,0,252,1206,1.63e-126,446,100,"inhibitory",TRUE
"ASV05119","Smiliscasordida-inhibitory_44",97.628,253,5,1,253,1285,1.53e-120,426,100,"inhibitory",TRUE
"ASV05127","Hemidactylumscutatum-ns_8",97.628,253,6,0,253,1296,1.26e-121,430,100,"non-significant",TRUE
"ASV05142","Smiliscasordida-inhibitory_15",98.419,253,4,0,253,1277,2.43e-124,439,100,"inhibitory",TRUE
"ASV05156","Atelopuslimosus-ns_8",98.419,253,4,0,253,656,2.43e-124,439,100,"non-significant",TRUE
"ASV05164","Hemidactylumscutatum-ns_2",98.024,253,5,0,253,1375,1.03e-122,434,100,"non-significant",TRUE
"ASV05174","Agalychniscallidryas-ns_41",97.628,253,6,0,253,1357,1.26e-121,430,100,"non-significant",TRUE
"ASV05176","Hemidactylumscutatum-ns_8",97.233,253,7,0,253,1296,5.35e-120,425,100,"non-significant",TRUE
"ASV05180","Strabomantisbufoniformis-inhibitory_14",99.606,254,0,1,253,1378,1.34e-127,451,100,"inhibitory",TRUE
"ASV05191","Atelopuslimosus-inhibitory_18",99.605,253,1,0,253,1360,3.85e-128,453,100,"inhibitory",TRUE
"ASV05214","Craugastorcrassidigitus-inhibitory_181",99.605,253,1,0,253,887,3.85e-128,453,100,"inhibitory",TRUE
"ASV05218","Dendrobatesauratus-inhibitory_23",99.605,253,1,0,253,1296,3.85e-128,453,100,"inhibitory",TRUE
"ASV05258","Smiliscasordida-inhibitory_11",97.628,253,6,0,253,1250,1.26e-121,430,100,"inhibitory",TRUE
"ASV05271","Hyalinobatrachiumcolymbiphyllum-inhibitory_17",100,253,0,0,253,845,9.05e-130,457,100,"inhibitory",TRUE
"ASV05275","Atelopuslimosus-inhibitory_62",97.233,253,7,0,253,1387,5.35e-120,425,100,"inhibitory",TRUE
"ASV05304","Bufotyphonius-inhibitory_17",99.605,253,1,0,253,1197,3.85e-128,453,100,"inhibitory",TRUE
"ASV05314","Atelopuselegans-ns_8",97.628,253,6,0,253,1415,1.26e-121,430,100,"non-significant",TRUE
"ASV05336","Hemidactylumscutatum-ns_13",98.419,253,4,0,253,1355,2.43e-124,439,100,"non-significant",TRUE
"ASV05346","Espadaranaprosoblepon-ns_30",98.419,253,4,0,253,1290,2.43e-124,439,100,"non-significant",TRUE
"ASV05358","Plethodoncinereus-ns_13",98.419,253,4,0,253,1366,2.43e-124,439,100,"non-significant",TRUE
"ASV05362","Colostethuspanamensis-inhibitory_8",99.209,253,2,0,253,1195,4.69e-127,448,100,"inhibitory",TRUE
"ASV05444","Plethodoncinereus-ns_7",99.605,253,1,0,253,1350,3.85e-128,453,100,"non-significant",TRUE
"ASV05445","Litoriaeucnemis-inhibitory_9",99.605,253,1,0,253,1348,3.85e-128,453,100,"inhibitory",TRUE
"ASV05450","Bufotyphonius-inhibitory_17",99.605,253,1,0,253,1197,3.85e-128,453,100,"inhibitory",TRUE
"ASV05463","Atelopuselegans-ns_3",98.024,253,5,0,253,1054,1.03e-122,434,100,"non-significant",TRUE
"ASV05482","Colostethuspanamensis-inhibitory_1",100,253,0,0,253,1276,9.05e-130,457,100,"inhibitory",TRUE
"ASV05485","Plethodoncinereus-ns_13",97.628,253,6,0,253,1366,1.26e-121,430,100,"non-significant",TRUE
"ASV05494","Hemidactylumscutatum-ns_3",97.628,253,6,0,253,1370,1.26e-121,430,100,"non-significant",TRUE
"ASV05497","Silverstoneiaflotator-ns_1",98.419,253,4,0,253,1273,2.43e-124,439,100,"non-significant",TRUE
"ASV05509","Atelopuslimosus-inhibitory_34",99.605,253,1,0,253,1349,3.85e-128,453,100,"inhibitory",TRUE
"ASV05520","Atelopuselegans-ns_3",97.628,253,6,0,253,1054,1.26e-121,430,100,"non-significant",TRUE
"ASV05524","Smiliscasordida-inhibitory_15",98.024,253,5,0,253,1277,1.03e-122,434,100,"inhibitory",TRUE
"ASV05590","Litoriaserrata-inhibitory_7",97.628,253,5,1,253,1406,1.53e-120,426,100,"inhibitory",TRUE
"ASV05591","Atelopuslimosus-inhibitory_62",100,253,0,0,253,1387,9.05e-130,457,100,"inhibitory",TRUE
"ASV05608","Agalychniscallidryas-ns_8",99.213,254,1,1,253,1050,1.64e-126,446,100,"non-significant",TRUE
"ASV05631","Litoriarheocola-inhibitory_25",98.419,253,4,0,253,861,2.43e-124,439,100,"inhibitory",TRUE
"ASV05644","Atelopuslimosus-inhibitory_18",97.628,253,6,0,253,1360,1.26e-121,430,100,"inhibitory",TRUE
"ASV05660","Litorianannotis-inhibitory_1",98.024,253,4,1,253,1405,1.26e-121,431,100,"inhibitory",TRUE
"ASV05665","Hemidactylumscutatum-ns_3",97.233,253,7,0,253,1370,5.35e-120,425,100,"non-significant",TRUE
"ASV05668","Litoriarheocola-inhibitory_25",97.628,253,6,0,253,861,1.26e-121,430,100,"inhibitory",TRUE
"ASV05702","Smiliscasordida-inhibitory_15",97.628,253,6,0,253,1277,1.26e-121,430,100,"inhibitory",TRUE
"ASV05749","Agalychniscallidryas-ns_47",98.419,253,4,0,253,1246,2.43e-124,439,100,"non-significant",TRUE
"ASV05752","Hyalinobatrachiumcolymbiphyllum-ns_1",99.209,253,2,0,253,1373,4.69e-127,448,100,"non-significant",TRUE
"ASV05767","Craugastorcrassidigitus-inhibitory_98",99.209,253,2,0,253,1301,4.69e-127,448,100,"inhibitory",TRUE
"ASV05771","Strabomantisbufoniformis-inhibitory_1",97.233,253,7,0,253,1159,5.35e-120,425,100,"inhibitory",TRUE
"ASV05772","Colostethuspanamensis-inhibitory_8",99.209,253,2,0,253,1195,4.69e-127,448,100,"inhibitory",TRUE
"ASV05798","Atelopuslimosus-inhibitory_18",98.024,253,5,0,253,1360,1.03e-122,434,100,"inhibitory",TRUE
"ASV05819","Ranamuscosa-inhibitory_48",100,253,0,0,253,1380,9.05e-130,457,100,"inhibitory",TRUE
"ASV05832","Espadaranaprosoblepon-ns_30",97.233,253,7,0,253,1290,5.35e-120,425,100,"non-significant",TRUE
"ASV05834","Colostethuspanamensis-inhibitory_9",98.814,253,3,0,253,1383,1.99e-125,444,100,"inhibitory",TRUE
"ASV05867","Espadaranaprosoblepon-ns_30",97.233,253,7,0,253,1290,5.35e-120,425,100,"non-significant",TRUE
"ASV05872","Litoriarheocola-inhibitory_25",97.233,253,7,0,253,861,5.35e-120,425,100,"inhibitory",TRUE
"ASV05878","Silverstoneiaflotator-inhibitory_41",97.628,253,6,0,253,1244,1.26e-121,430,100,"inhibitory",TRUE
"ASV05883","Plethodoncinereus-ns_22",100,253,0,0,253,1353,9.05e-130,457,100,"non-significant",TRUE
"ASV05890","Espadaranaprosoblepon-ns_49",100,253,0,0,253,1302,9.05e-130,457,100,"non-significant",TRUE
"ASV05919","Silverstoneiaflotator-inhibitory_39",98.814,253,3,0,253,1269,1.99e-125,444,100,"inhibitory",TRUE
"ASV05923","Plethodoncinereus-inhibitory_10",99.209,253,2,0,253,1350,4.69e-127,448,100,"inhibitory",TRUE
"ASV05986","Espadaranaprosoblepon-inhibitory_26",99.605,253,1,0,253,1395,3.85e-128,453,100,"inhibitory",TRUE
"ASV05990","Hyalinobatrachiumcolymbiphyllum-inhibitory_17",99.605,253,1,0,253,845,3.85e-128,453,100,"inhibitory",TRUE
"ASV05992","Litoriarheocola-inhibitory_25",97.233,253,7,0,253,861,5.35e-120,425,100,"inhibitory",TRUE
"ASV05993","Atelopuslimosus-ns_1",98.419,253,4,0,253,1348,2.43e-124,439,100,"non-significant",TRUE
"ASV06016","Litorianannotis-ns_1",97.233,253,7,0,253,1333,5.35e-120,425,100,"non-significant",TRUE
"ASV06034","Silverstoneiaflotator-inhibitory_39",97.628,253,6,0,253,1269,1.26e-121,430,100,"inhibitory",TRUE
"ASV06035","Agalychniscallidryas-ns_47",98.419,253,4,0,253,1246,2.43e-124,439,100,"non-significant",TRUE
"ASV06059","Litoriaserrata-inhibitory_32",97.233,253,7,0,253,1372,5.35e-120,425,100,"inhibitory",TRUE
"ASV06062","Silverstoneiaflotator-inhibitory_41",98.814,253,3,0,253,1244,1.99e-125,444,100,"inhibitory",TRUE
"ASV06094","Agalychniscallidryas-ns_33",97.628,253,6,0,253,1391,1.26e-121,430,100,"non-significant",TRUE
"ASV06127","Silverstoneiaflotator-inhibitory_39",98.419,253,4,0,253,1269,2.43e-124,439,100,"inhibitory",TRUE
"ASV06138","Silverstoneiaflotator-ns_1",97.233,253,7,0,253,1273,5.35e-120,425,100,"non-significant",TRUE
"ASV06139","Craugastorcrassidigitus-inhibitory_167",98.814,253,3,0,253,1281,1.99e-125,444,100,"inhibitory",TRUE
"ASV06195","Atelopuslimosus-inhibitory_62",97.628,253,6,0,253,1387,1.26e-121,430,100,"inhibitory",TRUE
"ASV06200","Smiliscasordida-inhibitory_11",98.024,253,5,0,253,1250,1.03e-122,434,100,"inhibitory",TRUE
"ASV06218","Smiliscasordida-inhibitory_44",97.233,253,6,1,253,1285,6.52e-119,422,100,"inhibitory",TRUE
"ASV06226","Allobatestalamancae-ns_3",97.628,253,6,0,253,1224,1.26e-121,430,100,"non-significant",TRUE
"ASV06233","Craugastorcrassidigitus-inhibitory_153",99.605,253,1,0,253,1282,3.85e-128,453,100,"inhibitory",TRUE
"ASV06237","Espadaranaprosoblepon-ns_22",97.233,253,7,0,253,1379,5.35e-120,425,100,"non-significant",TRUE
"ASV06259","Plethodoncinereus-inhibitory_10",99.209,253,2,0,253,1350,4.69e-127,448,100,"inhibitory",TRUE
"ASV06296","Silverstoneiaflotator-ns_1",98.419,253,4,0,253,1273,2.43e-124,439,100,"non-significant",TRUE
"ASV06374","Agalychniscallidryas-ns_9",98.425,254,3,1,253,1421,8.48e-124,437,100,"non-significant",TRUE
"ASV06405","Plethodoncinereus-ns_13",98.024,253,5,0,253,1366,1.03e-122,434,100,"non-significant",TRUE
"ASV06408","Smiliscasordida-ns_6",98.431,255,2,2,253,1245,2.96e-123,435,100,"non-significant",TRUE
"ASV06415","Allobatestalamancae-inhibitory_4",98.419,253,4,0,253,1232,2.43e-124,439,100,"inhibitory",TRUE
"ASV06417","Hemidactylumscutatum-inhibitory_12",98.419,253,4,0,253,848,2.43e-124,439,100,"inhibitory",TRUE
"ASV06424","Litorianannotis-inhibitory_1",98.024,253,4,1,253,1405,1.26e-121,431,100,"inhibitory",TRUE
"ASV06433","Atelopuselegans-ns_3",98.814,253,3,0,253,1054,1.99e-125,444,100,"non-significant",TRUE
"ASV06436","Atelopuslimosus-inhibitory_4",99.606,254,0,1,253,1375,1.34e-127,451,100,"inhibitory",TRUE
"ASV06458","Litoriarheocola-inhibitory_10",97.233,253,7,0,253,1385,5.35e-120,425,100,"inhibitory",TRUE
"ASV06462","Plethodoncinereus-ns_13",97.628,253,6,0,253,1366,1.26e-121,430,100,"non-significant",TRUE
"ASV06495","Atelopuselegans-ns_3",97.233,253,7,0,253,1054,5.35e-120,425,100,"non-significant",TRUE
"ASV06521","Allobatestalamancae-ns_3",97.233,253,7,0,253,1224,5.35e-120,425,100,"non-significant",TRUE
"ASV06541","Silverstoneiaflotator-inhibitory_39",99.605,253,1,0,253,1269,3.85e-128,453,100,"inhibitory",TRUE
"ASV06629","Atelopuslimosus-enhancing_2",98.425,254,3,1,253,1377,8.48e-124,437,100,"enhancing",TRUE
"ASV06639","Litoriarheocola-inhibitory_25",97.233,253,7,0,253,861,5.35e-120,425,100,"inhibitory",TRUE
"ASV06640","Silverstoneiaflotator-inhibitory_28",98.024,253,5,0,253,1287,1.03e-122,434,100,"inhibitory",TRUE
"ASV06654","Plethodoncinereus-ns_13",97.233,253,7,0,253,1366,5.35e-120,425,100,"non-significant",TRUE
"ASV06661","Smiliscasordida-inhibitory_15",97.628,253,6,0,253,1277,1.26e-121,430,100,"inhibitory",TRUE
"ASV06670","Strabomantisbufoniformis-inhibitory_15",100,253,0,0,253,1346,9.05e-130,457,100,"inhibitory",TRUE
"ASV06679","Craugastorcrassidigitus-ns_19",98.024,253,5,0,253,1249,1.03e-122,434,100,"non-significant",TRUE
"ASV06699","Plethodoncinereus-ns_8",100,253,0,0,253,1374,9.05e-130,457,100,"non-significant",TRUE
"ASV06707","Litoriarheocola-inhibitory_25",98.419,253,4,0,253,861,2.43e-124,439,100,"inhibitory",TRUE
"ASV06729","Silverstoneiaflotator-inhibitory_41",97.628,253,6,0,253,1244,1.26e-121,430,100,"inhibitory",TRUE
"ASV06774","Silverstoneiaflotator-ns_1",98.814,253,3,0,253,1273,1.99e-125,444,100,"non-significant",TRUE
"ASV06775","Hemidactylumscutatum-ns_3",97.628,253,6,0,253,1370,1.26e-121,430,100,"non-significant",TRUE
"ASV06781","Craugastorcrassidigitus-ns_6",98.819,254,2,1,253,1315,6.96e-125,442,100,"non-significant",TRUE
"ASV06792","Litorianannotis-ns_1",97.628,253,6,0,253,1333,1.26e-121,430,100,"non-significant",TRUE
"ASV06798","Ranasphenocephala-ns_23",98.819,254,1,2,253,849,2.43e-124,439,100,"non-significant",TRUE
"ASV06802","Hemidactylumscutatum-ns_3",97.233,253,7,0,253,1370,5.35e-120,425,100,"non-significant",TRUE
"ASV06852","Atelopuselegans-ns_3",99.605,253,1,0,253,1054,3.85e-128,453,100,"non-significant",TRUE
"ASV06870","Atelopusspurrelli-inhibitory_9",98.419,253,4,0,253,1412,2.43e-124,439,100,"inhibitory",TRUE
"ASV06897","Hemidactylumscutatum-ns_3",97.233,253,7,0,253,1370,5.35e-120,425,100,"non-significant",TRUE
"ASV06903","Litoriarheocola-inhibitory_25",98.419,253,4,0,253,861,2.43e-124,439,100,"inhibitory",TRUE
"ASV06907","Dendrobatesauratus-ns_2",98.419,253,4,0,253,1180,2.43e-124,439,100,"non-significant",TRUE
"ASV06914","Smiliscasordida-ns_9",98.814,253,3,0,253,1286,1.99e-125,444,100,"non-significant",TRUE
"ASV06917","Atelopuslimosus-ns_1",99.209,253,2,0,253,1348,4.69e-127,448,100,"non-significant",TRUE
"ASV06919","Hemidactylumscutatum-ns_3",97.628,253,6,0,253,1370,1.26e-121,430,100,"non-significant",TRUE
"ASV06931","Hemidactylumscutatum-ns_3",98.419,253,4,0,253,1370,2.43e-124,439,100,"non-significant",TRUE
"ASV06942","Litorianannotis-ns_1",97.233,253,7,0,253,1333,5.35e-120,425,100,"non-significant",TRUE
"ASV06944","Silverstoneiaflotator-ns_7",100,253,0,0,253,1200,9.05e-130,457,100,"non-significant",TRUE
"ASV06946","Plethodoncinereus-inhibitory_7",99.209,253,2,0,253,1388,4.69e-127,448,100,"inhibitory",TRUE
"ASV06982","Litorianannotis-ns_1",98.024,253,5,0,253,1333,1.03e-122,434,100,"non-significant",TRUE
"ASV06989","Atelopuslimosus-inhibitory_34",99.209,253,2,0,253,1349,4.69e-127,448,100,"inhibitory",TRUE
"ASV07004","Hemidactylumscutatum-ns_7",98.024,253,5,0,253,1307,1.03e-122,434,100,"non-significant",TRUE
"ASV07007","Hemidactylumscutatum-ns_14",98.419,253,3,1,253,1347,2.96e-123,435,100,"non-significant",TRUE
"ASV07016","Silverstoneiaflotator-inhibitory_41",99.209,253,2,0,253,1244,4.69e-127,448,100,"inhibitory",TRUE
"ASV07020","Atelopuslimosus-inhibitory_65",97.233,253,7,0,253,1401,5.35e-120,425,100,"inhibitory",TRUE
"ASV07044","Hemidactylumscutatum-ns_3",98.814,253,3,0,253,1370,1.99e-125,444,100,"non-significant",TRUE
"ASV07048","Silverstoneiaflotator-inhibitory_39",98.814,253,3,0,253,1269,1.99e-125,444,100,"inhibitory",TRUE
"ASV07054","Atelopuselegans-ns_14",99.605,253,1,0,253,1400,3.85e-128,453,100,"non-significant",TRUE
"ASV07055","Atelopuselegans-ns_3",98.419,253,4,0,253,1054,2.43e-124,439,100,"non-significant",TRUE
"ASV07065","Atelopuslimosus-inhibitory_18",98.024,253,5,0,253,1360,1.03e-122,434,100,"inhibitory",TRUE
"ASV07078","Allobatestalamancae-ns_3",98.024,253,5,0,253,1224,1.03e-122,434,100,"non-significant",TRUE
"ASV07087","Hemidactylumscutatum-ns_2",98.419,253,4,0,253,1375,2.43e-124,439,100,"non-significant",TRUE
"ASV07092","Atelopuslimosus-inhibitory_18",98.024,253,5,0,253,1360,1.03e-122,434,100,"inhibitory",TRUE
"ASV07109","Litoriaserrata-inhibitory_32",97.628,253,6,0,253,1372,1.26e-121,430,100,"inhibitory",TRUE
"ASV07111","Atelopuslimosus-inhibitory_18",98.024,253,5,0,253,1360,1.03e-122,434,100,"inhibitory",TRUE
"ASV07223","Hemidactylumscutatum-ns_7",97.628,253,6,0,253,1307,1.26e-121,430,100,"non-significant",TRUE
"ASV07261","Dendrobatesauratus-inhibitory_1",99.605,253,1,0,253,1229,3.85e-128,453,100,"inhibitory",TRUE
"ASV07262","Atelopuselegans-ns_3",97.628,253,6,0,253,1054,1.26e-121,430,100,"non-significant",TRUE
"ASV07291","Bufotyphonius-inhibitory_17",97.628,253,6,0,253,1197,1.26e-121,430,100,"inhibitory",TRUE
"ASV07315","Atelopuslimosus-inhibitory_65",98.419,253,4,0,253,1401,2.43e-124,439,100,"inhibitory",TRUE
"ASV07344","Plethodoncinereus-ns_13",99.605,253,1,0,253,1366,3.85e-128,453,100,"non-significant",TRUE
"ASV07358","Smiliscasordida-inhibitory_15",97.233,253,7,0,253,1277,5.35e-120,425,100,"inhibitory",TRUE
"ASV07368","Plethodoncinereus-ns_6",98.024,253,5,0,253,1376,1.03e-122,434,100,"non-significant",TRUE
"ASV07376","Plethodoncinereus-inhibitory_10",97.628,253,6,0,253,1350,1.26e-121,430,100,"inhibitory",TRUE
"ASV07422","Bufotyphonius-inhibitory_17",99.209,253,2,0,253,1197,4.69e-127,448,100,"inhibitory",TRUE
"ASV07494","Atelopuslimosus-inhibitory_4",98.819,254,2,1,253,1375,6.96e-125,442,100,"inhibitory",TRUE
"ASV07495","Smiliscasordida-inhibitory_3",100,254,0,0,254,1271,2.61e-130,459,100,"inhibitory",TRUE
"ASV07508","Agalychniscallidryas-inhibitory_14",99.206,252,2,0,252,1450,1.63e-126,446,100,"inhibitory",TRUE
"ASV07540","Silverstoneiaflotator-inhibitory_4",97.628,253,6,0,253,1373,1.26e-121,430,100,"inhibitory",TRUE
"ASV07541","Espadaranaprosoblepon-ns_4",97.233,253,7,0,253,1331,5.35e-120,425,100,"non-significant",TRUE
"ASV07560","Hemidactylumscutatum-inhibitory_13",98.024,253,5,0,253,1391,1.03e-122,434,100,"inhibitory",TRUE
"ASV07585","Dendrobatesauratus-inhibitory_15",99.605,253,1,0,253,1320,3.85e-128,453,100,"inhibitory",TRUE
"ASV07642","Smiliscasila-inhibitory_4",99.605,253,1,0,253,1291,3.85e-128,453,100,"inhibitory",TRUE
"ASV07643","Dendrobatesauratus-inhibitory_13",97.233,253,7,0,253,1248,5.35e-120,425,100,"inhibitory",TRUE
"ASV07645","Plethodoncinereus-ns_6",98.024,253,5,0,253,1376,1.03e-122,434,100,"non-significant",TRUE
"ASV07648","Hemidactylumscutatum-ns_3",97.233,253,7,0,253,1370,5.35e-120,425,100,"non-significant",TRUE
"ASV07660","Smiliscasordida-inhibitory_44",97.233,253,6,1,253,1285,6.52e-119,422,100,"inhibitory",TRUE
"ASV07666","Litoriarheocola-inhibitory_25",97.233,253,7,0,253,861,5.35e-120,425,100,"inhibitory",TRUE
"ASV07667","Agalychniscallidryas-ns_10",98.819,254,2,1,253,1369,6.96e-125,442,100,"non-significant",TRUE
"ASV07689","Litoriaserrata-inhibitory_8",99.605,253,1,0,253,1380,3.85e-128,453,100,"inhibitory",TRUE
"ASV07717","Allobatestalamancae-inhibitory_4",99.209,253,2,0,253,1232,4.69e-127,448,100,"inhibitory",TRUE
"ASV07727","Atelopuselegans-ns_3",98.024,253,5,0,253,1054,1.03e-122,434,100,"non-significant",TRUE
"ASV07763","Silverstoneiaflotator-inhibitory_4",99.605,253,1,0,253,1373,3.85e-128,453,100,"inhibitory",TRUE
"ASV07775","Hemidactylumscutatum-ns_16",99.606,254,0,1,254,910,1.35e-127,451,100,"non-significant",TRUE
"ASV07776","Litoriarheocola-inhibitory_25",99.209,253,2,0,253,861,4.69e-127,448,100,"inhibitory",TRUE
"ASV07821","Atelopuslimosus-inhibitory_65",97.233,253,7,0,253,1401,5.35e-120,425,100,"inhibitory",TRUE
"ASV07842","Atelopuslimosus-ns_6",97.628,253,6,0,253,1343,1.26e-121,430,100,"non-significant",TRUE
"ASV07843","Agalychniscallidryas-ns_25",99.213,254,1,1,253,1387,1.64e-126,446,100,"non-significant",TRUE
"ASV07863","Smiliscasila-ns_4",98.814,253,3,0,253,1285,1.99e-125,444,100,"non-significant",TRUE
"ASV07912","Strabomantisbufoniformis-ns_4",97.233,253,7,0,253,1261,5.35e-120,425,100,"non-significant",TRUE
"ASV07934","Hemidactylumscutatum-ns_3",97.233,253,7,0,253,1370,5.35e-120,425,100,"non-significant",TRUE
"ASV07981","Atelopuslimosus-inhibitory_65",97.628,253,6,0,253,1401,1.26e-121,430,100,"inhibitory",TRUE
"ASV07995","Craugastorcrassidigitus-inhibitory_167",98.814,253,3,0,253,1281,1.99e-125,444,100,"inhibitory",TRUE
"ASV07999","Allobatestalamancae-ns_3",98.024,253,5,0,253,1224,1.03e-122,434,100,"non-significant",TRUE
"ASV08023","Atelopuslimosus-inhibitory_65",97.233,253,7,0,253,1401,5.35e-120,425,100,"inhibitory",TRUE
"ASV08030","Atelopuslimosus-inhibitory_18",98.419,253,4,0,253,1360,2.43e-124,439,100,"inhibitory",TRUE
"ASV08037","Craugastorcrassidigitus-inhibitory_182",99.605,253,1,0,253,1195,3.85e-128,453,100,"inhibitory",TRUE
"ASV08050","Silverstoneiaflotator-ns_1",99.605,253,1,0,253,1273,3.85e-128,453,100,"non-significant",TRUE
"ASV08055","Smiliscasordida-inhibitory_37",99.605,253,1,0,253,1262,3.85e-128,453,100,"inhibitory",TRUE
"ASV08081","Atelopuslimosus-ns_8",97.628,253,6,0,253,656,1.26e-121,430,100,"non-significant",TRUE
"ASV08094","Bufotyphonius-inhibitory_9",99.605,253,1,0,253,1248,3.85e-128,453,100,"inhibitory",TRUE
"ASV08102","Strabomantisbufoniformis-inhibitory_14",97.638,254,5,1,253,1378,4.39e-121,428,100,"inhibitory",TRUE
"ASV08177","Ranamuscosa-inhibitory_74",99.605,253,1,0,253,1380,3.85e-128,453,100,"inhibitory",TRUE
"ASV08180","Agalychniscallidryas-ns_41",98.419,253,4,0,253,1357,2.43e-124,439,100,"non-significant",TRUE
"ASV08182","Espadaranaprosoblepon-ns_22",99.605,253,1,0,253,1379,3.85e-128,453,100,"non-significant",TRUE
"ASV08207","Hemidactylumscutatum-ns_2",98.419,253,4,0,253,1375,2.43e-124,439,100,"non-significant",TRUE
"ASV08208","Hyalinobatrachiumcolymbiphyllum-ns_1",98.814,253,3,0,253,1373,1.99e-125,444,100,"non-significant",TRUE
"ASV08209","Smiliscasordida-inhibitory_15",97.628,253,6,0,253,1277,1.26e-121,430,100,"inhibitory",TRUE
"ASV08219","Espadaranaprosoblepon-ns_30",98.024,253,5,0,253,1290,1.03e-122,434,100,"non-significant",TRUE
"ASV08253","Atelopuselegans-ns_3",98.419,253,4,0,253,1054,2.43e-124,439,100,"non-significant",TRUE
"ASV08310","Litoriarheocola-inhibitory_25",97.628,253,6,0,253,861,1.26e-121,430,100,"inhibitory",TRUE
"ASV08341","Hemidactylumscutatum-inhibitory_12",99.209,253,2,0,253,848,4.69e-127,448,100,"inhibitory",TRUE
"ASV08393","Hemidactylumscutatum-ns_3",98.419,253,4,0,253,1370,2.43e-124,439,100,"non-significant",TRUE
"ASV08409","Hemidactylumscutatum-ns_3",99.209,253,2,0,253,1370,4.69e-127,448,100,"non-significant",TRUE
"ASV08440","Smiliscasordida-inhibitory_33",99.605,253,1,0,253,1287,3.85e-128,453,100,"inhibitory",TRUE
"ASV08490","Allobatestalamancae-inhibitory_4",97.233,253,7,0,253,1232,5.35e-120,425,100,"inhibitory",TRUE
"ASV08505","Atelopuslimosus-ns_8",98.419,253,4,0,253,656,2.43e-124,439,100,"non-significant",TRUE
"ASV08526","Smiliscasordida-inhibitory_11",97.628,253,6,0,253,1250,1.26e-121,430,100,"inhibitory",TRUE
"ASV08527","Allobatestalamancae-ns_3",98.024,253,5,0,253,1224,1.03e-122,434,100,"non-significant",TRUE
"ASV08530","Smiliscasordida-inhibitory_15",97.233,253,7,0,253,1277,5.35e-120,425,100,"inhibitory",TRUE
"ASV08553","Espadaranaprosoblepon-ns_4",99.605,253,1,0,253,1331,3.85e-128,453,100,"non-significant",TRUE
"ASV08582","Hemidactylumscutatum-ns_3",98.024,253,5,0,253,1370,1.03e-122,434,100,"non-significant",TRUE
"ASV08586","Atelopuslimosus-inhibitory_65",97.233,253,7,0,253,1401,5.35e-120,425,100,"inhibitory",TRUE
"ASV08594","Espadaranaprosoblepon-ns_30",97.628,253,6,0,253,1290,1.26e-121,430,100,"non-significant",TRUE
"ASV08634","Hemidactylumscutatum-inhibitory_6",99.209,253,2,0,253,1372,4.69e-127,448,100,"inhibitory",TRUE
"ASV08645","Smiliscasordida-enhancing_2",99.209,253,2,0,253,1290,4.69e-127,448,100,"enhancing",TRUE
"ASV08686","Hemidactylumscutatum-ns_3",97.628,253,6,0,253,1370,1.26e-121,430,100,"non-significant",TRUE
"ASV08692","Silverstoneiaflotator-ns_1",98.419,253,4,0,253,1273,2.43e-124,439,100,"non-significant",TRUE
"ASV08702","Colostethuspanamensis-ns_4",99.605,253,1,0,253,1281,3.85e-128,453,100,"non-significant",TRUE
"ASV08731","Smiliscasordida-inhibitory_15",99.605,253,1,0,253,1277,3.85e-128,453,100,"inhibitory",TRUE
"ASV08761","Litoriarheocola-inhibitory_25",97.233,253,7,0,253,861,5.35e-120,425,100,"inhibitory",TRUE
"ASV08791","Hemidactylumscutatum-inhibitory_13",97.233,253,7,0,253,1391,5.35e-120,425,100,"inhibitory",TRUE
"ASV08801","Strabomantisbufoniformis-inhibitory_2",97.233,253,7,0,253,1234,5.35e-120,425,100,"inhibitory",TRUE
"ASV08830","Atelopuslimosus-ns_6",97.628,253,6,0,253,1343,1.26e-121,430,100,"non-significant",TRUE
"ASV08847","Atelopuselegans-ns_14",99.605,253,1,0,253,1400,3.85e-128,453,100,"non-significant",TRUE
"ASV08876","Hyalinobatrachiumcolymbiphyllum-enhancing_1",97.233,253,7,0,253,1280,5.35e-120,425,100,"enhancing",TRUE
"ASV08936","Agalychniscallidryas-ns_47",97.628,253,6,0,253,1246,1.26e-121,430,100,"non-significant",TRUE
"ASV08941","Espadaranaprosoblepon-ns_22",97.628,253,6,0,253,1379,1.26e-121,430,100,"non-significant",TRUE
"ASV08953","Smiliscasordida-inhibitory_15",97.233,253,7,0,253,1277,5.35e-120,425,100,"inhibitory",TRUE
"ASV08994","Hemidactylumscutatum-inhibitory_12",97.628,253,6,0,253,848,1.26e-121,430,100,"inhibitory",TRUE
"ASV09068","Espadaranaprosoblepon-ns_9",100,253,0,0,253,1384,9.05e-130,457,100,"non-significant",TRUE
"ASV09127","Atelopuslimosus-ns_8",98.419,253,4,0,253,656,2.43e-124,439,100,"non-significant",TRUE
"ASV09141","Craugastorcrassidigitus-inhibitory_182",99.605,253,1,0,253,1195,3.85e-128,453,100,"inhibitory",TRUE
"ASV09145","Atelopuslimosus-inhibitory_18",98.419,253,4,0,253,1360,2.43e-124,439,100,"inhibitory",TRUE
"ASV09204","Hemidactylumscutatum-ns_3",97.233,253,7,0,253,1370,5.35e-120,425,100,"non-significant",TRUE
"ASV09232","Agalychniscallidryas-ns_48",98.419,253,4,0,253,1427,2.43e-124,439,100,"non-significant",TRUE
"ASV09249","Hemidactylumscutatum-ns_7",97.233,253,7,0,253,1307,5.35e-120,425,100,"non-significant",TRUE
"ASV09265","Hemidactylumscutatum-ns_3",98.419,253,4,0,253,1370,2.43e-124,439,100,"non-significant",TRUE
"ASV09277","Litoriaserrata-inhibitory_1",99.209,253,2,0,253,1396,4.69e-127,448,100,"inhibitory",TRUE
"ASV09286","Smiliscasordida-inhibitory_11",98.024,253,5,0,253,1250,1.03e-122,434,100,"inhibitory",TRUE
"ASV09357","Silverstoneiaflotator-ns_1",97.628,253,6,0,253,1273,1.26e-121,430,100,"non-significant",TRUE
"ASV09365","Atelopuslimosus-inhibitory_18",97.628,253,6,0,253,1360,1.26e-121,430,100,"inhibitory",TRUE
"ASV09367","Atelopuslimosus-ns_5",98.024,253,5,0,253,1378,1.03e-122,434,100,"non-significant",TRUE
"ASV09368","Bufotyphonius-inhibitory_17",98.814,253,3,0,253,1197,1.99e-125,444,100,"inhibitory",TRUE
"ASV09398","Silverstoneiaflotator-inhibitory_4",98.419,253,4,0,253,1373,2.43e-124,439,100,"inhibitory",TRUE
"ASV09477","Strabomantisbufoniformis-inhibitory_2",98.814,253,3,0,253,1234,1.99e-125,444,100,"inhibitory",TRUE
"ASV09527","Espadaranaprosoblepon-ns_30",97.628,253,6,0,253,1290,1.26e-121,430,100,"non-significant",TRUE
"ASV09558","Plethodoncinereus-ns_22",97.628,253,6,0,253,1353,1.26e-121,430,100,"non-significant",TRUE
"ASV09614","Agalychniscallidryas-ns_33",100,253,0,0,253,1391,9.05e-130,457,100,"non-significant",TRUE
"ASV09644","Atelopuslimosus-enhancing_2",98.031,254,4,1,253,1377,3.61e-122,433,100,"enhancing",TRUE
"ASV09657","Atelopuslimosus-inhibitory_62",97.628,253,6,0,253,1387,1.26e-121,430,100,"inhibitory",TRUE
"ASV09687","Hemidactylumscutatum-ns_7",98.419,253,4,0,253,1307,2.43e-124,439,100,"non-significant",TRUE
"ASV09700","Smiliscasila-inhibitory_3",99.605,253,1,0,253,1362,3.85e-128,453,100,"inhibitory",TRUE
"ASV09772","Atelopuslimosus-inhibitory_20",97.628,253,6,0,253,1372,1.26e-121,430,100,"inhibitory",TRUE
"ASV09778","Plethodoncinereus-ns_13",97.628,253,6,0,253,1366,1.26e-121,430,100,"non-significant",TRUE
"ASV09792","Atelopuslimosus-inhibitory_67",98.814,253,3,0,253,1344,1.99e-125,444,100,"inhibitory",TRUE
"ASV09801","Hemidactylumscutatum-ns_7",98.419,253,4,0,253,1307,2.43e-124,439,100,"non-significant",TRUE
"ASV09804","Espadaranaprosoblepon-ns_30",97.233,253,7,0,253,1290,5.35e-120,425,100,"non-significant",TRUE
"ASV09805","Craugastorcrassidigitus-ns_6",97.638,254,5,1,253,1315,4.39e-121,428,100,"non-significant",TRUE
"ASV09826","Atelopusspurrelli-ns_3",98.79,248,3,0,253,1400,1.03e-122,434,98,"non-significant",TRUE
"ASV09831","Colostethuspanamensis-ns_6",98.024,253,5,0,253,1246,1.03e-122,434,100,"non-significant",TRUE
"ASV09836","Dendrobatesauratus-inhibitory_22",99.605,253,1,0,253,1330,3.85e-128,453,100,"inhibitory",TRUE
"ASV09854","Atelopuslimosus-ns_1",99.209,253,2,0,253,1348,4.69e-127,448,100,"non-significant",TRUE
"ASV09917","Hemidactylumscutatum-inhibitory_12",97.628,253,6,0,253,848,1.26e-121,430,100,"inhibitory",TRUE
"ASV09918","Craugastorcrassidigitus-ns_6",97.244,254,6,1,253,1315,1.87e-119,424,100,"non-significant",TRUE
"ASV09936","Plethodoncinereus-ns_13",98.419,253,4,0,253,1366,2.43e-124,439,100,"non-significant",TRUE
"ASV10023","Plethodoncinereus-inhibitory_10",99.605,253,1,0,253,1350,3.85e-128,453,100,"inhibitory",TRUE
"ASV10027","Craugastorcrassidigitus-inhibitory_173",99.605,253,1,0,253,1274,3.85e-128,453,100,"inhibitory",TRUE
"ASV10034","Espadaranaprosoblepon-inhibitory_27",99.605,253,1,0,253,1390,3.85e-128,453,100,"inhibitory",TRUE
"ASV10035","Plethodoncinereus-ns_13",98.814,253,3,0,253,1366,1.99e-125,444,100,"non-significant",TRUE
"ASV10041","Silverstoneiaflotator-inhibitory_41",98.419,253,4,0,253,1244,2.43e-124,439,100,"inhibitory",TRUE
"ASV10042","Atelopuslimosus-ns_7",99.605,253,1,0,253,1351,3.85e-128,453,100,"non-significant",TRUE
"ASV10054","Agalychniscallidryas-ns_21",99.606,254,0,1,253,1379,1.34e-127,451,100,"non-significant",TRUE
"ASV10058","Atelopuslimosus-enhancing_2",97.638,254,5,1,253,1377,4.39e-121,428,100,"enhancing",TRUE
"ASV10069","Hyalinobatrachiumcolymbiphyllum-ns_1",98.814,253,3,0,253,1373,1.99e-125,444,100,"non-significant",TRUE
"ASV10073","Silverstoneiaflotator-inhibitory_41",99.213,254,1,1,254,1244,1.64e-126,446,100,"inhibitory",TRUE
"ASV10086","Espadaranaprosoblepon-ns_30",98.024,253,5,0,253,1290,1.03e-122,434,100,"non-significant",TRUE
"ASV10108","Agalychniscallidryas-ns_9",99.213,254,1,1,253,1421,1.64e-126,446,100,"non-significant",TRUE
"ASV10123","Silverstoneiaflotator-ns_1",99.605,253,1,0,253,1273,3.85e-128,453,100,"non-significant",TRUE
"ASV10148","Bufotyphonius-inhibitory_18",99.605,253,1,0,253,1245,3.85e-128,453,100,"inhibitory",TRUE
"ASV10233","Espadaranaprosoblepon-ns_9",98.814,253,3,0,253,1384,1.99e-125,444,100,"non-significant",TRUE
"ASV10241","Hemidactylumscutatum-ns_3",98.024,253,5,0,253,1370,1.03e-122,434,100,"non-significant",TRUE
"ASV10251","Smiliscasordida-inhibitory_15",97.628,253,6,0,253,1277,1.26e-121,430,100,"inhibitory",TRUE
"ASV10297","Atelopusaff.limosus-inhibitory_11",98.814,253,3,0,253,1384,1.99e-125,444,100,"inhibitory",TRUE
"ASV10302","Hemidactylumscutatum-ns_3",98.024,253,5,0,253,1370,1.03e-122,434,100,"non-significant",TRUE
"ASV10306","Smiliscasordida-inhibitory_11",97.233,253,7,0,253,1250,5.35e-120,425,100,"inhibitory",TRUE
"ASV10322","Atelopuslimosus-inhibitory_18",98.419,253,4,0,253,1360,2.43e-124,439,100,"inhibitory",TRUE
"ASV10333","Smiliscasordida-inhibitory_15",98.419,253,4,0,253,1277,2.43e-124,439,100,"inhibitory",TRUE
"ASV10354","Smiliscasordida-inhibitory_15",97.628,253,6,0,253,1277,1.26e-121,430,100,"inhibitory",TRUE
"ASV10360","Strabomantisbufoniformis-inhibitory_2",99.605,253,1,0,253,1234,3.85e-128,453,100,"inhibitory",TRUE
"ASV10362","Hemidactylumscutatum-ns_7",98.024,253,5,0,253,1307,1.03e-122,434,100,"non-significant",TRUE
"ASV10363","Litoriarheocola-inhibitory_25",97.233,253,7,0,253,861,5.35e-120,425,100,"inhibitory",TRUE
"ASV10390","Colostethuspanamensis-ns_5",99.209,253,2,0,253,1286,4.69e-127,448,100,"non-significant",TRUE
"ASV10410","Atelopuslimosus-inhibitory_65",97.233,253,7,0,253,1401,5.35e-120,425,100,"inhibitory",TRUE
"ASV10435","Craugastorcrassidigitus-inhibitory_182",98.814,253,3,0,253,1195,1.99e-125,444,100,"inhibitory",TRUE
"ASV10442","Plethodoncinereus-ns_13",98.814,253,3,0,253,1366,1.99e-125,444,100,"non-significant",TRUE
"ASV10492","Atelopuslimosus-inhibitory_65",99.605,253,1,0,253,1401,3.85e-128,453,100,"inhibitory",TRUE
"ASV10500","Litoriaserrata-ns_2",99.605,253,1,0,253,1413,3.85e-128,453,100,"non-significant",TRUE
"ASV10558","Litoriaserrata-inhibitory_1",97.244,254,5,2,253,1396,2.28e-118,420,100,"inhibitory",TRUE
"ASV10573","Ranamuscosa-inhibitory_95",99.605,253,1,0,253,1379,3.85e-128,453,100,"inhibitory",TRUE
"ASV10576","Hemidactylumscutatum-ns_13",98.814,253,3,0,253,1355,1.99e-125,444,100,"non-significant",TRUE
"ASV10603","Hemidactylumscutatum-inhibitory_8",100,252,0,0,252,1325,3.15e-129,455,100,"inhibitory",TRUE
"ASV10618","Silverstoneiaflotator-ns_1",98.419,253,4,0,253,1273,2.43e-124,439,100,"non-significant",TRUE
"ASV10628","Hemidactylumscutatum-inhibitory_11",98.425,254,3,1,253,1291,8.48e-124,437,100,"inhibitory",TRUE
"ASV10671","Strabomantisbufoniformis-ns_4",97.628,253,6,0,253,1261,1.26e-121,430,100,"non-significant",TRUE
"ASV10725","Atelopuselegans-ns_15",98.024,253,5,0,253,1399,1.03e-122,434,100,"non-significant",TRUE
"ASV10825","Atelopuslimosus-inhibitory_65",99.605,253,1,0,253,1401,3.85e-128,453,100,"inhibitory",TRUE
"ASV10834","Hemidactylumscutatum-inhibitory_12",99.209,253,2,0,253,848,4.69e-127,448,100,"inhibitory",TRUE
"ASV10896","Atelopuselegans-ns_3",98.419,253,4,0,253,1054,2.43e-124,439,100,"non-significant",TRUE
"ASV10906","Colostethuspanamensis-inhibitory_8",99.209,253,2,0,253,1195,4.69e-127,448,100,"inhibitory",TRUE
"ASV10923","Hemidactylumscutatum-inhibitory_8",99.603,252,1,0,252,1325,1.34e-127,451,100,"inhibitory",TRUE
"ASV10939","Atelopuselegans-ns_3",98.419,253,4,0,253,1054,2.43e-124,439,100,"non-significant",TRUE
"ASV10953","Litorianannotis-ns_1",98.814,253,3,0,253,1333,1.99e-125,444,100,"non-significant",TRUE
"ASV10974","Agalychniscallidryas-ns_25",99.213,254,1,1,253,1387,1.64e-126,446,100,"non-significant",TRUE
"ASV10978","Atelopuselegans-ns_3",97.233,253,7,0,253,1054,5.35e-120,425,100,"non-significant",TRUE
"ASV10995","Atelopusspurrelli-ns_3",97.628,253,6,0,253,1400,1.26e-121,430,100,"non-significant",TRUE
"ASV11033","Silverstoneiaflotator-ns_1",97.233,253,7,0,253,1273,5.35e-120,425,100,"non-significant",TRUE
"ASV11040","Smiliscasordida-inhibitory_15",98.814,253,3,0,253,1277,1.99e-125,444,100,"inhibitory",TRUE
"ASV11068","Atelopuslimosus-inhibitory_70",99.209,253,1,1,252,1405,5.69e-126,444,100,"inhibitory",TRUE
"ASV11096","Hemidactylumscutatum-ns_3",98.419,253,4,0,253,1370,2.43e-124,439,100,"non-significant",TRUE
"ASV11100","Silverstoneiaflotator-inhibitory_29",99.605,253,1,0,253,1255,3.85e-128,453,100,"inhibitory",TRUE
"ASV11107","Litoriaserrata-inhibitory_32",97.628,253,6,0,253,1372,1.26e-121,430,100,"inhibitory",TRUE
"ASV11117","Ranamuscosa-inhibitory_93",99.605,253,1,0,253,1396,3.85e-128,453,100,"inhibitory",TRUE
"ASV11215","Espadaranaprosoblepon-ns_4",97.628,253,6,0,253,1331,1.26e-121,430,100,"non-significant",TRUE
"ASV11227","Litorianannotis-ns_1",97.628,253,6,0,253,1333,1.26e-121,430,100,"non-significant",TRUE
"ASV11229","Espadaranaprosoblepon-ns_4",98.419,253,4,0,253,1331,2.43e-124,439,100,"non-significant",TRUE
"ASV11260","Craugastorcrassidigitus-inhibitory_125",98.024,253,5,0,253,1267,1.03e-122,434,100,"inhibitory",TRUE
"ASV11314","Hemidactylumscutatum-ns_3",97.233,253,7,0,253,1370,5.35e-120,425,100,"non-significant",TRUE
"ASV11335","Atelopuslimosus-inhibitory_67",98.814,253,3,0,253,1344,1.99e-125,444,100,"inhibitory",TRUE
"ASV11336","Hemidactylumscutatum-ns_3",97.233,253,7,0,253,1370,5.35e-120,425,100,"non-significant",TRUE
"ASV11337","Hemidactylumscutatum-ns_3",98.419,253,4,0,253,1370,2.43e-124,439,100,"non-significant",TRUE
"ASV11358","Agalychniscallidryas-ns_9",99.213,254,1,1,253,1421,1.64e-126,446,100,"non-significant",TRUE
"ASV11360","Agalychniscallidryas-ns_10",99.213,254,1,1,253,1369,1.64e-126,446,100,"non-significant",TRUE
"ASV11382","Espadaranaprosoblepon-ns_30",97.233,253,7,0,253,1290,5.35e-120,425,100,"non-significant",TRUE
"ASV11387","Dendrobatesauratus-inhibitory_15",99.605,253,1,0,253,1320,3.85e-128,453,100,"inhibitory",TRUE
"ASV11478","Hyalinobatrachiumcolymbiphyllum-ns_1",98.419,253,4,0,253,1373,2.43e-124,439,100,"non-significant",TRUE
"ASV11512","Espadaranaprosoblepon-ns_9",97.628,253,6,0,253,1384,1.26e-121,430,100,"non-significant",TRUE
"ASV11549","Litoriarheocola-inhibitory_25",98.814,253,3,0,253,861,1.99e-125,444,100,"inhibitory",TRUE
"ASV11552","Silverstoneiaflotator-inhibitory_39",98.419,253,4,0,253,1269,2.43e-124,439,100,"inhibitory",TRUE
"ASV11605","Hemidactylumscutatum-ns_8",97.628,253,6,0,253,1296,1.26e-121,430,100,"non-significant",TRUE
"ASV11612","Hemidactylumscutatum-inhibitory_19",98.419,253,4,0,253,1402,2.43e-124,439,100,"inhibitory",TRUE
"ASV11674","Plethodoncinereus-ns_8",98.024,253,5,0,253,1374,1.03e-122,434,100,"non-significant",TRUE
"ASV11693","Hemidactylumscutatum-ns_2",98.814,253,3,0,253,1375,1.99e-125,444,100,"non-significant",TRUE
"ASV11701","Litoriaserrata-inhibitory_8",98.024,253,5,0,253,1380,1.03e-122,434,100,"inhibitory",TRUE
"ASV11783","Silverstoneiaflotator-inhibitory_39",97.628,253,6,0,253,1269,1.26e-121,430,100,"inhibitory",TRUE
"ASV11817","Espadaranaprosoblepon-ns_30",98.024,253,5,0,253,1290,1.03e-122,434,100,"non-significant",TRUE
"ASV11834","Espadaranaprosoblepon-ns_30",97.628,253,6,0,253,1290,1.26e-121,430,100,"non-significant",TRUE
"ASV11903","Atelopuslimosus-ns_8",97.233,253,7,0,253,656,5.35e-120,425,100,"non-significant",TRUE
"ASV12027","Silverstoneiaflotator-inhibitory_4",98.814,253,3,0,253,1373,1.99e-125,444,100,"inhibitory",TRUE
"ASV12061","Litoriarheocola-inhibitory_25",98.024,253,5,0,253,861,1.03e-122,434,100,"inhibitory",TRUE
"ASV12084","Hemidactylumscutatum-ns_2",100,253,0,0,253,1375,9.05e-130,457,100,"non-significant",TRUE
"ASV12089","Hemidactylumscutatum-ns_3",97.233,253,7,0,253,1370,5.35e-120,425,100,"non-significant",TRUE
"ASV12115","Hemidactylumscutatum-ns_16",98.819,254,2,1,254,910,6.99e-125,442,100,"non-significant",TRUE
"ASV12129","Litoriaserrata-inhibitory_1",100,253,0,0,253,1396,9.05e-130,457,100,"inhibitory",TRUE
"ASV12142","Smiliscasordida-inhibitory_15",97.628,253,6,0,253,1277,1.26e-121,430,100,"inhibitory",TRUE
"ASV12153","Smiliscasila-ns_6",100,253,0,0,253,1211,9.05e-130,457,100,"non-significant",TRUE
"ASV12175","Atelopuslimosus-ns_1",98.814,253,3,0,253,1348,1.99e-125,444,100,"non-significant",TRUE
"ASV12204","Smiliscasila-inhibitory_12",97.233,253,7,0,253,1286,5.35e-120,425,100,"inhibitory",TRUE
"ASV12228","Espadaranaprosoblepon-ns_4",98.024,253,5,0,253,1331,1.03e-122,434,100,"non-significant",TRUE
"ASV12229","Agalychniscallidryas-ns_9",98.819,254,2,1,253,1421,6.96e-125,442,100,"non-significant",TRUE
"ASV12234","Smiliscasordida-inhibitory_15",98.024,253,5,0,253,1277,1.03e-122,434,100,"inhibitory",TRUE
"ASV12274","Hemidactylumscutatum-ns_3",99.209,253,2,0,253,1370,4.69e-127,448,100,"non-significant",TRUE
"ASV12335","Hemidactylumscutatum-ns_3",97.233,253,7,0,253,1370,5.35e-120,425,100,"non-significant",TRUE
"ASV12371","Atelopuslimosus-inhibitory_4",98.031,254,4,1,253,1375,3.61e-122,433,100,"inhibitory",TRUE
"ASV12373","Smiliscasordida-inhibitory_36",97.233,253,7,0,253,1265,5.35e-120,425,100,"inhibitory",TRUE
"ASV12439","Litorianannotis-inhibitory_34",100,253,0,0,253,1267,9.05e-130,457,100,"inhibitory",TRUE
"ASV12494","Dendrobatesauratus-inhibitory_13",99.605,253,1,0,253,1248,3.85e-128,453,100,"inhibitory",TRUE
"ASV12547","Hemidactylumscutatum-ns_3",98.814,253,3,0,253,1370,1.99e-125,444,100,"non-significant",TRUE
"ASV12559","Hemidactylumscutatum-ns_8",99.209,253,2,0,253,1296,4.69e-127,448,100,"non-significant",TRUE
"ASV12561","Atelopuslimosus-inhibitory_65",97.233,253,7,0,253,1401,5.35e-120,425,100,"inhibitory",TRUE
"ASV12574","Dendrobatesauratus-inhibitory_13",97.628,253,6,0,253,1248,1.26e-121,430,100,"inhibitory",TRUE
"ASV12580","Atelopuslimosus-ns_1",98.419,253,4,0,253,1348,2.43e-124,439,100,"non-significant",TRUE
"ASV12592","Atelopuslimosus-inhibitory_34",98.024,253,4,1,252,1349,1.25e-121,431,100,"inhibitory",TRUE
"ASV12593","Smiliscasordida-inhibitory_11",98.419,253,4,0,253,1250,2.43e-124,439,100,"inhibitory",TRUE
"ASV12609","Espadaranaprosoblepon-ns_49",97.628,253,6,0,253,1302,1.26e-121,430,100,"non-significant",TRUE
"ASV12629","Atelopuslimosus-ns_1",98.024,253,5,0,253,1348,1.03e-122,434,100,"non-significant",TRUE
"ASV12652","Strabomantisbufoniformis-inhibitory_2",97.628,253,6,0,253,1234,1.26e-121,430,100,"inhibitory",TRUE
"ASV12675","Espadaranaprosoblepon-ns_30",97.628,253,6,0,253,1290,1.26e-121,430,100,"non-significant",TRUE
"ASV12677","Plethodoncinereus-ns_13",99.605,253,1,0,253,1366,3.85e-128,453,100,"non-significant",TRUE
"ASV12702","Plethodoncinereus-inhibitory_10",98.024,253,5,0,253,1350,1.03e-122,434,100,"inhibitory",TRUE
"ASV12832","Plethodoncinereus-ns_8",98.419,253,4,0,253,1374,2.43e-124,439,100,"non-significant",TRUE
"ASV12950","Hemidactylumscutatum-ns_14",99.209,253,1,1,253,1347,5.71e-126,444,100,"non-significant",TRUE
"ASV12956","Ranamuscosa-inhibitory_35",98.814,253,3,0,253,1352,1.99e-125,444,100,"inhibitory",TRUE
"ASV12982","Dendrobatesauratus-ns_2",97.233,253,7,0,253,1180,5.35e-120,425,100,"non-significant",TRUE
"ASV12986","Silverstoneiaflotator-inhibitory_5",99.605,253,1,0,253,1379,3.85e-128,453,100,"inhibitory",TRUE
"ASV12988","Smiliscasordida-inhibitory_15",98.814,253,3,0,253,1277,1.99e-125,444,100,"inhibitory",TRUE
"ASV12995","Craugastorcrassidigitus-inhibitory_173",99.209,253,2,0,253,1274,4.69e-127,448,100,"inhibitory",TRUE
"ASV13022","Craugastorcrassidigitus-inhibitory_125",100,253,0,0,253,1267,9.05e-130,457,100,"inhibitory",TRUE
"ASV13024","Craugastorcrassidigitus-inhibitory_87",97.244,254,6,1,253,1265,1.87e-119,424,100,"inhibitory",TRUE
"ASV13060","Strabomantisbufoniformis-inhibitory_6",98.031,254,4,1,253,1194,3.61e-122,433,100,"inhibitory",TRUE
"ASV13084","Hemidactylumscutatum-ns_3",98.024,253,5,0,253,1370,1.03e-122,434,100,"non-significant",TRUE
"ASV13092","Atelopuslimosus-inhibitory_65",97.233,253,7,0,253,1401,5.35e-120,425,100,"inhibitory",TRUE
"ASV13101","Litoriaserrata-inhibitory_8",98.419,253,4,0,253,1380,2.43e-124,439,100,"inhibitory",TRUE
"ASV13162","Hyalinobatrachiumcolymbiphyllum-ns_1",99.209,253,2,0,253,1373,4.69e-127,448,100,"non-significant",TRUE
"ASV13233","Atelopuslimosus-ns_8",98.814,253,3,0,253,656,1.99e-125,444,100,"non-significant",TRUE
"ASV13249","Hemidactylumscutatum-ns_13",97.233,253,7,0,253,1355,5.35e-120,425,100,"non-significant",TRUE
"ASV13278","Hemidactylumscutatum-ns_13",97.233,253,7,0,253,1355,5.35e-120,425,100,"non-significant",TRUE
"ASV13411","Silverstoneiaflotator-inhibitory_5",98.419,253,4,0,253,1379,2.43e-124,439,100,"inhibitory",TRUE
"ASV13428","Hemidactylumscutatum-ns_3",97.233,253,7,0,253,1370,5.35e-120,425,100,"non-significant",TRUE
"ASV13473","Dendrobatesauratus-inhibitory_13",97.233,253,7,0,253,1248,5.35e-120,425,100,"inhibitory",TRUE
"ASV13496","Hemidactylumscutatum-ns_16",97.244,254,6,1,254,910,1.88e-119,424,100,"non-significant",TRUE
"ASV13503","Hemidactylumscutatum-ns_4",99.605,253,1,0,253,1370,3.85e-128,453,100,"non-significant",TRUE
"ASV13516","Atelopuslimosus-inhibitory_62",97.233,253,7,0,253,1387,5.35e-120,425,100,"inhibitory",TRUE
"ASV13550","Bufotyphonius-inhibitory_22",97.233,253,7,0,253,1214,5.35e-120,425,100,"inhibitory",TRUE
"ASV13559","Atelopuslimosus-ns_5",98.419,253,4,0,253,1378,2.43e-124,439,100,"non-significant",TRUE
"ASV13586","Hemidactylumscutatum-ns_16",98.031,254,4,1,254,910,3.62e-122,433,100,"non-significant",TRUE
"ASV13684","Agalychniscallidryas-inhibitory_14",98.81,252,3,0,252,1450,6.93e-125,442,100,"inhibitory",TRUE
"ASV13728","Hemidactylumscutatum-ns_3",98.814,253,3,0,253,1370,1.99e-125,444,100,"non-significant",TRUE
"ASV13784","Plethodoncinereus-ns_13",99.605,253,1,0,253,1366,3.85e-128,453,100,"non-significant",TRUE
"ASV13793","Silverstoneiaflotator-inhibitory_39",98.024,253,5,0,253,1269,1.03e-122,434,100,"inhibitory",TRUE
"ASV13852","Hemidactylumscutatum-ns_13",97.628,253,6,0,253,1355,1.26e-121,430,100,"non-significant",TRUE
"ASV13904","Craugastorcrassidigitus-inhibitory_173",99.605,253,1,0,253,1274,3.85e-128,453,100,"inhibitory",TRUE
"ASV14003","Hemidactylumscutatum-ns_3",97.628,253,6,0,253,1370,1.26e-121,430,100,"non-significant",TRUE
"ASV14127","Smiliscasordida-inhibitory_15",97.628,253,6,0,253,1277,1.26e-121,430,100,"inhibitory",TRUE
"ASV14131","Smiliscasordida-inhibitory_36",97.628,253,6,0,253,1265,1.26e-121,430,100,"inhibitory",TRUE
"ASV14227","Litoriaserrata-inhibitory_32",98.419,253,4,0,253,1372,2.43e-124,439,100,"inhibitory",TRUE
"ASV14480","Leiopelmaarcheyi-ns_20",98.814,253,3,0,253,1356,1.99e-125,444,100,"non-significant",TRUE
"ASV14557","Silverstoneiaflotator-ns_7",97.233,253,7,0,253,1200,5.35e-120,425,100,"non-significant",TRUE
"ASV14625","Atelopusaff.limosus-inhibitory_15",99.209,253,2,0,253,1363,4.69e-127,448,100,"inhibitory",TRUE
"ASV14643","Silverstoneiaflotator-inhibitory_41",98.024,253,5,0,253,1244,1.03e-122,434,100,"inhibitory",TRUE
"ASV14654","Hyalinobatrachiumcolymbiphyllum-inhibitory_5",100,253,0,0,253,1376,9.05e-130,457,100,"inhibitory",TRUE
"ASV14657","Atelopusspurrelli-inhibitory_9",99.209,253,2,0,253,1412,4.69e-127,448,100,"inhibitory",TRUE
"ASV14665","Espadaranaprosoblepon-ns_22",98.814,253,3,0,253,1379,1.99e-125,444,100,"non-significant",TRUE
"ASV14687","Silverstoneiaflotator-inhibitory_28",97.628,253,6,0,253,1287,1.26e-121,430,100,"inhibitory",TRUE
"ASV14696","Craugastorcrassidigitus-inhibitory_181",98.276,232,4,0,253,887,6.11e-113,401,92,"inhibitory",TRUE
"ASV14774","Hyalinobatrachiumcolymbiphyllum-inhibitory_5",98.814,253,3,0,253,1376,1.99e-125,444,100,"inhibitory",TRUE
"ASV14833","Lithobatescatesbeianus-ns_82",100,382,0,0,407,970,0,690,94,"non-significant",TRUE
"ASV14875","Leiopelmaarcheyi-ns_13",99.209,253,2,0,253,1353,4.69e-127,448,100,"non-significant",TRUE
"ASV14884","Atelopuslimosus-inhibitory_67",98.814,253,3,0,253,1344,1.99e-125,444,100,"inhibitory",TRUE
"ASV14952","Dendrobatesauratus-ns_2",99.209,253,2,0,253,1180,4.69e-127,448,100,"non-significant",TRUE
"ASV14994","Smiliscasila-inhibitory_3",99.605,253,1,0,253,1362,3.85e-128,453,100,"inhibitory",TRUE
"ASV15006","Hemidactylumscutatum-ns_3",97.233,253,7,0,253,1370,5.35e-120,425,100,"non-significant",TRUE
"ASV15083","Strabomantisbufoniformis-inhibitory_1",98.016,252,5,0,253,1159,3.61e-122,433,99,"inhibitory",TRUE
"ASV15113","Atelopuslimosus-ns_6",97.628,253,6,0,253,1343,1.26e-121,430,100,"non-significant",TRUE
"ASV15117","Atelopuslimosus-ns_6",98.024,253,5,0,253,1343,1.03e-122,434,100,"non-significant",TRUE
"ASV15129","Litorianannotis-inhibitory_56",98.024,253,5,0,253,1352,6.96e-125,442,100,"inhibitory",TRUE
"ASV15249","Craugastorcrassidigitus-inhibitory_153",98.024,253,5,0,253,1282,1.03e-122,434,100,"inhibitory",TRUE
"ASV15265","Litoriaserrata-inhibitory_32",97.233,253,7,0,253,1372,5.35e-120,425,100,"inhibitory",TRUE
"ASV15273","Litoriaserrata-inhibitory_32",97.233,253,7,0,253,1372,5.35e-120,425,100,"inhibitory",TRUE
"ASV15348","Silverstoneiaflotator-ns_7",97.628,253,6,0,253,1200,1.26e-121,430,100,"non-significant",TRUE
"ASV15354","Hemidactylumscutatum-ns_3",97.233,253,7,0,253,1370,5.35e-120,425,100,"non-significant",TRUE
"ASV15439","Atelopusaff.limosus-inhibitory_11",100,253,0,0,253,1384,9.05e-130,457,100,"inhibitory",TRUE
"ASV15591","Plethodoncinereus-ns_6",99.605,253,1,0,253,1376,3.85e-128,453,100,"non-significant",TRUE
"ASV15593","Litorianannotis-inhibitory_1",99.209,253,1,1,253,1405,5.71e-126,444,100,"inhibitory",TRUE
"ASV15605","Hemidactylumscutatum-ns_3",97.233,253,7,0,253,1370,5.35e-120,425,100,"non-significant",TRUE
"ASV15629","Hemidactylumscutatum-ns_2",99.605,253,1,0,253,1375,3.85e-128,453,100,"non-significant",TRUE
"ASV15765","Hyalinobatrachiumcolymbiphyllum-ns_1",99.605,253,1,0,253,1373,3.85e-128,453,100,"non-significant",TRUE
"ASV15777","Colostethuspanamensis-ns_6",99.605,253,1,0,253,1246,3.85e-128,453,100,"non-significant",TRUE
"ASV15818","Atelopuselegans-ns_3",98.814,253,3,0,253,1054,1.99e-125,444,100,"non-significant",TRUE
"ASV16008","Agalychniscallidryas-ns_9",98.819,254,2,1,253,1421,6.96e-125,442,100,"non-significant",TRUE
"ASV16038","Espadaranaprosoblepon-ns_74",97.628,253,6,0,253,1355,1.26e-121,430,100,"non-significant",TRUE
"ASV16119","Atelopuslimosus-inhibitory_62",97.233,253,7,0,253,1387,5.35e-120,425,100,"inhibitory",TRUE
"ASV16183","Strabomantisbufoniformis-inhibitory_2",99.605,253,1,0,253,1234,3.85e-128,453,100,"inhibitory",TRUE
"ASV16623","Silverstoneiaflotator-inhibitory_22",99.605,253,1,0,253,1211,3.85e-128,453,100,"inhibitory",TRUE
"ASV16698","Leiopelmaarcheyi-ns_20",98.024,253,5,0,253,1356,1.03e-122,434,100,"non-significant",TRUE
"ASV16747","Atelopuslimosus-inhibitory_62",98.024,253,5,0,253,1387,1.03e-122,434,100,"inhibitory",TRUE
"ASV16774","Litoriaserrata-inhibitory_1",99.209,253,2,0,253,1396,4.69e-127,448,100,"inhibitory",TRUE
"ASV16899","Hyalinobatrachiumcolymbiphyllum-ns_1",98.419,253,4,0,253,1373,2.43e-124,439,100,"non-significant",TRUE
"ASV17003","Silverstoneiaflotator-inhibitory_23",98.419,253,4,0,253,1185,2.43e-124,439,100,"inhibitory",TRUE
"ASV17376","Dendrobatesauratus-inhibitory_5",99.605,253,1,0,253,1245,3.85e-128,453,100,"inhibitory",TRUE
"ASV17853","Ranasphenocephala-ns_8",98.246,228,4,0,240,776,8.55e-111,394,95,"non-significant",TRUE
"ASV17994","Atelopuslimosus-inhibitory_62",97.233,253,6,1,252,1387,6.49e-119,422,100,"inhibitory",TRUE
"ASV18027","Silverstoneiaflotator-inhibitory_23",99.605,253,1,0,253,1185,3.85e-128,453,100,"inhibitory",TRUE
"ASV18050","Agalychniscallidryas-ns_44",97.233,253,7,0,253,1411,5.35e-120,425,100,"non-significant",TRUE
"ASV18395","Craugastorcrassidigitus-inhibitory_125",98.419,253,4,0,253,1267,2.43e-124,439,100,"inhibitory",TRUE
"ASV18541","Espadaranaprosoblepon-ns_3",97.881,236,5,0,253,1414,1.75e-113,404,93,"non-significant",TRUE
"ASV18780","Atelopusaff.limosus-inhibitory_11",99.209,253,2,0,253,1384,4.69e-127,448,100,"inhibitory",TRUE
"ASV18868","Strabomantisbufoniformis-inhibitory_7",98.419,253,4,0,253,1266,2.43e-124,439,100,"inhibitory",TRUE
"ASV19175","Craugastorcrassidigitus-inhibitory_143",98.024,253,5,0,253,1262,1.03e-122,434,100,"inhibitory",TRUE
"ASV19397","Espadaranaprosoblepon-ns_4",98.305,236,4,0,253,1331,4.11e-115,408,93,"non-significant",TRUE
"ASV19940","Strabomantisbufoniformis-inhibitory_7",97.628,253,6,0,253,1266,1.26e-121,430,100,"inhibitory",TRUE
