"Community","Genus","Site_1","Site_2","KS_distance"
"Whole community","Klebsiella","Lost Iguana","Veragua",0.222222222222222
"Whole community","Unclassified_Bacteria","Lost Iguana","Veragua",0.666666666666667
"Whole community","Caldalkalibacillus","Lost Iguana","Veragua",0.555555555555556
"Whole community","Actinomycetospora","Lost Iguana","Veragua",1
"Whole community","Staphylococcus","Lost Iguana","Veragua",0.5
"Whole community","Nesterenkonia","Lost Iguana","Veragua",0.611111111111111
"Whole community","Acinetobacter","Lost Iguana","Veragua",0.555555555555556
"Whole community","Pseudonocardia","Lost Iguana","Veragua",0.611111111111111
"Whole community","Devriesea","Lost Iguana","Veragua",0.166666666666667
"Whole community","Methylocella","Lost Iguana","Veragua",0.666666666666667
"Whole community","Unclassified_Alcaligenaceae","Lost Iguana","Veragua",0.666666666666667
"Whole community","Unclassified_Planococcaceae","Lost Iguana","Veragua",0.555555555555556
"Whole community","Anoxybacillus","Lost Iguana","Veragua",0.555555555555556
"Whole community","Unclassified_Mitochondria","Lost Iguana","Veragua",0.777777777777778
"Whole community","Enterococcus","Lost Iguana","Veragua",0.666666666666667
"Whole community","Methylobacterium-Methylorubrum","Lost Iguana","Veragua",1
"Whole community","Tepidiphilus","Lost Iguana","Veragua",0.5
"Whole community","Pseudomonas","Lost Iguana","Veragua",0.555555555555556
"Whole community","Bacteroides","Lost Iguana","Veragua",0.111111111111111
"Whole community","Streptococcus","Lost Iguana","Veragua",0.444444444444444
"Whole community","Aerococcus","Lost Iguana","Veragua",1
"Whole community","Candidatus Branchiomonas","Lost Iguana","Veragua",0.388888888888889
"Whole community","Unclassified_Bacillaceae","Lost Iguana","Veragua",0.555555555555556
"Whole community","Clostridium sensu stricto 12","Lost Iguana","Veragua",0.555555555555556
"Whole community","Knoellia","Lost Iguana","Veragua",0.277777777777778
"Whole community","Chryseobacterium","Lost Iguana","Veragua",0.111111111111111
"Whole community","Corynebacterium","Lost Iguana","Veragua",0.888888888888889
"Whole community","Stenotrophomonas","Lost Iguana","Veragua",0.666666666666667
"Whole community","Sphingobacterium","Lost Iguana","Veragua",0.333333333333333
"Whole community","1174-901-12","Lost Iguana","Veragua",0.888888888888889
"Whole community","Sphingomonas","Lost Iguana","Veragua",0.5
"Whole community","Unclassified_Enterobacteriaceae","Lost Iguana","Veragua",0.222222222222222
"Whole community","Jatrophihabitans","Lost Iguana","Veragua",0.833333333333333
"Whole community","Unclassified_Caloramatoraceae","Lost Iguana","Veragua",0.5
"Whole community","Byssovorax","Lost Iguana","Veragua",0.222222222222222
"Whole community","Aureimonas","Lost Iguana","Veragua",0.611111111111111
"Whole community","Nakamurella","Lost Iguana","Veragua",0.388888888888889
"Whole community","Amnibacterium","Lost Iguana","Veragua",0.777777777777778
"Whole community","Lawsonella","Lost Iguana","Veragua",0.611111111111111
"Whole community","Bradyrhizobium","Lost Iguana","Veragua",0.277777777777778
"Whole community","Mycoplasma","Lost Iguana","Veragua",0.333333333333333
"Whole community","Halomonas","Lost Iguana","Veragua",0.5
"Whole community","Curtobacterium","Lost Iguana","Veragua",0.611111111111111
"Whole community","Unclassified_Beijerinckiaceae","Lost Iguana","Veragua",0.444444444444444
"Whole community","Mycobacterium","Lost Iguana","Veragua",0.611111111111111
"Whole community","Lapillicoccus","Lost Iguana","Veragua",0.555555555555556
"Whole community","Unclassified_Rhizobiaceae","Lost Iguana","Veragua",0.388888888888889
"Whole community","Unclassified_67-14","Lost Iguana","Veragua",0.555555555555556
"Whole community","Haliangium","Lost Iguana","Veragua",0.5
"Whole community","Kocuria","Lost Iguana","Veragua",0.444444444444444
"Whole community","Nostoc PCC-7107","Lost Iguana","Veragua",0.333333333333333
"Whole community","Micrococcus","Lost Iguana","Veragua",0.222222222222222
"Whole community","LD29","Lost Iguana","Veragua",0.5
"Whole community","Unclassified_Caulobacteraceae","Lost Iguana","Veragua",0.611111111111111
"Whole community","Nocardioides","Lost Iguana","Veragua",0.555555555555556
"Whole community","Clostridium sensu stricto 10","Lost Iguana","Veragua",0.5
"Whole community","Terriglobus","Lost Iguana","Veragua",0.388888888888889
"Whole community","Conexibacter","Lost Iguana","Veragua",0.611111111111111
"Whole community","Loriellopsis LF-B5","Lost Iguana","Veragua",0.388888888888889
"Whole community","Streptomyces","Lost Iguana","Veragua",0.277777777777778
"Whole community","Parafilimonas","Lost Iguana","Veragua",0.277777777777778
"Whole community","Aridibacter","Lost Iguana","Veragua",0.222222222222222
"Whole community","Devosia","Lost Iguana","Veragua",0.444444444444444
"Whole community","Bacillus","Lost Iguana","Veragua",0.277777777777778
"Whole community","Quadrisphaera","Lost Iguana","Veragua",0.388888888888889
"Whole community","Brachybacterium","Lost Iguana","Veragua",0.777777777777778
"Whole community","Actinoplanes","Lost Iguana","Veragua",0.5
"Whole community","Flavobacterium","Lost Iguana","Veragua",0.222222222222222
"Whole community","Rothia","Lost Iguana","Veragua",0.222222222222222
"Whole community","Tumebacillus","Lost Iguana","Veragua",0.611111111111111
"Whole community","Rubrobacter","Lost Iguana","Veragua",0.611111111111111
"Whole community","Haemophilus","Lost Iguana","Veragua",0.111111111111111
"Whole community","Brevibacterium","Lost Iguana","Veragua",0.5
"Whole community","Psychroglaciecola","Lost Iguana","Veragua",0.5
"Whole community","Unclassified_Kineosporiaceae","Lost Iguana","Veragua",0.333333333333333
"Whole community","Candidatus Udaeobacter","Lost Iguana","Veragua",0.166666666666667
"Whole community","Candidatus Megaira","Lost Iguana","Veragua",0.111111111111111
"Whole community","Actinomyces","Lost Iguana","Veragua",0.222222222222222
"Whole community","Blastocatella","Lost Iguana","Veragua",0.222222222222222
"Whole community","Niabella","Lost Iguana","Veragua",0.222222222222222
"Whole community","Neorhizobium","Lost Iguana","Veragua",0.333333333333333
"Whole community","Allorhizobium-Neorhizobium-Pararhizobium-Rhizobium","Lost Iguana","Veragua",0.277777777777778
"Whole community","Tianweitania","Lost Iguana","Veragua",0.166666666666667
"Whole community","Hephaestia","Lost Iguana","Veragua",0.277777777777778
"Whole community","Kineococcus","Lost Iguana","Veragua",0.444444444444444
"Whole community","Qipengyuania","Lost Iguana","Veragua",0.222222222222222
"Whole community","IheB3-7","Lost Iguana","Veragua",0.444444444444444
"Whole community","Gemella","Lost Iguana","Veragua",0.0555555555555556
"Whole community","Unclassified_Sphingomonadaceae","Lost Iguana","Veragua",0.388888888888889
"Whole community","Mucilaginibacter","Lost Iguana","Veragua",0.277777777777778
"Whole community","Unclassified_Microbacteriaceae","Lost Iguana","Veragua",0.666666666666667
"Whole community","FFCH7168","Lost Iguana","Veragua",0.444444444444444
"Whole community","Enhydrobacter","Lost Iguana","Veragua",0.388888888888889
"Whole community","Sphingobium","Lost Iguana","Veragua",0.5
"Whole community","Luteibacter","Lost Iguana","Veragua",0.222222222222222
"Whole community","Klenkia","Lost Iguana","Veragua",0.388888888888889
"Whole community","Edaphobacter","Lost Iguana","Veragua",0.333333333333333
"Whole community","Sphingoaurantiacus","Lost Iguana","Veragua",0.333333333333333
"Whole community","Methylopila","Lost Iguana","Veragua",0.166666666666667
"Whole community","Unclassified_Chitinophagaceae","Lost Iguana","Veragua",0.222222222222222
"Whole community","Peptoniphilus","Lost Iguana","Veragua",0.222222222222222
"Whole community","Kribbella","Lost Iguana","Veragua",0.333333333333333
"Whole community","Marmoricola","Lost Iguana","Veragua",0.888888888888889
"Whole community","Achromobacter","Lost Iguana","Veragua",0.222222222222222
"Whole community","Unclassified_Simkaniaceae","Lost Iguana","Veragua",0.333333333333333
"Whole community","Cytophaga","Lost Iguana","Veragua",0.222222222222222
"Whole community","Unclassified_Acetobacteraceae","Lost Iguana","Veragua",0.666666666666667
"Whole community","Bosea","Lost Iguana","Veragua",0.111111111111111
"Whole community","Rhizorhapis","Lost Iguana","Veragua",0.222222222222222
"Whole community","Sediminibacterium","Lost Iguana","Veragua",0.222222222222222
"Whole community","Micromonospora","Lost Iguana","Veragua",0.166666666666667
"Whole community","Unclassified_Micropepsaceae","Lost Iguana","Veragua",0.222222222222222
"Whole community","Unclassified_Nocardioidaceae","Lost Iguana","Veragua",0.388888888888889
"Whole community","Cellulomonas","Lost Iguana","Veragua",0.111111111111111
"Whole community","Rhodococcus","Lost Iguana","Veragua",0.333333333333333
"Whole community","Scytonema VB-61278","Lost Iguana","Veragua",0.333333333333333
"Whole community","Kineosporia","Lost Iguana","Veragua",0.611111111111111
"Whole community","Granulicella","Lost Iguana","Veragua",0.222222222222222
"Whole community","Unclassified_Xanthobacteraceae","Lost Iguana","Veragua",0.5
"Whole community","Flexivirga","Lost Iguana","Veragua",0.277777777777778
"Whole community","Truepera","Lost Iguana","Veragua",0.277777777777778
"Whole community","Solirubrobacter","Lost Iguana","Veragua",0.5
"Whole community","Aetokthonos AEL04","Lost Iguana","Veragua",0.222222222222222
"Whole community","Anaerococcus","Lost Iguana","Veragua",0.333333333333333
"Whole community","Labrys","Lost Iguana","Veragua",0.388888888888889
"Whole community","Unclassified_BIrii41","Lost Iguana","Veragua",0.333333333333333
"Whole community","Thermoanaerobacterium","Lost Iguana","Veragua",0.444444444444444
"Whole community","Unclassified_Comamonadaceae","Lost Iguana","Veragua",0.333333333333333
"Whole community","Brevundimonas","Lost Iguana","Veragua",0.444444444444444
"Whole community","Finegoldia","Lost Iguana","Veragua",0.333333333333333
"Whole community","Acidiphilium","Lost Iguana","Veragua",0.555555555555556
"Whole community","Paracoccus","Lost Iguana","Veragua",0.222222222222222
"Whole community","Acidibacter","Lost Iguana","Veragua",0.555555555555556
"Whole community","Dactylosporangium","Lost Iguana","Veragua",0.166666666666667
"Whole community","Burkholderia-Caballeronia-Paraburkholderia","Lost Iguana","Veragua",0.444444444444444
"Whole community","Pseudorhizobium","Lost Iguana","Veragua",0.222222222222222
"Whole community","Novosphingobium","Lost Iguana","Veragua",0.333333333333333
"Whole community","Bryobacter","Lost Iguana","Veragua",0.333333333333333
"Whole community","Pedobacter","Lost Iguana","Veragua",0.111111111111111
"Whole community","Unclassified_Lachnospiraceae","Lost Iguana","Veragua",0.277777777777778
"Whole community","Candidatus Solibacter","Lost Iguana","Veragua",0.166666666666667
"Whole community","Rhodopseudomonas","Lost Iguana","Veragua",0.166666666666667
"Whole community","MN 122.2a","Lost Iguana","Veragua",0.277777777777778
"Whole community","Unclassified_Solimonadaceae","Lost Iguana","Veragua",0.277777777777778
"Whole community","Duganella","Lost Iguana","Veragua",0.277777777777778
"Whole community","Xylophilus","Lost Iguana","Veragua",0.166666666666667
"Whole community","Ellin6055","Lost Iguana","Veragua",0.166666666666667
"Whole community","Spirosoma","Lost Iguana","Veragua",0.277777777777778
"Whole community","Unclassified_Chthoniobacteraceae","Lost Iguana","Veragua",0.111111111111111
"Whole community","Acuticoccus","Lost Iguana","Veragua",0.222222222222222
"Whole community","Aurantisolimonas","Lost Iguana","Veragua",0.222222222222222
"Whole community","Cellvibrio","Lost Iguana","Veragua",0.611111111111111
"Whole community","Cutibacterium","Lost Iguana","Veragua",0.555555555555556
"Whole community","Acidothermus","Lost Iguana","Veragua",0.5
"Whole community","Legionella","Lost Iguana","Veragua",0.222222222222222
"Whole community","Schumannella","Lost Iguana","Veragua",0.277777777777778
"Whole community","Asticcacaulis","Lost Iguana","Veragua",0.166666666666667
"Whole community","Unclassified_Micromonosporaceae","Lost Iguana","Veragua",0.333333333333333
"Whole community","Pseudactinotalea","Lost Iguana","Veragua",0.222222222222222
"Whole community","Paenibacillus","Lost Iguana","Veragua",0.388888888888889
"Whole community","Flavisolibacter","Lost Iguana","Veragua",0.166666666666667
"Whole community","Abiotrophia","Lost Iguana","Veragua",0.166666666666667
"Whole community","Candidatus Alysiosphaera","Lost Iguana","Veragua",0.611111111111111
"Whole community","Pedococcus-Phycicoccus","Lost Iguana","Veragua",0.388888888888889
"Whole community","Brucella","Lost Iguana","Veragua",0.166666666666667
"Whole community","Angustibacter","Lost Iguana","Veragua",0.5
"Whole community","Fimbriiglobus","Lost Iguana","Veragua",0.388888888888889
"Whole community","Acidicaldus","Lost Iguana","Veragua",0.333333333333333
"Whole community","Unclassified_Polyangiaceae","Lost Iguana","Veragua",0.444444444444444
"Whole community","Piscinibacter","Lost Iguana","Veragua",0.166666666666667
"Whole community","Aeromicrobium","Lost Iguana","Veragua",0.222222222222222
"Whole community","Unclassified_JG30-KF-CM45","Lost Iguana","Veragua",0.5
"Whole community","Bryocella","Lost Iguana","Veragua",0.277777777777778
"Whole community","Rubellimicrobium","Lost Iguana","Veragua",0.5
"Whole community","Gemmata","Lost Iguana","Veragua",0.333333333333333
"Whole community","Luteolibacter","Lost Iguana","Veragua",0.111111111111111
"Whole community","Phenylobacterium","Lost Iguana","Veragua",0.333333333333333
"Whole community","Prevotella_7","Lost Iguana","Veragua",0.666666666666667
"Whole community","Calditerricola","Lost Iguana","Veragua",0.5
"Whole community","alphaI cluster","Lost Iguana","Veragua",0.222222222222222
"Whole community","Ohtaekwangia","Lost Iguana","Veragua",0.388888888888889
"Whole community","Unclassified_Fimbriimonadaceae","Lost Iguana","Veragua",0.388888888888889
"Whole community","Unclassified_Neisseriaceae","Lost Iguana","Veragua",0.555555555555556
"Whole community","P3OB-42","Lost Iguana","Veragua",0.333333333333333
"Whole community","Williamsia","Lost Iguana","Veragua",0.444444444444444
"Whole community","Pseudochrobactrum","Lost Iguana","Veragua",0.111111111111111
"Whole community","Caulobacter","Lost Iguana","Veragua",0.222222222222222
"Whole community","Thermobrachium","Lost Iguana","Veragua",0.444444444444444
"Whole community","Patulibacter","Lost Iguana","Veragua",0.277777777777778
"Whole community","RB41","Lost Iguana","Veragua",0.222222222222222
"Whole community","Azospirillum","Lost Iguana","Veragua",0.666666666666667
"Whole community","Acidisphaera","Lost Iguana","Veragua",0.111111111111111
"Whole community","Chthoniobacter","Lost Iguana","Veragua",0.166666666666667
"Whole community","Unclassified_Staphylococcaceae","Lost Iguana","Veragua",0.222222222222222
"Whole community","Amaricoccus","Lost Iguana","Veragua",0.222222222222222
"Whole community","Unclassified_Sandaracinaceae","Lost Iguana","Veragua",0.166666666666667
"Whole community","Edaphobaculum","Lost Iguana","Veragua",0.5
"Whole community","Unclassified_Roseiflexaceae","Lost Iguana","Veragua",0.444444444444444
"Whole community","CL500-29 marine group","Lost Iguana","Veragua",0.222222222222222
"Whole community","Mesorhizobium","Lost Iguana","Veragua",0.222222222222222
"Whole community","Acidipila-Silvibacterium","Lost Iguana","Veragua",0.222222222222222
"Whole community","Methylocystis","Lost Iguana","Veragua",0.277777777777778
"Whole community","Unclassified_Ktedonobacteraceae","Lost Iguana","Veragua",0.388888888888889
"Whole community","Unclassified_AKIW781","Lost Iguana","Veragua",0.277777777777778
"Whole community","Oligoflexus","Lost Iguana","Veragua",0.166666666666667
"Whole community","Deinococcus","Lost Iguana","Veragua",0.388888888888889
"Whole community","Shinella","Lost Iguana","Veragua",0.222222222222222
"Whole community","Abditibacterium","Lost Iguana","Veragua",0.333333333333333
"Whole community","Roseomonas","Lost Iguana","Veragua",0.222222222222222
"Whole community","Pseudolabrys","Lost Iguana","Veragua",0.111111111111111
"Whole community","Pseudoxanthomonas","Lost Iguana","Veragua",0.111111111111111
"Whole community","Unclassified_Chroococcidiopsaceae","Lost Iguana","Veragua",0.333333333333333
"Whole community","Unclassified_Rhizobiales Incertae Sedis","Lost Iguana","Veragua",0.333333333333333
"Whole community","Dyadobacter","Lost Iguana","Veragua",0.0555555555555556
"Whole community","Unclassified_Nostocaceae","Lost Iguana","Veragua",0.111111111111111
"Whole community","Unclassified_Sphingobacteriaceae","Lost Iguana","Veragua",0.166666666666667
"Whole community","Rhodanobacter","Lost Iguana","Veragua",0.0555555555555556
"Whole community","Variibacter","Lost Iguana","Veragua",0.111111111111111
"Whole community","Unclassified_Microscillaceae","Lost Iguana","Veragua",0.166666666666667
"Whole community","Rhodopila","Lost Iguana","Veragua",0.388888888888889
"Whole community","Microvirga","Lost Iguana","Veragua",0.388888888888889
"Whole community","Unclassified_Solirubrobacteraceae","Lost Iguana","Veragua",0.5
"Whole community","Acidisoma","Lost Iguana","Veragua",0.222222222222222
"Whole community","Roseiarcus","Lost Iguana","Veragua",0.222222222222222
"Whole community","Alicyclobacillus","Lost Iguana","Veragua",0.222222222222222
"Whole community","Unclassified_Rhodobacteraceae","Lost Iguana","Veragua",0.277777777777778
"Whole community","Gordonia","Lost Iguana","Veragua",0.111111111111111
"Whole community","Phaselicystis","Lost Iguana","Veragua",0.5
"Whole community","Unclassified_Rhodanobacteraceae","Lost Iguana","Veragua",0.111111111111111
"Whole community","Unclassified_Isosphaeraceae","Lost Iguana","Veragua",0.388888888888889
"Whole community","Thermomonas","Lost Iguana","Veragua",0.222222222222222
"Whole community","Unclassified_Acidobacteriaceae (Subgroup 1)","Lost Iguana","Veragua",0.333333333333333
"Whole community","Hirschia","Lost Iguana","Veragua",0.166666666666667
"Whole community","Unclassified_Ilumatobacteraceae","Lost Iguana","Veragua",0.166666666666667
"Whole community","Chryseolinea","Lost Iguana","Veragua",0.0555555555555556
"Whole community","Pajaroellobacter","Lost Iguana","Veragua",0.222222222222222
"Whole community","Pseudaminobacter","Lost Iguana","Veragua",0.222222222222222
"Whole community","Unclassified_Devosiaceae","Lost Iguana","Veragua",0.166666666666667
"Whole community","Veillonella","Lost Iguana","Veragua",0.111111111111111
"Whole community","Desulfotomaculum","Lost Iguana","Veragua",0.166666666666667
"Whole community","Unclassified_Micrococcaceae","Lost Iguana","Veragua",0.222222222222222
"Whole community","Subgroup 10","Lost Iguana","Veragua",0.222222222222222
"Whole community","Pseudorhodoplanes","Lost Iguana","Veragua",0.222222222222222
"Whole community","Hymenobacter","Lost Iguana","Veragua",0.444444444444444
"Whole community","JCM 18997","Lost Iguana","Veragua",0.388888888888889
"Whole community","Unclassified_Obscuribacteraceae","Lost Iguana","Veragua",0.0555555555555556
"Whole community","Chitinophaga","Lost Iguana","Veragua",0.277777777777778
"Whole community","Rhodoplanes","Lost Iguana","Veragua",0.333333333333333
"Whole community","Unclassified_Gemmatimonadaceae","Lost Iguana","Veragua",0.166666666666667
"Whole community","Flavitalea","Lost Iguana","Veragua",0.111111111111111
"Whole community","Iamia","Lost Iguana","Veragua",0.277777777777778
"Whole community","Parviterribacter","Lost Iguana","Veragua",0.166666666666667
"Whole community","Taibaiella","Lost Iguana","Veragua",0.277777777777778
"Whole community","Altererythrobacter","Lost Iguana","Veragua",0.166666666666667
"Whole community","Unclassified_SM2D12","Lost Iguana","Veragua",0.166666666666667
"Whole community","Reyranella","Lost Iguana","Veragua",0.222222222222222
"Whole community","Bdellovibrio","Lost Iguana","Veragua",0.388888888888889
"Whole community","Gaiella","Lost Iguana","Veragua",0.222222222222222
"Whole community","Pedomicrobium","Lost Iguana","Veragua",0.444444444444444
"Whole community","Hyphomicrobium","Lost Iguana","Veragua",0.222222222222222
"Whole community","Unclassified_Blastocatellaceae","Lost Iguana","Veragua",0.222222222222222
"Whole community","OM27 clade","Lost Iguana","Veragua",0.111111111111111
"Whole community","Unclassified_Gemmataceae","Lost Iguana","Veragua",0.444444444444444
"Whole community","Geobacillus","Lost Iguana","Veragua",0.333333333333333
"Whole community","Luteimonas","Lost Iguana","Veragua",0.0555555555555556
"Whole community","Puia","Lost Iguana","Veragua",0.166666666666667
"Whole community","Unclassified_Caldilineaceae","Lost Iguana","Veragua",0.333333333333333
"Whole community","Unclassified_Rickettsiaceae","Lost Iguana","Veragua",0.166666666666667
"Whole community","Unclassified_env.OPS 17","Lost Iguana","Veragua",0.444444444444444
"Whole community","Unclassified_37-13","Lost Iguana","Veragua",0.0555555555555556
"Whole community","Candidatus Xiphinematobacter","Lost Iguana","Veragua",0.166666666666667
"Whole community","Unclassified_Myxococcaceae","Lost Iguana","Veragua",0.166666666666667
"Whole community","Steroidobacter","Lost Iguana","Veragua",0.277777777777778
"Whole community","Leptolyngbya ANT.L52.2","Lost Iguana","Veragua",0.166666666666667
"Whole community","SH-PL14","Lost Iguana","Veragua",0.166666666666667
"Whole community","Aquisphaera","Lost Iguana","Veragua",0.111111111111111
"Whole community","Tepidisphaera","Lost Iguana","Veragua",0.166666666666667
"Whole community","Ilumatobacter","Lost Iguana","Veragua",0.166666666666667
"Whole community","Terrimonas","Lost Iguana","Veragua",0.277777777777778
"Whole community","Peredibacter","Lost Iguana","Veragua",0.222222222222222
"Whole community","Asanoa","Lost Iguana","Veragua",0.222222222222222
"Whole community","Nordella","Lost Iguana","Veragua",0.111111111111111
"Whole community","Nevskia","Lost Iguana","Veragua",0.111111111111111
"Whole community","SM1A02","Lost Iguana","Veragua",0.111111111111111
"Whole community","Unclassified_Methyloligellaceae","Lost Iguana","Veragua",0.166666666666667
"Whole community","Ferruginibacter","Lost Iguana","Veragua",0.222222222222222
"Whole community","Unclassified_WD2101 soil group","Lost Iguana","Veragua",0.166666666666667
"Whole community","Unclassified_Sporichthyaceae","Lost Iguana","Veragua",0.166666666666667
"Whole community","Segetibacter","Lost Iguana","Veragua",0.111111111111111
"Whole community","Gemmatimonas","Lost Iguana","Veragua",0.0555555555555556
"Whole community","Unclassified_TRA3-20","Lost Iguana","Veragua",0.111111111111111
"Whole community","Unclassified_Spirosomaceae","Lost Iguana","Veragua",0.111111111111111
"Whole community","Unclassified_Micavibrionaceae","Lost Iguana","Veragua",0.166666666666667
"Whole community","Unclassified_D05-2","Lost Iguana","Veragua",0.111111111111111
"Whole community","Unclassified_Microtrichaceae","Lost Iguana","Veragua",0.222222222222222
"Whole community","Lysobacter","Lost Iguana","Veragua",0.111111111111111
"Whole community","Unclassified_Vicinamibacteraceae","Lost Iguana","Veragua",0.444444444444444
"Whole community","Unclassified_Pedosphaeraceae","Lost Iguana","Veragua",0.222222222222222
"Whole community","Amycolatopsis","Lost Iguana","Veragua",0.166666666666667
"Whole community","Unclassified_AB1","Lost Iguana","Veragua",0.111111111111111
"Whole community","SWB02","Lost Iguana","Veragua",0.277777777777778
"Whole community","Nannocystis","Lost Iguana","Veragua",0.166666666666667
"Whole community","Opitutus","Lost Iguana","Veragua",0.222222222222222
"Whole community","Pirellula","Lost Iguana","Veragua",0.222222222222222
"Whole community","Anaeromyxobacter","Lost Iguana","Veragua",0.166666666666667
"Whole community","Tundrisphaera","Lost Iguana","Veragua",0.222222222222222
"Whole community","Unclassified_Parachlamydiaceae","Lost Iguana","Veragua",0.222222222222222
"Whole community","Unclassified_Ardenticatenaceae","Lost Iguana","Veragua",0.277777777777778
"Whole community","Chthonomonas","Lost Iguana","Veragua",0.277777777777778
"Whole community","Unclassified_A4b","Lost Iguana","Veragua",0.111111111111111
"Whole community","Unclassified_Saprospiraceae","Lost Iguana","Veragua",0.111111111111111
"Whole community","Unclassified_Tepidisphaeraceae","Lost Iguana","Veragua",0.111111111111111
"Whole community","Coxiella","Lost Iguana","Veragua",0.111111111111111
"Whole community","Unclassified_Pirellulaceae","Lost Iguana","Veragua",0.166666666666667
"Whole community","Pir4 lineage","Lost Iguana","Veragua",0.166666666666667
"Whole community","JGI 0001001-H03","Lost Iguana","Veragua",0.166666666666667
"Whole community","Aquicella","Lost Iguana","Veragua",0.111111111111111
"Whole community","Unclassified_Oligoflexaceae","Lost Iguana","Veragua",0.111111111111111
"Whole community","Unclassified_Verrucomicrobiaceae","Lost Iguana","Veragua",0.111111111111111
"Whole community","Unclassified_AKYH767","Lost Iguana","Veragua",0.166666666666667
"Whole community","Unclassified_NS9 marine group","Lost Iguana","Veragua",0.111111111111111
"Whole community","Unclassified_KD3-93","Lost Iguana","Veragua",0.111111111111111
"Whole community","Prosthecobacter","Lost Iguana","Veragua",0.111111111111111
"Whole community","Unclassified_Diplorickettsiaceae","Lost Iguana","Veragua",0.0555555555555556
"Whole community","Unclassified_LWQ8","Lost Iguana","Veragua",0.166666666666667
"Whole community","Candidatus Protochlamydia","Lost Iguana","Veragua",0.222222222222222
"Whole community","Klebsiella","Lost Iguana","Altos de Campana",0.266666666666667
"Whole community","Unclassified_Bacteria","Lost Iguana","Altos de Campana",0.9
"Whole community","Caldalkalibacillus","Lost Iguana","Altos de Campana",0.688888888888889
"Whole community","Actinomycetospora","Lost Iguana","Altos de Campana",1
"Whole community","Staphylococcus","Lost Iguana","Altos de Campana",1
"Whole community","Nesterenkonia","Lost Iguana","Altos de Campana",0.688888888888889
"Whole community","Acinetobacter","Lost Iguana","Altos de Campana",0.9
"Whole community","Pseudonocardia","Lost Iguana","Altos de Campana",1
"Whole community","Devriesea","Lost Iguana","Altos de Campana",0.177777777777778
"Whole community","Methylocella","Lost Iguana","Altos de Campana",1
"Whole community","Unclassified_Alcaligenaceae","Lost Iguana","Altos de Campana",0.588888888888889
"Whole community","Unclassified_Planococcaceae","Lost Iguana","Altos de Campana",0.688888888888889
"Whole community","Anoxybacillus","Lost Iguana","Altos de Campana",0.6
"Whole community","Unclassified_Mitochondria","Lost Iguana","Altos de Campana",0.777777777777778
"Whole community","Enterococcus","Lost Iguana","Altos de Campana",0.577777777777778
"Whole community","Methylobacterium-Methylorubrum","Lost Iguana","Altos de Campana",0.9
"Whole community","Tepidiphilus","Lost Iguana","Altos de Campana",0.677777777777778
"Whole community","Pseudomonas","Lost Iguana","Altos de Campana",0.566666666666667
"Whole community","Bacteroides","Lost Iguana","Altos de Campana",0.2
"Whole community","Streptococcus","Lost Iguana","Altos de Campana",0.2
"Whole community","Aerococcus","Lost Iguana","Altos de Campana",1
"Whole community","Candidatus Branchiomonas","Lost Iguana","Altos de Campana",0.233333333333333
"Whole community","Unclassified_Bacillaceae","Lost Iguana","Altos de Campana",0.666666666666667
"Whole community","Clostridium sensu stricto 12","Lost Iguana","Altos de Campana",0.688888888888889
"Whole community","Knoellia","Lost Iguana","Altos de Campana",0.588888888888889
"Whole community","Chryseobacterium","Lost Iguana","Altos de Campana",0.466666666666667
"Whole community","Corynebacterium","Lost Iguana","Altos de Campana",0.377777777777778
"Whole community","Stenotrophomonas","Lost Iguana","Altos de Campana",0.588888888888889
"Whole community","Sphingobacterium","Lost Iguana","Altos de Campana",0.666666666666667
"Whole community","1174-901-12","Lost Iguana","Altos de Campana",1
"Whole community","Sphingomonas","Lost Iguana","Altos de Campana",0.688888888888889
"Whole community","Unclassified_Enterobacteriaceae","Lost Iguana","Altos de Campana",0.111111111111111
"Whole community","Jatrophihabitans","Lost Iguana","Altos de Campana",1
"Whole community","Unclassified_Caloramatoraceae","Lost Iguana","Altos de Campana",0.566666666666667
"Whole community","Byssovorax","Lost Iguana","Altos de Campana",0.9
"Whole community","Aureimonas","Lost Iguana","Altos de Campana",0.888888888888889
"Whole community","Nakamurella","Lost Iguana","Altos de Campana",0.5
"Whole community","Amnibacterium","Lost Iguana","Altos de Campana",1
"Whole community","Lawsonella","Lost Iguana","Altos de Campana",0.688888888888889
"Whole community","Bradyrhizobium","Lost Iguana","Altos de Campana",0.888888888888889
"Whole community","Mycoplasma","Lost Iguana","Altos de Campana",0.444444444444444
"Whole community","Halomonas","Lost Iguana","Altos de Campana",0.688888888888889
"Whole community","Curtobacterium","Lost Iguana","Altos de Campana",0.2
"Whole community","Unclassified_Beijerinckiaceae","Lost Iguana","Altos de Campana",0.888888888888889
"Whole community","Mycobacterium","Lost Iguana","Altos de Campana",1
"Whole community","Lapillicoccus","Lost Iguana","Altos de Campana",0.3
"Whole community","Unclassified_Rhizobiaceae","Lost Iguana","Altos de Campana",0.388888888888889
"Whole community","Unclassified_67-14","Lost Iguana","Altos de Campana",0.9
"Whole community","Haliangium","Lost Iguana","Altos de Campana",0.488888888888889
"Whole community","Kocuria","Lost Iguana","Altos de Campana",0.677777777777778
"Whole community","Nostoc PCC-7107","Lost Iguana","Altos de Campana",0.388888888888889
"Whole community","Micrococcus","Lost Iguana","Altos de Campana",0.677777777777778
"Whole community","LD29","Lost Iguana","Altos de Campana",0.788888888888889
"Whole community","Unclassified_Caulobacteraceae","Lost Iguana","Altos de Campana",0.9
"Whole community","Nocardioides","Lost Iguana","Altos de Campana",0.788888888888889
"Whole community","Clostridium sensu stricto 10","Lost Iguana","Altos de Campana",0.677777777777778
"Whole community","Terriglobus","Lost Iguana","Altos de Campana",0.3
"Whole community","Conexibacter","Lost Iguana","Altos de Campana",1
"Whole community","Loriellopsis LF-B5","Lost Iguana","Altos de Campana",0.588888888888889
"Whole community","Streptomyces","Lost Iguana","Altos de Campana",0.388888888888889
"Whole community","Parafilimonas","Lost Iguana","Altos de Campana",0.677777777777778
"Whole community","Aridibacter","Lost Iguana","Altos de Campana",0.588888888888889
"Whole community","Devosia","Lost Iguana","Altos de Campana",0.688888888888889
"Whole community","Bacillus","Lost Iguana","Altos de Campana",0.666666666666667
"Whole community","Quadrisphaera","Lost Iguana","Altos de Campana",0.288888888888889
"Whole community","Brachybacterium","Lost Iguana","Altos de Campana",0.9
"Whole community","Actinoplanes","Lost Iguana","Altos de Campana",1
"Whole community","Flavobacterium","Lost Iguana","Altos de Campana",0.366666666666667
"Whole community","Rothia","Lost Iguana","Altos de Campana",0.4
"Whole community","Tumebacillus","Lost Iguana","Altos de Campana",0.677777777777778
"Whole community","Rubrobacter","Lost Iguana","Altos de Campana",0.111111111111111
"Whole community","Haemophilus","Lost Iguana","Altos de Campana",0.4
"Whole community","Brevibacterium","Lost Iguana","Altos de Campana",1
"Whole community","Psychroglaciecola","Lost Iguana","Altos de Campana",0.888888888888889
"Whole community","Unclassified_Kineosporiaceae","Lost Iguana","Altos de Campana",0.8
"Whole community","Candidatus Udaeobacter","Lost Iguana","Altos de Campana",0.9
"Whole community","Candidatus Megaira","Lost Iguana","Altos de Campana",0.388888888888889
"Whole community","Actinomyces","Lost Iguana","Altos de Campana",0.4
"Whole community","Blastocatella","Lost Iguana","Altos de Campana",0.366666666666667
"Whole community","Niabella","Lost Iguana","Altos de Campana",0.4
"Whole community","Neorhizobium","Lost Iguana","Altos de Campana",0.188888888888889
"Whole community","Allorhizobium-Neorhizobium-Pararhizobium-Rhizobium","Lost Iguana","Altos de Campana",0.455555555555556
"Whole community","Tianweitania","Lost Iguana","Altos de Campana",0.788888888888889
"Whole community","Hephaestia","Lost Iguana","Altos de Campana",0.488888888888889
"Whole community","Kineococcus","Lost Iguana","Altos de Campana",0.4
"Whole community","Qipengyuania","Lost Iguana","Altos de Campana",0.388888888888889
"Whole community","IheB3-7","Lost Iguana","Altos de Campana",0.355555555555556
"Whole community","Gemella","Lost Iguana","Altos de Campana",0.6
"Whole community","Unclassified_Sphingomonadaceae","Lost Iguana","Altos de Campana",0.488888888888889
"Whole community","Mucilaginibacter","Lost Iguana","Altos de Campana",0.444444444444444
"Whole community","Unclassified_Microbacteriaceae","Lost Iguana","Altos de Campana",0.7
"Whole community","FFCH7168","Lost Iguana","Altos de Campana",0.888888888888889
"Whole community","Enhydrobacter","Lost Iguana","Altos de Campana",1
"Whole community","Sphingobium","Lost Iguana","Altos de Campana",0.566666666666667
"Whole community","Luteibacter","Lost Iguana","Altos de Campana",0.588888888888889
"Whole community","Klenkia","Lost Iguana","Altos de Campana",0.1
"Whole community","Edaphobacter","Lost Iguana","Altos de Campana",0.9
"Whole community","Sphingoaurantiacus","Lost Iguana","Altos de Campana",0.7
"Whole community","Methylopila","Lost Iguana","Altos de Campana",0.388888888888889
"Whole community","Unclassified_Chitinophagaceae","Lost Iguana","Altos de Campana",0.477777777777778
"Whole community","Peptoniphilus","Lost Iguana","Altos de Campana",0.444444444444444
"Whole community","Kribbella","Lost Iguana","Altos de Campana",0.4
"Whole community","Marmoricola","Lost Iguana","Altos de Campana",0.9
"Whole community","Achromobacter","Lost Iguana","Altos de Campana",0.333333333333333
"Whole community","Unclassified_Simkaniaceae","Lost Iguana","Altos de Campana",0.233333333333333
"Whole community","Cytophaga","Lost Iguana","Altos de Campana",0.477777777777778
"Whole community","Unclassified_Acetobacteraceae","Lost Iguana","Altos de Campana",0.9
"Whole community","Bosea","Lost Iguana","Altos de Campana",0.566666666666667
"Whole community","Rhizorhapis","Lost Iguana","Altos de Campana",0.5
"Whole community","Sediminibacterium","Lost Iguana","Altos de Campana",0.577777777777778
"Whole community","Micromonospora","Lost Iguana","Altos de Campana",0.5
"Whole community","Unclassified_Micropepsaceae","Lost Iguana","Altos de Campana",0.888888888888889
"Whole community","Unclassified_Nocardioidaceae","Lost Iguana","Altos de Campana",0.6
"Whole community","Cellulomonas","Lost Iguana","Altos de Campana",0.111111111111111
"Whole community","Rhodococcus","Lost Iguana","Altos de Campana",0.366666666666667
"Whole community","Scytonema VB-61278","Lost Iguana","Altos de Campana",0.777777777777778
"Whole community","Kineosporia","Lost Iguana","Altos de Campana",0.788888888888889
"Whole community","Granulicella","Lost Iguana","Altos de Campana",0.5
"Whole community","Unclassified_Xanthobacteraceae","Lost Iguana","Altos de Campana",0.7
"Whole community","Flexivirga","Lost Iguana","Altos de Campana",0.4
"Whole community","Truepera","Lost Iguana","Altos de Campana",0.288888888888889
"Whole community","Solirubrobacter","Lost Iguana","Altos de Campana",0.7
"Whole community","Aetokthonos AEL04","Lost Iguana","Altos de Campana",0.5
"Whole community","Anaerococcus","Lost Iguana","Altos de Campana",0.344444444444444
"Whole community","Labrys","Lost Iguana","Altos de Campana",0.788888888888889
"Whole community","Unclassified_BIrii41","Lost Iguana","Altos de Campana",0.8
"Whole community","Thermoanaerobacterium","Lost Iguana","Altos de Campana",0.366666666666667
"Whole community","Unclassified_Comamonadaceae","Lost Iguana","Altos de Campana",0.388888888888889
"Whole community","Brevundimonas","Lost Iguana","Altos de Campana",0.666666666666667
"Whole community","Finegoldia","Lost Iguana","Altos de Campana",0.666666666666667
"Whole community","Acidiphilium","Lost Iguana","Altos de Campana",0.788888888888889
"Whole community","Paracoccus","Lost Iguana","Altos de Campana",0.666666666666667
"Whole community","Acidibacter","Lost Iguana","Altos de Campana",1
"Whole community","Dactylosporangium","Lost Iguana","Altos de Campana",0.7
"Whole community","Burkholderia-Caballeronia-Paraburkholderia","Lost Iguana","Altos de Campana",0.4
"Whole community","Pseudorhizobium","Lost Iguana","Altos de Campana",0.222222222222222
"Whole community","Novosphingobium","Lost Iguana","Altos de Campana",0.222222222222222
"Whole community","Bryobacter","Lost Iguana","Altos de Campana",1
"Whole community","Pedobacter","Lost Iguana","Altos de Campana",0.466666666666667
"Whole community","Unclassified_Lachnospiraceae","Lost Iguana","Altos de Campana",0.4
"Whole community","Candidatus Solibacter","Lost Iguana","Altos de Campana",0.777777777777778
"Whole community","Rhodopseudomonas","Lost Iguana","Altos de Campana",0.7
"Whole community","MN 122.2a","Lost Iguana","Altos de Campana",0.588888888888889
"Whole community","Unclassified_Solimonadaceae","Lost Iguana","Altos de Campana",0.288888888888889
"Whole community","Duganella","Lost Iguana","Altos de Campana",0.222222222222222
"Whole community","Xylophilus","Lost Iguana","Altos de Campana",0.144444444444444
"Whole community","Ellin6055","Lost Iguana","Altos de Campana",0.488888888888889
"Whole community","Spirosoma","Lost Iguana","Altos de Campana",0.477777777777778
"Whole community","Unclassified_Chthoniobacteraceae","Lost Iguana","Altos de Campana",0.488888888888889
"Whole community","Acuticoccus","Lost Iguana","Altos de Campana",0.788888888888889
"Whole community","Aurantisolimonas","Lost Iguana","Altos de Campana",0.288888888888889
"Whole community","Cellvibrio","Lost Iguana","Altos de Campana",0.444444444444444
"Whole community","Cutibacterium","Lost Iguana","Altos de Campana",0.333333333333333
"Whole community","Acidothermus","Lost Iguana","Altos de Campana",1
"Whole community","Legionella","Lost Iguana","Altos de Campana",0.3
"Whole community","Schumannella","Lost Iguana","Altos de Campana",0.4
"Whole community","Asticcacaulis","Lost Iguana","Altos de Campana",0.4
"Whole community","Unclassified_Micromonosporaceae","Lost Iguana","Altos de Campana",1
"Whole community","Pseudactinotalea","Lost Iguana","Altos de Campana",0.3
"Whole community","Paenibacillus","Lost Iguana","Altos de Campana",0.255555555555556
"Whole community","Flavisolibacter","Lost Iguana","Altos de Campana",0.566666666666667
"Whole community","Abiotrophia","Lost Iguana","Altos de Campana",0.5
"Whole community","Candidatus Alysiosphaera","Lost Iguana","Altos de Campana",0.777777777777778
"Whole community","Pedococcus-Phycicoccus","Lost Iguana","Altos de Campana",0.2
"Whole community","Brucella","Lost Iguana","Altos de Campana",0.333333333333333
"Whole community","Angustibacter","Lost Iguana","Altos de Campana",0.7
"Whole community","Fimbriiglobus","Lost Iguana","Altos de Campana",0.666666666666667
"Whole community","Acidicaldus","Lost Iguana","Altos de Campana",0.122222222222222
"Whole community","Unclassified_Polyangiaceae","Lost Iguana","Altos de Campana",0.566666666666667
"Whole community","Piscinibacter","Lost Iguana","Altos de Campana",0.288888888888889
"Whole community","Aeromicrobium","Lost Iguana","Altos de Campana",0.9
"Whole community","Unclassified_JG30-KF-CM45","Lost Iguana","Altos de Campana",0.688888888888889
"Whole community","Bryocella","Lost Iguana","Altos de Campana",0.8
"Whole community","Rubellimicrobium","Lost Iguana","Altos de Campana",0.277777777777778
"Whole community","Gemmata","Lost Iguana","Altos de Campana",0.7
"Whole community","Luteolibacter","Lost Iguana","Altos de Campana",0.788888888888889
"Whole community","Phenylobacterium","Lost Iguana","Altos de Campana",0.355555555555556
"Whole community","Prevotella_7","Lost Iguana","Altos de Campana",0.188888888888889
"Whole community","Calditerricola","Lost Iguana","Altos de Campana",0.111111111111111
"Whole community","alphaI cluster","Lost Iguana","Altos de Campana",0.188888888888889
"Whole community","Ohtaekwangia","Lost Iguana","Altos de Campana",0.388888888888889
"Whole community","Unclassified_Fimbriimonadaceae","Lost Iguana","Altos de Campana",0.788888888888889
"Whole community","Unclassified_Neisseriaceae","Lost Iguana","Altos de Campana",0.566666666666667
"Whole community","P3OB-42","Lost Iguana","Altos de Campana",0.8
"Whole community","Williamsia","Lost Iguana","Altos de Campana",0.122222222222222
"Whole community","Pseudochrobactrum","Lost Iguana","Altos de Campana",0.188888888888889
"Whole community","Caulobacter","Lost Iguana","Altos de Campana",0.344444444444444
"Whole community","Thermobrachium","Lost Iguana","Altos de Campana",0.222222222222222
"Whole community","Patulibacter","Lost Iguana","Altos de Campana",0.288888888888889
"Whole community","RB41","Lost Iguana","Altos de Campana",0.8
"Whole community","Azospirillum","Lost Iguana","Altos de Campana",0.2
"Whole community","Acidisphaera","Lost Iguana","Altos de Campana",0.388888888888889
"Whole community","Chthoniobacter","Lost Iguana","Altos de Campana",0.788888888888889
"Whole community","Unclassified_Staphylococcaceae","Lost Iguana","Altos de Campana",0.222222222222222
"Whole community","Amaricoccus","Lost Iguana","Altos de Campana",0.2
"Whole community","Unclassified_Sandaracinaceae","Lost Iguana","Altos de Campana",0.8
"Whole community","Edaphobaculum","Lost Iguana","Altos de Campana",0.288888888888889
"Whole community","Unclassified_Roseiflexaceae","Lost Iguana","Altos de Campana",0.477777777777778
"Whole community","CL500-29 marine group","Lost Iguana","Altos de Campana",0.477777777777778
"Whole community","Mesorhizobium","Lost Iguana","Altos de Campana",0.788888888888889
"Whole community","Acidipila-Silvibacterium","Lost Iguana","Altos de Campana",0.8
"Whole community","Methylocystis","Lost Iguana","Altos de Campana",0.188888888888889
"Whole community","Unclassified_Ktedonobacteraceae","Lost Iguana","Altos de Campana",0.6
"Whole community","Unclassified_AKIW781","Lost Iguana","Altos de Campana",0.488888888888889
"Whole community","Oligoflexus","Lost Iguana","Altos de Campana",0.666666666666667
"Whole community","Deinococcus","Lost Iguana","Altos de Campana",0.377777777777778
"Whole community","Shinella","Lost Iguana","Altos de Campana",0.2
"Whole community","Abditibacterium","Lost Iguana","Altos de Campana",0.477777777777778
"Whole community","Roseomonas","Lost Iguana","Altos de Campana",0.255555555555556
"Whole community","Pseudolabrys","Lost Iguana","Altos de Campana",0.233333333333333
"Whole community","Pseudoxanthomonas","Lost Iguana","Altos de Campana",0.266666666666667
"Whole community","Unclassified_Chroococcidiopsaceae","Lost Iguana","Altos de Campana",0.266666666666667
"Whole community","Unclassified_Rhizobiales Incertae Sedis","Lost Iguana","Altos de Campana",0.5
"Whole community","Dyadobacter","Lost Iguana","Altos de Campana",0.477777777777778
"Whole community","Unclassified_Nostocaceae","Lost Iguana","Altos de Campana",0.7
"Whole community","Unclassified_Sphingobacteriaceae","Lost Iguana","Altos de Campana",0.488888888888889
"Whole community","Rhodanobacter","Lost Iguana","Altos de Campana",0.9
"Whole community","Variibacter","Lost Iguana","Altos de Campana",0.2
"Whole community","Unclassified_Microscillaceae","Lost Iguana","Altos de Campana",0.177777777777778
"Whole community","Rhodopila","Lost Iguana","Altos de Campana",0.7
"Whole community","Microvirga","Lost Iguana","Altos de Campana",0.388888888888889
"Whole community","Unclassified_Solirubrobacteraceae","Lost Iguana","Altos de Campana",0.7
"Whole community","Acidisoma","Lost Iguana","Altos de Campana",0.8
"Whole community","Roseiarcus","Lost Iguana","Altos de Campana",0.4
"Whole community","Alicyclobacillus","Lost Iguana","Altos de Campana",0.333333333333333
"Whole community","Unclassified_Rhodobacteraceae","Lost Iguana","Altos de Campana",0.122222222222222
"Whole community","Gordonia","Lost Iguana","Altos de Campana",0.3
"Whole community","Phaselicystis","Lost Iguana","Altos de Campana",0.666666666666667
"Whole community","Unclassified_Rhodanobacteraceae","Lost Iguana","Altos de Campana",0.288888888888889
"Whole community","Unclassified_Isosphaeraceae","Lost Iguana","Altos de Campana",0.677777777777778
"Whole community","Thermomonas","Lost Iguana","Altos de Campana",0.122222222222222
"Whole community","Unclassified_Acidobacteriaceae (Subgroup 1)","Lost Iguana","Altos de Campana",0.6
"Whole community","Hirschia","Lost Iguana","Altos de Campana",0.477777777777778
"Whole community","Unclassified_Ilumatobacteraceae","Lost Iguana","Altos de Campana",0.366666666666667
"Whole community","Chryseolinea","Lost Iguana","Altos de Campana",0.488888888888889
"Whole community","Pajaroellobacter","Lost Iguana","Altos de Campana",0.577777777777778
"Whole community","Pseudaminobacter","Lost Iguana","Altos de Campana",0.4
"Whole community","Unclassified_Devosiaceae","Lost Iguana","Altos de Campana",0.188888888888889
"Whole community","Veillonella","Lost Iguana","Altos de Campana",0.488888888888889
"Whole community","Desulfotomaculum","Lost Iguana","Altos de Campana",0.333333333333333
"Whole community","Unclassified_Micrococcaceae","Lost Iguana","Altos de Campana",0.111111111111111
"Whole community","Subgroup 10","Lost Iguana","Altos de Campana",0.577777777777778
"Whole community","Pseudorhodoplanes","Lost Iguana","Altos de Campana",0.177777777777778
"Whole community","Hymenobacter","Lost Iguana","Altos de Campana",0.488888888888889
"Whole community","JCM 18997","Lost Iguana","Altos de Campana",0.4
"Whole community","Unclassified_Obscuribacteraceae","Lost Iguana","Altos de Campana",0.788888888888889
"Whole community","Chitinophaga","Lost Iguana","Altos de Campana",0.4
"Whole community","Rhodoplanes","Lost Iguana","Altos de Campana",0.8
"Whole community","Unclassified_Gemmatimonadaceae","Lost Iguana","Altos de Campana",0.2
"Whole community","Flavitalea","Lost Iguana","Altos de Campana",0.277777777777778
"Whole community","Iamia","Lost Iguana","Altos de Campana",0.6
"Whole community","Parviterribacter","Lost Iguana","Altos de Campana",0.488888888888889
"Whole community","Taibaiella","Lost Iguana","Altos de Campana",0.233333333333333
"Whole community","Altererythrobacter","Lost Iguana","Altos de Campana",0.577777777777778
"Whole community","Unclassified_SM2D12","Lost Iguana","Altos de Campana",0.344444444444444
"Whole community","Reyranella","Lost Iguana","Altos de Campana",0.5
"Whole community","Bdellovibrio","Lost Iguana","Altos de Campana",0.566666666666667
"Whole community","Gaiella","Lost Iguana","Altos de Campana",0.333333333333333
"Whole community","Pedomicrobium","Lost Iguana","Altos de Campana",0.277777777777778
"Whole community","Hyphomicrobium","Lost Iguana","Altos de Campana",0.266666666666667
"Whole community","Unclassified_Blastocatellaceae","Lost Iguana","Altos de Campana",0.277777777777778
"Whole community","OM27 clade","Lost Iguana","Altos de Campana",0.3
"Whole community","Unclassified_Gemmataceae","Lost Iguana","Altos de Campana",0.788888888888889
"Whole community","Geobacillus","Lost Iguana","Altos de Campana",0.111111111111111
"Whole community","Luteimonas","Lost Iguana","Altos de Campana",0.288888888888889
"Whole community","Puia","Lost Iguana","Altos de Campana",0.588888888888889
"Whole community","Unclassified_Caldilineaceae","Lost Iguana","Altos de Campana",0.2
"Whole community","Unclassified_Rickettsiaceae","Lost Iguana","Altos de Campana",0.266666666666667
"Whole community","Unclassified_env.OPS 17","Lost Iguana","Altos de Campana",0.3
"Whole community","Unclassified_37-13","Lost Iguana","Altos de Campana",0.3
"Whole community","Candidatus Xiphinematobacter","Lost Iguana","Altos de Campana",0.388888888888889
"Whole community","Unclassified_Myxococcaceae","Lost Iguana","Altos de Campana",0.8
"Whole community","Steroidobacter","Lost Iguana","Altos de Campana",0.177777777777778
"Whole community","Leptolyngbya ANT.L52.2","Lost Iguana","Altos de Campana",0.222222222222222
"Whole community","SH-PL14","Lost Iguana","Altos de Campana",0.366666666666667
"Whole community","Aquisphaera","Lost Iguana","Altos de Campana",0.588888888888889
"Whole community","Tepidisphaera","Lost Iguana","Altos de Campana",0.188888888888889
"Whole community","Ilumatobacter","Lost Iguana","Altos de Campana",0.1
"Whole community","Terrimonas","Lost Iguana","Altos de Campana",0.144444444444444
"Whole community","Peredibacter","Lost Iguana","Altos de Campana",0.2
"Whole community","Asanoa","Lost Iguana","Altos de Campana",0.3
"Whole community","Nordella","Lost Iguana","Altos de Campana",0.5
"Whole community","Nevskia","Lost Iguana","Altos de Campana",0.7
"Whole community","SM1A02","Lost Iguana","Altos de Campana",0.4
"Whole community","Unclassified_Methyloligellaceae","Lost Iguana","Altos de Campana",0.3
"Whole community","Ferruginibacter","Lost Iguana","Altos de Campana",0.388888888888889
"Whole community","Unclassified_WD2101 soil group","Lost Iguana","Altos de Campana",0.666666666666667
"Whole community","Unclassified_Sporichthyaceae","Lost Iguana","Altos de Campana",0.2
"Whole community","Segetibacter","Lost Iguana","Altos de Campana",0.288888888888889
"Whole community","Gemmatimonas","Lost Iguana","Altos de Campana",0.577777777777778
"Whole community","Unclassified_TRA3-20","Lost Iguana","Altos de Campana",0.222222222222222
"Whole community","Unclassified_Spirosomaceae","Lost Iguana","Altos de Campana",0.677777777777778
"Whole community","Unclassified_Micavibrionaceae","Lost Iguana","Altos de Campana",0.6
"Whole community","Unclassified_D05-2","Lost Iguana","Altos de Campana",0.7
"Whole community","Unclassified_Microtrichaceae","Lost Iguana","Altos de Campana",0.277777777777778
"Whole community","Lysobacter","Lost Iguana","Altos de Campana",0.222222222222222
"Whole community","Unclassified_Vicinamibacteraceae","Lost Iguana","Altos de Campana",0.288888888888889
"Whole community","Unclassified_Pedosphaeraceae","Lost Iguana","Altos de Campana",0.377777777777778
"Whole community","Amycolatopsis","Lost Iguana","Altos de Campana",0.4
"Whole community","Unclassified_AB1","Lost Iguana","Altos de Campana",0.388888888888889
"Whole community","SWB02","Lost Iguana","Altos de Campana",0.2
"Whole community","Nannocystis","Lost Iguana","Altos de Campana",0.366666666666667
"Whole community","Opitutus","Lost Iguana","Altos de Campana",0.8
"Whole community","Pirellula","Lost Iguana","Altos de Campana",0.588888888888889
"Whole community","Anaeromyxobacter","Lost Iguana","Altos de Campana",0.111111111111111
"Whole community","Tundrisphaera","Lost Iguana","Altos de Campana",0.377777777777778
"Whole community","Unclassified_Parachlamydiaceae","Lost Iguana","Altos de Campana",0.577777777777778
"Whole community","Unclassified_Ardenticatenaceae","Lost Iguana","Altos de Campana",0.233333333333333
"Whole community","Chthonomonas","Lost Iguana","Altos de Campana",0.377777777777778
"Whole community","Unclassified_A4b","Lost Iguana","Altos de Campana",0.588888888888889
"Whole community","Unclassified_Saprospiraceae","Lost Iguana","Altos de Campana",0.288888888888889
"Whole community","Unclassified_Tepidisphaeraceae","Lost Iguana","Altos de Campana",0.388888888888889
"Whole community","Coxiella","Lost Iguana","Altos de Campana",0.488888888888889
"Whole community","Unclassified_Pirellulaceae","Lost Iguana","Altos de Campana",0.777777777777778
"Whole community","Pir4 lineage","Lost Iguana","Altos de Campana",0.488888888888889
"Whole community","JGI 0001001-H03","Lost Iguana","Altos de Campana",0.111111111111111
"Whole community","Aquicella","Lost Iguana","Altos de Campana",0.488888888888889
"Whole community","Unclassified_Oligoflexaceae","Lost Iguana","Altos de Campana",0.9
"Whole community","Unclassified_Verrucomicrobiaceae","Lost Iguana","Altos de Campana",0.277777777777778
"Whole community","Unclassified_AKYH767","Lost Iguana","Altos de Campana",0.3
"Whole community","Unclassified_NS9 marine group","Lost Iguana","Altos de Campana",0.288888888888889
"Whole community","Unclassified_KD3-93","Lost Iguana","Altos de Campana",0.7
"Whole community","Prosthecobacter","Lost Iguana","Altos de Campana",0.5
"Whole community","Unclassified_Diplorickettsiaceae","Lost Iguana","Altos de Campana",0.8
"Whole community","Unclassified_LWQ8","Lost Iguana","Altos de Campana",0.277777777777778
"Whole community","Candidatus Protochlamydia","Lost Iguana","Altos de Campana",0.288888888888889
"Whole community","Klebsiella","Lost Iguana","Soberanía",0.344444444444444
"Whole community","Unclassified_Bacteria","Lost Iguana","Soberanía",0.9
"Whole community","Caldalkalibacillus","Lost Iguana","Soberanía",0.488888888888889
"Whole community","Actinomycetospora","Lost Iguana","Soberanía",1
"Whole community","Staphylococcus","Lost Iguana","Soberanía",0.677777777777778
"Whole community","Nesterenkonia","Lost Iguana","Soberanía",0.488888888888889
"Whole community","Acinetobacter","Lost Iguana","Soberanía",0.8
"Whole community","Pseudonocardia","Lost Iguana","Soberanía",0.588888888888889
"Whole community","Devriesea","Lost Iguana","Soberanía",0.377777777777778
"Whole community","Methylocella","Lost Iguana","Soberanía",0.9
"Whole community","Unclassified_Alcaligenaceae","Lost Iguana","Soberanía",0.366666666666667
"Whole community","Unclassified_Planococcaceae","Lost Iguana","Soberanía",0.488888888888889
"Whole community","Anoxybacillus","Lost Iguana","Soberanía",0.444444444444444
"Whole community","Unclassified_Mitochondria","Lost Iguana","Soberanía",0.677777777777778
"Whole community","Enterococcus","Lost Iguana","Soberanía",0.477777777777778
"Whole community","Methylobacterium-Methylorubrum","Lost Iguana","Soberanía",0.7
"Whole community","Tepidiphilus","Lost Iguana","Soberanía",0.377777777777778
"Whole community","Pseudomonas","Lost Iguana","Soberanía",0.577777777777778
"Whole community","Bacteroides","Lost Iguana","Soberanía",0.122222222222222
"Whole community","Streptococcus","Lost Iguana","Soberanía",0.1
"Whole community","Aerococcus","Lost Iguana","Soberanía",1
"Whole community","Candidatus Branchiomonas","Lost Iguana","Soberanía",0.566666666666667
"Whole community","Unclassified_Bacillaceae","Lost Iguana","Soberanía",0.477777777777778
"Whole community","Clostridium sensu stricto 12","Lost Iguana","Soberanía",0.488888888888889
"Whole community","Knoellia","Lost Iguana","Soberanía",0.377777777777778
"Whole community","Chryseobacterium","Lost Iguana","Soberanía",0.155555555555556
"Whole community","Corynebacterium","Lost Iguana","Soberanía",0.7
"Whole community","Stenotrophomonas","Lost Iguana","Soberanía",0.577777777777778
"Whole community","Sphingobacterium","Lost Iguana","Soberanía",0.366666666666667
"Whole community","1174-901-12","Lost Iguana","Soberanía",0.788888888888889
"Whole community","Sphingomonas","Lost Iguana","Soberanía",0.388888888888889
"Whole community","Unclassified_Enterobacteriaceae","Lost Iguana","Soberanía",0.1
"Whole community","Jatrophihabitans","Lost Iguana","Soberanía",0.8
"Whole community","Unclassified_Caloramatoraceae","Lost Iguana","Soberanía",0.255555555555556
"Whole community","Byssovorax","Lost Iguana","Soberanía",0.5
"Whole community","Aureimonas","Lost Iguana","Soberanía",0.688888888888889
"Whole community","Nakamurella","Lost Iguana","Soberanía",0.277777777777778
"Whole community","Amnibacterium","Lost Iguana","Soberanía",1
"Whole community","Lawsonella","Lost Iguana","Soberanía",0.488888888888889
"Whole community","Bradyrhizobium","Lost Iguana","Soberanía",0.177777777777778
"Whole community","Mycoplasma","Lost Iguana","Soberanía",0.355555555555556
"Whole community","Halomonas","Lost Iguana","Soberanía",0.488888888888889
"Whole community","Curtobacterium","Lost Iguana","Soberanía",0.133333333333333
"Whole community","Unclassified_Beijerinckiaceae","Lost Iguana","Soberanía",0.588888888888889
"Whole community","Mycobacterium","Lost Iguana","Soberanía",0.9
"Whole community","Lapillicoccus","Lost Iguana","Soberanía",0.4
"Whole community","Unclassified_Rhizobiaceae","Lost Iguana","Soberanía",0.788888888888889
"Whole community","Unclassified_67-14","Lost Iguana","Soberanía",0.688888888888889
"Whole community","Haliangium","Lost Iguana","Soberanía",0.444444444444444
"Whole community","Kocuria","Lost Iguana","Soberanía",0.566666666666667
"Whole community","Nostoc PCC-7107","Lost Iguana","Soberanía",0.188888888888889
"Whole community","Micrococcus","Lost Iguana","Soberanía",0.555555555555556
"Whole community","LD29","Lost Iguana","Soberanía",0.688888888888889
"Whole community","Unclassified_Caulobacteraceae","Lost Iguana","Soberanía",1
"Whole community","Nocardioides","Lost Iguana","Soberanía",0.455555555555556
"Whole community","Clostridium sensu stricto 10","Lost Iguana","Soberanía",0.333333333333333
"Whole community","Terriglobus","Lost Iguana","Soberanía",0.6
"Whole community","Conexibacter","Lost Iguana","Soberanía",0.9
"Whole community","Loriellopsis LF-B5","Lost Iguana","Soberanía",0.255555555555556
"Whole community","Streptomyces","Lost Iguana","Soberanía",0.488888888888889
"Whole community","Parafilimonas","Lost Iguana","Soberanía",0.244444444444444
"Whole community","Aridibacter","Lost Iguana","Soberanía",0.355555555555556
"Whole community","Devosia","Lost Iguana","Soberanía",0.8
"Whole community","Bacillus","Lost Iguana","Soberanía",0.366666666666667
"Whole community","Quadrisphaera","Lost Iguana","Soberanía",0.688888888888889
"Whole community","Brachybacterium","Lost Iguana","Soberanía",0.7
"Whole community","Actinoplanes","Lost Iguana","Soberanía",0.5
"Whole community","Flavobacterium","Lost Iguana","Soberanía",0.355555555555556
"Whole community","Rothia","Lost Iguana","Soberanía",0.2
"Whole community","Tumebacillus","Lost Iguana","Soberanía",0.488888888888889
"Whole community","Rubrobacter","Lost Iguana","Soberanía",0.1
"Whole community","Haemophilus","Lost Iguana","Soberanía",0.388888888888889
"Whole community","Brevibacterium","Lost Iguana","Soberanía",0.6
"Whole community","Psychroglaciecola","Lost Iguana","Soberanía",0.455555555555556
"Whole community","Unclassified_Kineosporiaceae","Lost Iguana","Soberanía",0.3
"Whole community","Candidatus Udaeobacter","Lost Iguana","Soberanía",0.233333333333333
"Whole community","Candidatus Megaira","Lost Iguana","Soberanía",0.488888888888889
"Whole community","Actinomyces","Lost Iguana","Soberanía",0.288888888888889
"Whole community","Blastocatella","Lost Iguana","Soberanía",0.2
"Whole community","Niabella","Lost Iguana","Soberanía",0.5
"Whole community","Neorhizobium","Lost Iguana","Soberanía",0.122222222222222
"Whole community","Allorhizobium-Neorhizobium-Pararhizobium-Rhizobium","Lost Iguana","Soberanía",0.377777777777778
"Whole community","Tianweitania","Lost Iguana","Soberanía",0.6
"Whole community","Hephaestia","Lost Iguana","Soberanía",0.488888888888889
"Whole community","Kineococcus","Lost Iguana","Soberanía",0.5
"Whole community","Qipengyuania","Lost Iguana","Soberanía",0.488888888888889
"Whole community","IheB3-7","Lost Iguana","Soberanía",0.233333333333333
"Whole community","Gemella","Lost Iguana","Soberanía",0.3
"Whole community","Unclassified_Sphingomonadaceae","Lost Iguana","Soberanía",0.577777777777778
"Whole community","Mucilaginibacter","Lost Iguana","Soberanía",0.344444444444444
"Whole community","Unclassified_Microbacteriaceae","Lost Iguana","Soberanía",0.6
"Whole community","FFCH7168","Lost Iguana","Soberanía",0.388888888888889
"Whole community","Enhydrobacter","Lost Iguana","Soberanía",0.9
"Whole community","Sphingobium","Lost Iguana","Soberanía",0.344444444444444
"Whole community","Luteibacter","Lost Iguana","Soberanía",0.488888888888889
"Whole community","Klenkia","Lost Iguana","Soberanía",0.4
"Whole community","Edaphobacter","Lost Iguana","Soberanía",0.388888888888889
"Whole community","Sphingoaurantiacus","Lost Iguana","Soberanía",0.355555555555556
"Whole community","Methylopila","Lost Iguana","Soberanía",0.488888888888889
"Whole community","Unclassified_Chitinophagaceae","Lost Iguana","Soberanía",0.344444444444444
"Whole community","Peptoniphilus","Lost Iguana","Soberanía",0.144444444444444
"Whole community","Kribbella","Lost Iguana","Soberanía",0.4
"Whole community","Marmoricola","Lost Iguana","Soberanía",1
"Whole community","Achromobacter","Lost Iguana","Soberanía",0.233333333333333
"Whole community","Unclassified_Simkaniaceae","Lost Iguana","Soberanía",0.233333333333333
"Whole community","Cytophaga","Lost Iguana","Soberanía",0.222222222222222
"Whole community","Unclassified_Acetobacteraceae","Lost Iguana","Soberanía",0.788888888888889
"Whole community","Bosea","Lost Iguana","Soberanía",0.477777777777778
"Whole community","Rhizorhapis","Lost Iguana","Soberanía",0.388888888888889
"Whole community","Sediminibacterium","Lost Iguana","Soberanía",0.277777777777778
"Whole community","Micromonospora","Lost Iguana","Soberanía",0.3
"Whole community","Unclassified_Micropepsaceae","Lost Iguana","Soberanía",0.788888888888889
"Whole community","Unclassified_Nocardioidaceae","Lost Iguana","Soberanía",0.8
"Whole community","Cellulomonas","Lost Iguana","Soberanía",0.188888888888889
"Whole community","Rhodococcus","Lost Iguana","Soberanía",0.3
"Whole community","Scytonema VB-61278","Lost Iguana","Soberanía",0.477777777777778
"Whole community","Kineosporia","Lost Iguana","Soberanía",0.277777777777778
"Whole community","Granulicella","Lost Iguana","Soberanía",0.4
"Whole community","Unclassified_Xanthobacteraceae","Lost Iguana","Soberanía",0.577777777777778
"Whole community","Flexivirga","Lost Iguana","Soberanía",0.5
"Whole community","Truepera","Lost Iguana","Soberanía",0.4
"Whole community","Solirubrobacter","Lost Iguana","Soberanía",0.466666666666667
"Whole community","Aetokthonos AEL04","Lost Iguana","Soberanía",0.1
"Whole community","Anaerococcus","Lost Iguana","Soberanía",0.255555555555556
"Whole community","Labrys","Lost Iguana","Soberanía",0.4
"Whole community","Unclassified_BIrii41","Lost Iguana","Soberanía",0.444444444444444
"Whole community","Thermoanaerobacterium","Lost Iguana","Soberanía",0.466666666666667
"Whole community","Unclassified_Comamonadaceae","Lost Iguana","Soberanía",0.288888888888889
"Whole community","Brevundimonas","Lost Iguana","Soberanía",0.244444444444444
"Whole community","Finegoldia","Lost Iguana","Soberanía",0.366666666666667
"Whole community","Acidiphilium","Lost Iguana","Soberanía",0.388888888888889
"Whole community","Paracoccus","Lost Iguana","Soberanía",0.466666666666667
"Whole community","Acidibacter","Lost Iguana","Soberanía",0.388888888888889
"Whole community","Dactylosporangium","Lost Iguana","Soberanía",0.2
"Whole community","Burkholderia-Caballeronia-Paraburkholderia","Lost Iguana","Soberanía",0.177777777777778
"Whole community","Pseudorhizobium","Lost Iguana","Soberanía",0.111111111111111
"Whole community","Novosphingobium","Lost Iguana","Soberanía",0.566666666666667
"Whole community","Bryobacter","Lost Iguana","Soberanía",0.477777777777778
"Whole community","Pedobacter","Lost Iguana","Soberanía",0.377777777777778
"Whole community","Unclassified_Lachnospiraceae","Lost Iguana","Soberanía",0.4
"Whole community","Candidatus Solibacter","Lost Iguana","Soberanía",0.222222222222222
"Whole community","Rhodopseudomonas","Lost Iguana","Soberanía",0.5
"Whole community","MN 122.2a","Lost Iguana","Soberanía",0.588888888888889
"Whole community","Unclassified_Solimonadaceae","Lost Iguana","Soberanía",0.244444444444444
"Whole community","Duganella","Lost Iguana","Soberanía",0.122222222222222
"Whole community","Xylophilus","Lost Iguana","Soberanía",0.244444444444444
"Whole community","Ellin6055","Lost Iguana","Soberanía",0.377777777777778
"Whole community","Spirosoma","Lost Iguana","Soberanía",0.244444444444444
"Whole community","Unclassified_Chthoniobacteraceae","Lost Iguana","Soberanía",0.288888888888889
"Whole community","Acuticoccus","Lost Iguana","Soberanía",0.133333333333333
"Whole community","Aurantisolimonas","Lost Iguana","Soberanía",0.3
"Whole community","Cellvibrio","Lost Iguana","Soberanía",0.266666666666667
"Whole community","Cutibacterium","Lost Iguana","Soberanía",0.133333333333333
"Whole community","Acidothermus","Lost Iguana","Soberanía",0.5
"Whole community","Legionella","Lost Iguana","Soberanía",0.466666666666667
"Whole community","Schumannella","Lost Iguana","Soberanía",0.2
"Whole community","Asticcacaulis","Lost Iguana","Soberanía",0.5
"Whole community","Unclassified_Micromonosporaceae","Lost Iguana","Soberanía",0.688888888888889
"Whole community","Pseudactinotalea","Lost Iguana","Soberanía",0.3
"Whole community","Paenibacillus","Lost Iguana","Soberanía",0.455555555555556
"Whole community","Flavisolibacter","Lost Iguana","Soberanía",0.188888888888889
"Whole community","Abiotrophia","Lost Iguana","Soberanía",0.2
"Whole community","Candidatus Alysiosphaera","Lost Iguana","Soberanía",0.266666666666667
"Whole community","Pedococcus-Phycicoccus","Lost Iguana","Soberanía",0.3
"Whole community","Brucella","Lost Iguana","Soberanía",0.233333333333333
"Whole community","Angustibacter","Lost Iguana","Soberanía",0.5
"Whole community","Fimbriiglobus","Lost Iguana","Soberanía",0.366666666666667
"Whole community","Acidicaldus","Lost Iguana","Soberanía",0.222222222222222
"Whole community","Unclassified_Polyangiaceae","Lost Iguana","Soberanía",0.155555555555556
"Whole community","Piscinibacter","Lost Iguana","Soberanía",0.111111111111111
"Whole community","Aeromicrobium","Lost Iguana","Soberanía",0.588888888888889
"Whole community","Unclassified_JG30-KF-CM45","Lost Iguana","Soberanía",0.5
"Whole community","Bryocella","Lost Iguana","Soberanía",0.5
"Whole community","Rubellimicrobium","Lost Iguana","Soberanía",0.377777777777778
"Whole community","Gemmata","Lost Iguana","Soberanía",0.366666666666667
"Whole community","Luteolibacter","Lost Iguana","Soberanía",0.488888888888889
"Whole community","Phenylobacterium","Lost Iguana","Soberanía",0.455555555555556
"Whole community","Prevotella_7","Lost Iguana","Soberanía",0.2
"Whole community","Calditerricola","Lost Iguana","Soberanía",0.188888888888889
"Whole community","alphaI cluster","Lost Iguana","Soberanía",0.111111111111111
"Whole community","Ohtaekwangia","Lost Iguana","Soberanía",0.2
"Whole community","Unclassified_Fimbriimonadaceae","Lost Iguana","Soberanía",0.488888888888889
"Whole community","Unclassified_Neisseriaceae","Lost Iguana","Soberanía",0.566666666666667
"Whole community","P3OB-42","Lost Iguana","Soberanía",0.9
"Whole community","Williamsia","Lost Iguana","Soberanía",0.188888888888889
"Whole community","Pseudochrobactrum","Lost Iguana","Soberanía",0.388888888888889
"Whole community","Caulobacter","Lost Iguana","Soberanía",0.144444444444444
"Whole community","Thermobrachium","Lost Iguana","Soberanía",0.122222222222222
"Whole community","Patulibacter","Lost Iguana","Soberanía",0.488888888888889
"Whole community","RB41","Lost Iguana","Soberanía",0.5
"Whole community","Azospirillum","Lost Iguana","Soberanía",0.4
"Whole community","Acidisphaera","Lost Iguana","Soberanía",0.388888888888889
"Whole community","Chthoniobacter","Lost Iguana","Soberanía",0.388888888888889
"Whole community","Unclassified_Staphylococcaceae","Lost Iguana","Soberanía",0.2
"Whole community","Amaricoccus","Lost Iguana","Soberanía",0.111111111111111
"Whole community","Unclassified_Sandaracinaceae","Lost Iguana","Soberanía",0.2
"Whole community","Edaphobaculum","Lost Iguana","Soberanía",0.388888888888889
"Whole community","Unclassified_Roseiflexaceae","Lost Iguana","Soberanía",0.4
"Whole community","CL500-29 marine group","Lost Iguana","Soberanía",0.111111111111111
"Whole community","Mesorhizobium","Lost Iguana","Soberanía",0.588888888888889
"Whole community","Acidipila-Silvibacterium","Lost Iguana","Soberanía",0.8
"Whole community","Methylocystis","Lost Iguana","Soberanía",0.111111111111111
"Whole community","Unclassified_Ktedonobacteraceae","Lost Iguana","Soberanía",0.1
"Whole community","Unclassified_AKIW781","Lost Iguana","Soberanía",0.2
"Whole community","Oligoflexus","Lost Iguana","Soberanía",0.477777777777778
"Whole community","Deinococcus","Lost Iguana","Soberanía",0.144444444444444
"Whole community","Shinella","Lost Iguana","Soberanía",0.4
"Whole community","Abditibacterium","Lost Iguana","Soberanía",0.477777777777778
"Whole community","Roseomonas","Lost Iguana","Soberanía",0.366666666666667
"Whole community","Pseudolabrys","Lost Iguana","Soberanía",0.133333333333333
"Whole community","Pseudoxanthomonas","Lost Iguana","Soberanía",0.466666666666667
"Whole community","Unclassified_Chroococcidiopsaceae","Lost Iguana","Soberanía",0.466666666666667
"Whole community","Unclassified_Rhizobiales Incertae Sedis","Lost Iguana","Soberanía",0.3
"Whole community","Dyadobacter","Lost Iguana","Soberanía",0.588888888888889
"Whole community","Unclassified_Nostocaceae","Lost Iguana","Soberanía",0.4
"Whole community","Unclassified_Sphingobacteriaceae","Lost Iguana","Soberanía",0.288888888888889
"Whole community","Rhodanobacter","Lost Iguana","Soberanía",0.188888888888889
"Whole community","Variibacter","Lost Iguana","Soberanía",0.488888888888889
"Whole community","Unclassified_Microscillaceae","Lost Iguana","Soberanía",0.277777777777778
"Whole community","Rhodopila","Lost Iguana","Soberanía",0.488888888888889
"Whole community","Microvirga","Lost Iguana","Soberanía",0.5
"Whole community","Unclassified_Solirubrobacteraceae","Lost Iguana","Soberanía",0.2
"Whole community","Acidisoma","Lost Iguana","Soberanía",0.3
"Whole community","Roseiarcus","Lost Iguana","Soberanía",0.1
"Whole community","Alicyclobacillus","Lost Iguana","Soberanía",0.233333333333333
"Whole community","Unclassified_Rhodobacteraceae","Lost Iguana","Soberanía",0.277777777777778
"Whole community","Gordonia","Lost Iguana","Soberanía",0.5
"Whole community","Phaselicystis","Lost Iguana","Soberanía",0.4
"Whole community","Unclassified_Rhodanobacteraceae","Lost Iguana","Soberanía",0.177777777777778
"Whole community","Unclassified_Isosphaeraceae","Lost Iguana","Soberanía",0.577777777777778
"Whole community","Thermomonas","Lost Iguana","Soberanía",0.377777777777778
"Whole community","Unclassified_Acidobacteriaceae (Subgroup 1)","Lost Iguana","Soberanía",0.3
"Whole community","Hirschia","Lost Iguana","Soberanía",0.111111111111111
"Whole community","Unclassified_Ilumatobacteraceae","Lost Iguana","Soberanía",0.277777777777778
"Whole community","Chryseolinea","Lost Iguana","Soberanía",0.3
"Whole community","Pajaroellobacter","Lost Iguana","Soberanía",0.222222222222222
"Whole community","Pseudaminobacter","Lost Iguana","Soberanía",0.2
"Whole community","Unclassified_Devosiaceae","Lost Iguana","Soberanía",0.111111111111111
"Whole community","Veillonella","Lost Iguana","Soberanía",0.111111111111111
"Whole community","Desulfotomaculum","Lost Iguana","Soberanía",0.333333333333333
"Whole community","Unclassified_Micrococcaceae","Lost Iguana","Soberanía",0.3
"Whole community","Subgroup 10","Lost Iguana","Soberanía",0.2
"Whole community","Pseudorhodoplanes","Lost Iguana","Soberanía",0.277777777777778
"Whole community","Hymenobacter","Lost Iguana","Soberanía",0.3
"Whole community","JCM 18997","Lost Iguana","Soberanía",0.1
"Whole community","Unclassified_Obscuribacteraceae","Lost Iguana","Soberanía",0.188888888888889
"Whole community","Chitinophaga","Lost Iguana","Soberanía",0.6
"Whole community","Rhodoplanes","Lost Iguana","Soberanía",0.1
"Whole community","Unclassified_Gemmatimonadaceae","Lost Iguana","Soberanía",0.166666666666667
"Whole community","Flavitalea","Lost Iguana","Soberanía",0.477777777777778
"Whole community","Iamia","Lost Iguana","Soberanía",0.7
"Whole community","Parviterribacter","Lost Iguana","Soberanía",0.188888888888889
"Whole community","Taibaiella","Lost Iguana","Soberanía",0.4
"Whole community","Altererythrobacter","Lost Iguana","Soberanía",0.388888888888889
"Whole community","Unclassified_SM2D12","Lost Iguana","Soberanía",0.333333333333333
"Whole community","Reyranella","Lost Iguana","Soberanía",0.2
"Whole community","Bdellovibrio","Lost Iguana","Soberanía",0.266666666666667
"Whole community","Gaiella","Lost Iguana","Soberanía",0.3
"Whole community","Pedomicrobium","Lost Iguana","Soberanía",0.288888888888889
"Whole community","Hyphomicrobium","Lost Iguana","Soberanía",0.377777777777778
"Whole community","Unclassified_Blastocatellaceae","Lost Iguana","Soberanía",0.133333333333333
"Whole community","OM27 clade","Lost Iguana","Soberanía",0.288888888888889
"Whole community","Unclassified_Gemmataceae","Lost Iguana","Soberanía",0.444444444444444
"Whole community","Geobacillus","Lost Iguana","Soberanía",0.1
"Whole community","Luteimonas","Lost Iguana","Soberanía",0.288888888888889
"Whole community","Puia","Lost Iguana","Soberanía",0.1
"Whole community","Unclassified_Caldilineaceae","Lost Iguana","Soberanía",0.4
"Whole community","Unclassified_Rickettsiaceae","Lost Iguana","Soberanía",0.222222222222222
"Whole community","Unclassified_env.OPS 17","Lost Iguana","Soberanía",0.344444444444444
"Whole community","Unclassified_37-13","Lost Iguana","Soberanía",0.388888888888889
"Whole community","Candidatus Xiphinematobacter","Lost Iguana","Soberanía",0.388888888888889
"Whole community","Unclassified_Myxococcaceae","Lost Iguana","Soberanía",0.2
"Whole community","Steroidobacter","Lost Iguana","Soberanía",0.222222222222222
"Whole community","Leptolyngbya ANT.L52.2","Lost Iguana","Soberanía",0.277777777777778
"Whole community","SH-PL14","Lost Iguana","Soberanía",0.288888888888889
"Whole community","Aquisphaera","Lost Iguana","Soberanía",0.222222222222222
"Whole community","Tepidisphaera","Lost Iguana","Soberanía",0.222222222222222
"Whole community","Ilumatobacter","Lost Iguana","Soberanía",0.188888888888889
"Whole community","Terrimonas","Lost Iguana","Soberanía",0.244444444444444
"Whole community","Peredibacter","Lost Iguana","Soberanía",0.588888888888889
"Whole community","Asanoa","Lost Iguana","Soberanía",0.3
"Whole community","Nordella","Lost Iguana","Soberanía",0.4
"Whole community","Nevskia","Lost Iguana","Soberanía",0.1
"Whole community","SM1A02","Lost Iguana","Soberanía",0.1
"Whole community","Unclassified_Methyloligellaceae","Lost Iguana","Soberanía",0.488888888888889
"Whole community","Ferruginibacter","Lost Iguana","Soberanía",0.288888888888889
"Whole community","Unclassified_WD2101 soil group","Lost Iguana","Soberanía",0.466666666666667
"Whole community","Unclassified_Sporichthyaceae","Lost Iguana","Soberanía",0.288888888888889
"Whole community","Segetibacter","Lost Iguana","Soberanía",0.2
"Whole community","Gemmatimonas","Lost Iguana","Soberanía",0.188888888888889
"Whole community","Unclassified_TRA3-20","Lost Iguana","Soberanía",0.222222222222222
"Whole community","Unclassified_Spirosomaceae","Lost Iguana","Soberanía",0.122222222222222
"Whole community","Unclassified_Micavibrionaceae","Lost Iguana","Soberanía",0.4
"Whole community","Unclassified_D05-2","Lost Iguana","Soberanía",0.8
"Whole community","Unclassified_Microtrichaceae","Lost Iguana","Soberanía",0.277777777777778
"Whole community","Lysobacter","Lost Iguana","Soberanía",0.122222222222222
"Whole community","Unclassified_Vicinamibacteraceae","Lost Iguana","Soberanía",0.266666666666667
"Whole community","Unclassified_Pedosphaeraceae","Lost Iguana","Soberanía",0.377777777777778
"Whole community","Amycolatopsis","Lost Iguana","Soberanía",0.3
"Whole community","Unclassified_AB1","Lost Iguana","Soberanía",0.288888888888889
"Whole community","SWB02","Lost Iguana","Soberanía",0.177777777777778
"Whole community","Nannocystis","Lost Iguana","Soberanía",0.133333333333333
"Whole community","Opitutus","Lost Iguana","Soberanía",0.4
"Whole community","Pirellula","Lost Iguana","Soberanía",0.288888888888889
"Whole community","Anaeromyxobacter","Lost Iguana","Soberanía",0.188888888888889
"Whole community","Tundrisphaera","Lost Iguana","Soberanía",0.477777777777778
"Whole community","Unclassified_Parachlamydiaceae","Lost Iguana","Soberanía",0.222222222222222
"Whole community","Unclassified_Ardenticatenaceae","Lost Iguana","Soberanía",0.222222222222222
"Whole community","Chthonomonas","Lost Iguana","Soberanía",0.222222222222222
"Whole community","Unclassified_A4b","Lost Iguana","Soberanía",0.388888888888889
"Whole community","Unclassified_Saprospiraceae","Lost Iguana","Soberanía",0.488888888888889
"Whole community","Unclassified_Tepidisphaeraceae","Lost Iguana","Soberanía",0.2
"Whole community","Coxiella","Lost Iguana","Soberanía",0.111111111111111
"Whole community","Unclassified_Pirellulaceae","Lost Iguana","Soberanía",0.788888888888889
"Whole community","Pir4 lineage","Lost Iguana","Soberanía",0.388888888888889
"Whole community","JGI 0001001-H03","Lost Iguana","Soberanía",0.388888888888889
"Whole community","Aquicella","Lost Iguana","Soberanía",0.188888888888889
"Whole community","Unclassified_Oligoflexaceae","Lost Iguana","Soberanía",0.588888888888889
"Whole community","Unclassified_Verrucomicrobiaceae","Lost Iguana","Soberanía",0.277777777777778
"Whole community","Unclassified_AKYH767","Lost Iguana","Soberanía",0.222222222222222
"Whole community","Unclassified_NS9 marine group","Lost Iguana","Soberanía",0.288888888888889
"Whole community","Unclassified_KD3-93","Lost Iguana","Soberanía",0.2
"Whole community","Prosthecobacter","Lost Iguana","Soberanía",0.4
"Whole community","Unclassified_Diplorickettsiaceae","Lost Iguana","Soberanía",0.588888888888889
"Whole community","Unclassified_LWQ8","Lost Iguana","Soberanía",0.477777777777778
"Whole community","Candidatus Protochlamydia","Lost Iguana","Soberanía",0.122222222222222
"Whole community","Klebsiella","Veragua","Altos de Campana",0.322222222222222
"Whole community","Unclassified_Bacteria","Veragua","Altos de Campana",0.666666666666667
"Whole community","Caldalkalibacillus","Veragua","Altos de Campana",0.744444444444444
"Whole community","Actinomycetospora","Veragua","Altos de Campana",0.611111111111111
"Whole community","Staphylococcus","Veragua","Altos de Campana",0.666666666666667
"Whole community","Nesterenkonia","Veragua","Altos de Campana",0.744444444444444
"Whole community","Acinetobacter","Veragua","Altos de Campana",0.833333333333333
"Whole community","Pseudonocardia","Veragua","Altos de Campana",0.555555555555556
"Whole community","Devriesea","Veragua","Altos de Campana",0.344444444444444
"Whole community","Methylocella","Veragua","Altos de Campana",0.833333333333333
"Whole community","Unclassified_Alcaligenaceae","Veragua","Altos de Campana",0.144444444444444
"Whole community","Unclassified_Planococcaceae","Veragua","Altos de Campana",0.777777777777778
"Whole community","Anoxybacillus","Veragua","Altos de Campana",0.688888888888889
"Whole community","Unclassified_Mitochondria","Veragua","Altos de Campana",0.244444444444444
"Whole community","Enterococcus","Veragua","Altos de Campana",0.677777777777778
"Whole community","Methylobacterium-Methylorubrum","Veragua","Altos de Campana",0.455555555555556
"Whole community","Tepidiphilus","Veragua","Altos de Campana",0.622222222222222
"Whole community","Pseudomonas","Veragua","Altos de Campana",0.3
"Whole community","Bacteroides","Veragua","Altos de Campana",0.144444444444444
"Whole community","Streptococcus","Veragua","Altos de Campana",0.355555555555556
"Whole community","Aerococcus","Veragua","Altos de Campana",0.333333333333333
"Whole community","Candidatus Branchiomonas","Veragua","Altos de Campana",0.444444444444444
"Whole community","Unclassified_Bacillaceae","Veragua","Altos de Campana",0.833333333333333
"Whole community","Clostridium sensu stricto 12","Veragua","Altos de Campana",0.788888888888889
"Whole community","Knoellia","Veragua","Altos de Campana",0.411111111111111
"Whole community","Chryseobacterium","Veragua","Altos de Campana",0.555555555555556
"Whole community","Corynebacterium","Veragua","Altos de Campana",0.733333333333333
"Whole community","Stenotrophomonas","Veragua","Altos de Campana",0.188888888888889
"Whole community","Sphingobacterium","Veragua","Altos de Campana",0.333333333333333
"Whole community","1174-901-12","Veragua","Altos de Campana",0.377777777777778
"Whole community","Sphingomonas","Veragua","Altos de Campana",0.244444444444444
"Whole community","Unclassified_Enterobacteriaceae","Veragua","Altos de Campana",0.133333333333333
"Whole community","Jatrophihabitans","Veragua","Altos de Campana",0.722222222222222
"Whole community","Unclassified_Caloramatoraceae","Veragua","Altos de Campana",0.788888888888889
"Whole community","Byssovorax","Veragua","Altos de Campana",0.677777777777778
"Whole community","Aureimonas","Veragua","Altos de Campana",0.422222222222222
"Whole community","Nakamurella","Veragua","Altos de Campana",0.211111111111111
"Whole community","Amnibacterium","Veragua","Altos de Campana",0.388888888888889
"Whole community","Lawsonella","Veragua","Altos de Campana",0.722222222222222
"Whole community","Bradyrhizobium","Veragua","Altos de Campana",0.888888888888889
"Whole community","Mycoplasma","Veragua","Altos de Campana",0.266666666666667
"Whole community","Halomonas","Veragua","Altos de Campana",0.688888888888889
"Whole community","Curtobacterium","Veragua","Altos de Campana",0.522222222222222
"Whole community","Unclassified_Beijerinckiaceae","Veragua","Altos de Campana",0.444444444444444
"Whole community","Mycobacterium","Veragua","Altos de Campana",0.833333333333333
"Whole community","Lapillicoccus","Veragua","Altos de Campana",0.255555555555556
"Whole community","Unclassified_Rhizobiaceae","Veragua","Altos de Campana",0.333333333333333
"Whole community","Unclassified_67-14","Veragua","Altos de Campana",0.688888888888889
"Whole community","Haliangium","Veragua","Altos de Campana",0.788888888888889
"Whole community","Kocuria","Veragua","Altos de Campana",0.455555555555556
"Whole community","Nostoc PCC-7107","Veragua","Altos de Campana",0.188888888888889
"Whole community","Micrococcus","Veragua","Altos de Campana",0.611111111111111
"Whole community","LD29","Veragua","Altos de Campana",0.633333333333333
"Whole community","Unclassified_Caulobacteraceae","Veragua","Altos de Campana",0.4
"Whole community","Nocardioides","Veragua","Altos de Campana",0.422222222222222
"Whole community","Clostridium sensu stricto 10","Veragua","Altos de Campana",0.788888888888889
"Whole community","Terriglobus","Veragua","Altos de Campana",0.255555555555556
"Whole community","Conexibacter","Veragua","Altos de Campana",0.722222222222222
"Whole community","Loriellopsis LF-B5","Veragua","Altos de Campana",0.833333333333333
"Whole community","Streptomyces","Veragua","Altos de Campana",0.277777777777778
"Whole community","Parafilimonas","Veragua","Altos de Campana",0.733333333333333
"Whole community","Aridibacter","Veragua","Altos de Campana",0.622222222222222
"Whole community","Devosia","Veragua","Altos de Campana",0.333333333333333
"Whole community","Bacillus","Veragua","Altos de Campana",0.777777777777778
"Whole community","Quadrisphaera","Veragua","Altos de Campana",0.222222222222222
"Whole community","Brachybacterium","Veragua","Altos de Campana",0.288888888888889
"Whole community","Actinoplanes","Veragua","Altos de Campana",0.7
"Whole community","Flavobacterium","Veragua","Altos de Campana",0.255555555555556
"Whole community","Rothia","Veragua","Altos de Campana",0.322222222222222
"Whole community","Tumebacillus","Veragua","Altos de Campana",0.777777777777778
"Whole community","Rubrobacter","Veragua","Altos de Campana",0.611111111111111
"Whole community","Haemophilus","Veragua","Altos de Campana",0.5
"Whole community","Brevibacterium","Veragua","Altos de Campana",0.5
"Whole community","Psychroglaciecola","Veragua","Altos de Campana",0.388888888888889
"Whole community","Unclassified_Kineosporiaceae","Veragua","Altos de Campana",0.588888888888889
"Whole community","Candidatus Udaeobacter","Veragua","Altos de Campana",0.833333333333333
"Whole community","Candidatus Megaira","Veragua","Altos de Campana",0.5
"Whole community","Actinomyces","Veragua","Altos de Campana",0.277777777777778
"Whole community","Blastocatella","Veragua","Altos de Campana",0.477777777777778
"Whole community","Niabella","Veragua","Altos de Campana",0.177777777777778
"Whole community","Neorhizobium","Veragua","Altos de Campana",0.233333333333333
"Whole community","Allorhizobium-Neorhizobium-Pararhizobium-Rhizobium","Veragua","Altos de Campana",0.422222222222222
"Whole community","Tianweitania","Veragua","Altos de Campana",0.677777777777778
"Whole community","Hephaestia","Veragua","Altos de Campana",0.266666666666667
"Whole community","Kineococcus","Veragua","Altos de Campana",0.122222222222222
"Whole community","Qipengyuania","Veragua","Altos de Campana",0.222222222222222
"Whole community","IheB3-7","Veragua","Altos de Campana",0.733333333333333
"Whole community","Gemella","Veragua","Altos de Campana",0.544444444444444
"Whole community","Unclassified_Sphingomonadaceae","Veragua","Altos de Campana",0.233333333333333
"Whole community","Mucilaginibacter","Veragua","Altos de Campana",0.722222222222222
"Whole community","Unclassified_Microbacteriaceae","Veragua","Altos de Campana",0.288888888888889
"Whole community","FFCH7168","Veragua","Altos de Campana",0.611111111111111
"Whole community","Enhydrobacter","Veragua","Altos de Campana",0.666666666666667
"Whole community","Sphingobium","Veragua","Altos de Campana",0.2
"Whole community","Luteibacter","Veragua","Altos de Campana",0.388888888888889
"Whole community","Klenkia","Veragua","Altos de Campana",0.288888888888889
"Whole community","Edaphobacter","Veragua","Altos de Campana",0.666666666666667
"Whole community","Sphingoaurantiacus","Veragua","Altos de Campana",0.5
"Whole community","Methylopila","Veragua","Altos de Campana",0.433333333333333
"Whole community","Unclassified_Chitinophagaceae","Veragua","Altos de Campana",0.411111111111111
"Whole community","Peptoniphilus","Veragua","Altos de Campana",0.277777777777778
"Whole community","Kribbella","Veragua","Altos de Campana",0.177777777777778
"Whole community","Marmoricola","Veragua","Altos de Campana",0.122222222222222
"Whole community","Achromobacter","Veragua","Altos de Campana",0.333333333333333
"Whole community","Unclassified_Simkaniaceae","Veragua","Altos de Campana",0.3
"Whole community","Cytophaga","Veragua","Altos de Campana",0.7
"Whole community","Unclassified_Acetobacteraceae","Veragua","Altos de Campana",0.622222222222222
"Whole community","Bosea","Veragua","Altos de Campana",0.566666666666667
"Whole community","Rhizorhapis","Veragua","Altos de Campana",0.577777777777778
"Whole community","Sediminibacterium","Veragua","Altos de Campana",0.577777777777778
"Whole community","Micromonospora","Veragua","Altos de Campana",0.388888888888889
"Whole community","Unclassified_Micropepsaceae","Veragua","Altos de Campana",0.777777777777778
"Whole community","Unclassified_Nocardioidaceae","Veragua","Altos de Campana",0.333333333333333
"Whole community","Cellulomonas","Veragua","Altos de Campana",0.111111111111111
"Whole community","Rhodococcus","Veragua","Altos de Campana",0.4
"Whole community","Scytonema VB-61278","Veragua","Altos de Campana",0.555555555555556
"Whole community","Kineosporia","Veragua","Altos de Campana",0.533333333333333
"Whole community","Granulicella","Veragua","Altos de Campana",0.444444444444444
"Whole community","Unclassified_Xanthobacteraceae","Veragua","Altos de Campana",0.422222222222222
"Whole community","Flexivirga","Veragua","Altos de Campana",0.133333333333333
"Whole community","Truepera","Veragua","Altos de Campana",0.177777777777778
"Whole community","Solirubrobacter","Veragua","Altos de Campana",0.422222222222222
"Whole community","Aetokthonos AEL04","Veragua","Altos de Campana",0.444444444444444
"Whole community","Anaerococcus","Veragua","Altos de Campana",0.455555555555556
"Whole community","Labrys","Veragua","Altos de Campana",0.5
"Whole community","Unclassified_BIrii41","Veragua","Altos de Campana",0.788888888888889
"Whole community","Thermoanaerobacterium","Veragua","Altos de Campana",0.522222222222222
"Whole community","Unclassified_Comamonadaceae","Veragua","Altos de Campana",0.244444444444444
"Whole community","Brevundimonas","Veragua","Altos de Campana",0.455555555555556
"Whole community","Finegoldia","Veragua","Altos de Campana",0.333333333333333
"Whole community","Acidiphilium","Veragua","Altos de Campana",0.311111111111111
"Whole community","Paracoccus","Veragua","Altos de Campana",0.555555555555556
"Whole community","Acidibacter","Veragua","Altos de Campana",0.777777777777778
"Whole community","Dactylosporangium","Veragua","Altos de Campana",0.633333333333333
"Whole community","Burkholderia-Caballeronia-Paraburkholderia","Veragua","Altos de Campana",0.266666666666667
"Whole community","Pseudorhizobium","Veragua","Altos de Campana",0.3
"Whole community","Novosphingobium","Veragua","Altos de Campana",0.388888888888889
"Whole community","Bryobacter","Veragua","Altos de Campana",0.777777777777778
"Whole community","Pedobacter","Veragua","Altos de Campana",0.466666666666667
"Whole community","Unclassified_Lachnospiraceae","Veragua","Altos de Campana",0.122222222222222
"Whole community","Candidatus Solibacter","Veragua","Altos de Campana",0.666666666666667
"Whole community","Rhodopseudomonas","Veragua","Altos de Campana",0.744444444444444
"Whole community","MN 122.2a","Veragua","Altos de Campana",0.366666666666667
"Whole community","Unclassified_Solimonadaceae","Veragua","Altos de Campana",0.333333333333333
"Whole community","Duganella","Veragua","Altos de Campana",0.333333333333333
"Whole community","Xylophilus","Veragua","Altos de Campana",0.0777777777777778
"Whole community","Ellin6055","Veragua","Altos de Campana",0.433333333333333
"Whole community","Spirosoma","Veragua","Altos de Campana",0.333333333333333
"Whole community","Unclassified_Chthoniobacteraceae","Veragua","Altos de Campana",0.488888888888889
"Whole community","Acuticoccus","Veragua","Altos de Campana",0.844444444444444
"Whole community","Aurantisolimonas","Veragua","Altos de Campana",0.255555555555556
"Whole community","Cellvibrio","Veragua","Altos de Campana",0.544444444444444
"Whole community","Cutibacterium","Veragua","Altos de Campana",0.888888888888889
"Whole community","Acidothermus","Veragua","Altos de Campana",0.555555555555556
"Whole community","Legionella","Veragua","Altos de Campana",0.266666666666667
"Whole community","Schumannella","Veragua","Altos de Campana",0.2
"Whole community","Asticcacaulis","Veragua","Altos de Campana",0.288888888888889
"Whole community","Unclassified_Micromonosporaceae","Veragua","Altos de Campana",0.888888888888889
"Whole community","Pseudactinotalea","Veragua","Altos de Campana",0.188888888888889
"Whole community","Paenibacillus","Veragua","Altos de Campana",0.4
"Whole community","Flavisolibacter","Veragua","Altos de Campana",0.622222222222222
"Whole community","Abiotrophia","Veragua","Altos de Campana",0.344444444444444
"Whole community","Candidatus Alysiosphaera","Veragua","Altos de Campana",0.388888888888889
"Whole community","Pedococcus-Phycicoccus","Veragua","Altos de Campana",0.244444444444444
"Whole community","Brucella","Veragua","Altos de Campana",0.166666666666667
"Whole community","Angustibacter","Veragua","Altos de Campana",0.333333333333333
"Whole community","Fimbriiglobus","Veragua","Altos de Campana",0.355555555555556
"Whole community","Acidicaldus","Veragua","Altos de Campana",0.233333333333333
"Whole community","Unclassified_Polyangiaceae","Veragua","Altos de Campana",0.844444444444444
"Whole community","Piscinibacter","Veragua","Altos de Campana",0.244444444444444
"Whole community","Aeromicrobium","Veragua","Altos de Campana",0.677777777777778
"Whole community","Unclassified_JG30-KF-CM45","Veragua","Altos de Campana",0.3
"Whole community","Bryocella","Veragua","Altos de Campana",0.522222222222222
"Whole community","Rubellimicrobium","Veragua","Altos de Campana",0.5
"Whole community","Gemmata","Veragua","Altos de Campana",0.644444444444444
"Whole community","Luteolibacter","Veragua","Altos de Campana",0.677777777777778
"Whole community","Phenylobacterium","Veragua","Altos de Campana",0.344444444444444
"Whole community","Prevotella_7","Veragua","Altos de Campana",0.566666666666667
"Whole community","Calditerricola","Veragua","Altos de Campana",0.611111111111111
"Whole community","alphaI cluster","Veragua","Altos de Campana",0.177777777777778
"Whole community","Ohtaekwangia","Veragua","Altos de Campana",0.2
"Whole community","Unclassified_Fimbriimonadaceae","Veragua","Altos de Campana",0.455555555555556
"Whole community","Unclassified_Neisseriaceae","Veragua","Altos de Campana",0.177777777777778
"Whole community","P3OB-42","Veragua","Altos de Campana",0.611111111111111
"Whole community","Williamsia","Veragua","Altos de Campana",0.455555555555556
"Whole community","Pseudochrobactrum","Veragua","Altos de Campana",0.188888888888889
"Whole community","Caulobacter","Veragua","Altos de Campana",0.222222222222222
"Whole community","Thermobrachium","Veragua","Altos de Campana",0.5
"Whole community","Patulibacter","Veragua","Altos de Campana",0.133333333333333
"Whole community","RB41","Veragua","Altos de Campana",0.677777777777778
"Whole community","Azospirillum","Veragua","Altos de Campana",0.555555555555556
"Whole community","Acidisphaera","Veragua","Altos de Campana",0.344444444444444
"Whole community","Chthoniobacter","Veragua","Altos de Campana",0.644444444444444
"Whole community","Unclassified_Staphylococcaceae","Veragua","Altos de Campana",0.277777777777778
"Whole community","Amaricoccus","Veragua","Altos de Campana",0.2
"Whole community","Unclassified_Sandaracinaceae","Veragua","Altos de Campana",0.833333333333333
"Whole community","Edaphobaculum","Veragua","Altos de Campana",0.455555555555556
"Whole community","Unclassified_Roseiflexaceae","Veragua","Altos de Campana",0.333333333333333
"Whole community","CL500-29 marine group","Veragua","Altos de Campana",0.366666666666667
"Whole community","Mesorhizobium","Veragua","Altos de Campana",0.622222222222222
"Whole community","Acidipila-Silvibacterium","Veragua","Altos de Campana",0.688888888888889
"Whole community","Methylocystis","Veragua","Altos de Campana",0.222222222222222
"Whole community","Unclassified_Ktedonobacteraceae","Veragua","Altos de Campana",0.333333333333333
"Whole community","Unclassified_AKIW781","Veragua","Altos de Campana",0.211111111111111
"Whole community","Oligoflexus","Veragua","Altos de Campana",0.722222222222222
"Whole community","Deinococcus","Veragua","Altos de Campana",0.177777777777778
"Whole community","Shinella","Veragua","Altos de Campana",0.1
"Whole community","Abditibacterium","Veragua","Altos de Campana",0.355555555555556
"Whole community","Roseomonas","Veragua","Altos de Campana",0.4
"Whole community","Pseudolabrys","Veragua","Altos de Campana",0.166666666666667
"Whole community","Pseudoxanthomonas","Veragua","Altos de Campana",0.266666666666667
"Whole community","Unclassified_Chroococcidiopsaceae","Veragua","Altos de Campana",0.233333333333333
"Whole community","Unclassified_Rhizobiales Incertae Sedis","Veragua","Altos de Campana",0.166666666666667
"Whole community","Dyadobacter","Veragua","Altos de Campana",0.533333333333333
"Whole community","Unclassified_Nostocaceae","Veragua","Altos de Campana",0.588888888888889
"Whole community","Unclassified_Sphingobacteriaceae","Veragua","Altos de Campana",0.433333333333333
"Whole community","Rhodanobacter","Veragua","Altos de Campana",0.944444444444444
"Whole community","Variibacter","Veragua","Altos de Campana",0.244444444444444
"Whole community","Unclassified_Microscillaceae","Veragua","Altos de Campana",0.177777777777778
"Whole community","Rhodopila","Veragua","Altos de Campana",0.411111111111111
"Whole community","Microvirga","Veragua","Altos de Campana",0.311111111111111
"Whole community","Unclassified_Solirubrobacteraceae","Veragua","Altos de Campana",0.366666666666667
"Whole community","Acidisoma","Veragua","Altos de Campana",0.633333333333333
"Whole community","Roseiarcus","Veragua","Altos de Campana",0.388888888888889
"Whole community","Alicyclobacillus","Veragua","Altos de Campana",0.277777777777778
"Whole community","Unclassified_Rhodobacteraceae","Veragua","Altos de Campana",0.277777777777778
"Whole community","Gordonia","Veragua","Altos de Campana",0.3
"Whole community","Phaselicystis","Veragua","Altos de Campana",0.888888888888889
"Whole community","Unclassified_Rhodanobacteraceae","Veragua","Altos de Campana",0.344444444444444
"Whole community","Unclassified_Isosphaeraceae","Veragua","Altos de Campana",0.288888888888889
"Whole community","Thermomonas","Veragua","Altos de Campana",0.144444444444444
"Whole community","Unclassified_Acidobacteriaceae (Subgroup 1)","Veragua","Altos de Campana",0.266666666666667
"Whole community","Hirschia","Veragua","Altos de Campana",0.644444444444444
"Whole community","Unclassified_Ilumatobacteraceae","Veragua","Altos de Campana",0.366666666666667
"Whole community","Chryseolinea","Veragua","Altos de Campana",0.488888888888889
"Whole community","Pajaroellobacter","Veragua","Altos de Campana",0.577777777777778
"Whole community","Pseudaminobacter","Veragua","Altos de Campana",0.233333333333333
"Whole community","Unclassified_Devosiaceae","Veragua","Altos de Campana",0.188888888888889
"Whole community","Veillonella","Veragua","Altos de Campana",0.544444444444444
"Whole community","Desulfotomaculum","Veragua","Altos de Campana",0.277777777777778
"Whole community","Unclassified_Micrococcaceae","Veragua","Altos de Campana",0.333333333333333
"Whole community","Subgroup 10","Veragua","Altos de Campana",0.577777777777778
"Whole community","Pseudorhodoplanes","Veragua","Altos de Campana",0.2
"Whole community","Hymenobacter","Veragua","Altos de Campana",0.3
"Whole community","JCM 18997","Veragua","Altos de Campana",0.122222222222222
"Whole community","Unclassified_Obscuribacteraceae","Veragua","Altos de Campana",0.733333333333333
"Whole community","Chitinophaga","Veragua","Altos de Campana",0.222222222222222
"Whole community","Rhodoplanes","Veragua","Altos de Campana",0.744444444444444
"Whole community","Unclassified_Gemmatimonadaceae","Veragua","Altos de Campana",0.122222222222222
"Whole community","Flavitalea","Veragua","Altos de Campana",0.333333333333333
"Whole community","Iamia","Veragua","Altos de Campana",0.422222222222222
"Whole community","Parviterribacter","Veragua","Altos de Campana",0.322222222222222
"Whole community","Taibaiella","Veragua","Altos de Campana",0.422222222222222
"Whole community","Altererythrobacter","Veragua","Altos de Campana",0.522222222222222
"Whole community","Unclassified_SM2D12","Veragua","Altos de Campana",0.344444444444444
"Whole community","Reyranella","Veragua","Altos de Campana",0.388888888888889
"Whole community","Bdellovibrio","Veragua","Altos de Campana",0.722222222222222
"Whole community","Gaiella","Veragua","Altos de Campana",0.222222222222222
"Whole community","Pedomicrobium","Veragua","Altos de Campana",0.3
"Whole community","Hyphomicrobium","Veragua","Altos de Campana",0.377777777777778
"Whole community","Unclassified_Blastocatellaceae","Veragua","Altos de Campana",0.222222222222222
"Whole community","OM27 clade","Veragua","Altos de Campana",0.2
"Whole community","Unclassified_Gemmataceae","Veragua","Altos de Campana",0.344444444444444
"Whole community","Geobacillus","Veragua","Altos de Campana",0.344444444444444
"Whole community","Luteimonas","Veragua","Altos de Campana",0.288888888888889
"Whole community","Puia","Veragua","Altos de Campana",0.644444444444444
"Whole community","Unclassified_Caldilineaceae","Veragua","Altos de Campana",0.222222222222222
"Whole community","Unclassified_Rickettsiaceae","Veragua","Altos de Campana",0.422222222222222
"Whole community","Unclassified_env.OPS 17","Veragua","Altos de Campana",0.633333333333333
"Whole community","Unclassified_37-13","Veragua","Altos de Campana",0.344444444444444
"Whole community","Candidatus Xiphinematobacter","Veragua","Altos de Campana",0.333333333333333
"Whole community","Unclassified_Myxococcaceae","Veragua","Altos de Campana",0.688888888888889
"Whole community","Steroidobacter","Veragua","Altos de Campana",0.344444444444444
"Whole community","Leptolyngbya ANT.L52.2","Veragua","Altos de Campana",0.111111111111111
"Whole community","SH-PL14","Veragua","Altos de Campana",0.533333333333333
"Whole community","Aquisphaera","Veragua","Altos de Campana",0.577777777777778
"Whole community","Tepidisphaera","Veragua","Altos de Campana",0.166666666666667
"Whole community","Ilumatobacter","Veragua","Altos de Campana",0.177777777777778
"Whole community","Terrimonas","Veragua","Altos de Campana",0.277777777777778
"Whole community","Peredibacter","Veragua","Altos de Campana",0.166666666666667
"Whole community","Asanoa","Veragua","Altos de Campana",0.122222222222222
"Whole community","Nordella","Veragua","Altos de Campana",0.388888888888889
"Whole community","Nevskia","Veragua","Altos de Campana",0.644444444444444
"Whole community","SM1A02","Veragua","Altos de Campana",0.388888888888889
"Whole community","Unclassified_Methyloligellaceae","Veragua","Altos de Campana",0.433333333333333
"Whole community","Ferruginibacter","Veragua","Altos de Campana",0.433333333333333
"Whole community","Unclassified_WD2101 soil group","Veragua","Altos de Campana",0.555555555555556
"Whole community","Unclassified_Sporichthyaceae","Veragua","Altos de Campana",0.133333333333333
"Whole community","Segetibacter","Veragua","Altos de Campana",0.288888888888889
"Whole community","Gemmatimonas","Veragua","Altos de Campana",0.577777777777778
"Whole community","Unclassified_TRA3-20","Veragua","Altos de Campana",0.222222222222222
"Whole community","Unclassified_Spirosomaceae","Veragua","Altos de Campana",0.733333333333333
"Whole community","Unclassified_Micavibrionaceae","Veragua","Altos de Campana",0.433333333333333
"Whole community","Unclassified_D05-2","Veragua","Altos de Campana",0.588888888888889
"Whole community","Unclassified_Microtrichaceae","Veragua","Altos de Campana",0.5
"Whole community","Lysobacter","Veragua","Altos de Campana",0.222222222222222
"Whole community","Unclassified_Vicinamibacteraceae","Veragua","Altos de Campana",0.566666666666667
"Whole community","Unclassified_Pedosphaeraceae","Veragua","Altos de Campana",0.211111111111111
"Whole community","Amycolatopsis","Veragua","Altos de Campana",0.233333333333333
"Whole community","Unclassified_AB1","Veragua","Altos de Campana",0.388888888888889
"Whole community","SWB02","Veragua","Altos de Campana",0.222222222222222
"Whole community","Nannocystis","Veragua","Altos de Campana",0.533333333333333
"Whole community","Opitutus","Veragua","Altos de Campana",0.577777777777778
"Whole community","Pirellula","Veragua","Altos de Campana",0.422222222222222
"Whole community","Anaeromyxobacter","Veragua","Altos de Campana",0.222222222222222
"Whole community","Tundrisphaera","Veragua","Altos de Campana",0.155555555555556
"Whole community","Unclassified_Parachlamydiaceae","Veragua","Altos de Campana",0.466666666666667
"Whole community","Unclassified_Ardenticatenaceae","Veragua","Altos de Campana",0.144444444444444
"Whole community","Chthonomonas","Veragua","Altos de Campana",0.344444444444444
"Whole community","Unclassified_A4b","Veragua","Altos de Campana",0.477777777777778
"Whole community","Unclassified_Saprospiraceae","Veragua","Altos de Campana",0.244444444444444
"Whole community","Unclassified_Tepidisphaeraceae","Veragua","Altos de Campana",0.5
"Whole community","Coxiella","Veragua","Altos de Campana",0.488888888888889
"Whole community","Unclassified_Pirellulaceae","Veragua","Altos de Campana",0.722222222222222
"Whole community","Pir4 lineage","Veragua","Altos de Campana",0.322222222222222
"Whole community","JGI 0001001-H03","Veragua","Altos de Campana",0.166666666666667
"Whole community","Aquicella","Veragua","Altos de Campana",0.544444444444444
"Whole community","Unclassified_Oligoflexaceae","Veragua","Altos de Campana",0.844444444444444
"Whole community","Unclassified_Verrucomicrobiaceae","Veragua","Altos de Campana",0.333333333333333
"Whole community","Unclassified_AKYH767","Veragua","Altos de Campana",0.288888888888889
"Whole community","Unclassified_NS9 marine group","Veragua","Altos de Campana",0.344444444444444
"Whole community","Unclassified_KD3-93","Veragua","Altos de Campana",0.644444444444444
"Whole community","Prosthecobacter","Veragua","Altos de Campana",0.388888888888889
"Whole community","Unclassified_Diplorickettsiaceae","Veragua","Altos de Campana",0.844444444444444
"Whole community","Unclassified_LWQ8","Veragua","Altos de Campana",0.333333333333333
"Whole community","Candidatus Protochlamydia","Veragua","Altos de Campana",0.4
"Whole community","Klebsiella","Veragua","Soberanía",0.455555555555556
"Whole community","Unclassified_Bacteria","Veragua","Soberanía",0.8
"Whole community","Caldalkalibacillus","Veragua","Soberanía",0.611111111111111
"Whole community","Actinomycetospora","Veragua","Soberanía",0.622222222222222
"Whole community","Staphylococcus","Veragua","Soberanía",0.222222222222222
"Whole community","Nesterenkonia","Veragua","Soberanía",0.666666666666667
"Whole community","Acinetobacter","Veragua","Soberanía",0.677777777777778
"Whole community","Pseudonocardia","Veragua","Soberanía",0.344444444444444
"Whole community","Devriesea","Veragua","Soberanía",0.544444444444444
"Whole community","Methylocella","Veragua","Soberanía",0.344444444444444
"Whole community","Unclassified_Alcaligenaceae","Veragua","Soberanía",0.722222222222222
"Whole community","Unclassified_Planococcaceae","Veragua","Soberanía",0.666666666666667
"Whole community","Anoxybacillus","Veragua","Soberanía",0.611111111111111
"Whole community","Unclassified_Mitochondria","Veragua","Soberanía",0.288888888888889
"Whole community","Enterococcus","Veragua","Soberanía",0.722222222222222
"Whole community","Methylobacterium-Methylorubrum","Veragua","Soberanía",0.5
"Whole community","Tepidiphilus","Veragua","Soberanía",0.455555555555556
"Whole community","Pseudomonas","Veragua","Soberanía",0.3
"Whole community","Bacteroides","Veragua","Soberanía",0.133333333333333
"Whole community","Streptococcus","Veragua","Soberanía",0.4
"Whole community","Aerococcus","Veragua","Soberanía",0.0666666666666667
"Whole community","Candidatus Branchiomonas","Veragua","Soberanía",0.844444444444444
"Whole community","Unclassified_Bacillaceae","Veragua","Soberanía",0.777777777777778
"Whole community","Clostridium sensu stricto 12","Veragua","Soberanía",0.588888888888889
"Whole community","Knoellia","Veragua","Soberanía",0.333333333333333
"Whole community","Chryseobacterium","Veragua","Soberanía",0.188888888888889
"Whole community","Corynebacterium","Veragua","Soberanía",0.266666666666667
"Whole community","Stenotrophomonas","Veragua","Soberanía",0.188888888888889
"Whole community","Sphingobacterium","Veragua","Soberanía",0.266666666666667
"Whole community","1174-901-12","Veragua","Soberanía",0.477777777777778
"Whole community","Sphingomonas","Veragua","Soberanía",0.5
"Whole community","Unclassified_Enterobacteriaceae","Veragua","Soberanía",0.233333333333333
"Whole community","Jatrophihabitans","Veragua","Soberanía",0.322222222222222
"Whole community","Unclassified_Caloramatoraceae","Veragua","Soberanía",0.611111111111111
"Whole community","Byssovorax","Veragua","Soberanía",0.477777777777778
"Whole community","Aureimonas","Veragua","Soberanía",0.188888888888889
"Whole community","Nakamurella","Veragua","Soberanía",0.288888888888889
"Whole community","Amnibacterium","Veragua","Soberanía",0.5
"Whole community","Lawsonella","Veragua","Soberanía",0.622222222222222
"Whole community","Bradyrhizobium","Veragua","Soberanía",0.233333333333333
"Whole community","Mycoplasma","Veragua","Soberanía",0.477777777777778
"Whole community","Halomonas","Veragua","Soberanía",0.611111111111111
"Whole community","Curtobacterium","Veragua","Soberanía",0.555555555555556
"Whole community","Unclassified_Beijerinckiaceae","Veragua","Soberanía",0.233333333333333
"Whole community","Mycobacterium","Veragua","Soberanía",0.677777777777778
"Whole community","Lapillicoccus","Veragua","Soberanía",0.444444444444444
"Whole community","Unclassified_Rhizobiaceae","Veragua","Soberanía",0.677777777777778
"Whole community","Unclassified_67-14","Veragua","Soberanía",0.333333333333333
"Whole community","Haliangium","Veragua","Soberanía",0.233333333333333
"Whole community","Kocuria","Veragua","Soberanía",0.4
"Whole community","Nostoc PCC-7107","Veragua","Soberanía",0.344444444444444
"Whole community","Micrococcus","Veragua","Soberanía",0.611111111111111
"Whole community","LD29","Veragua","Soberanía",0.244444444444444
"Whole community","Unclassified_Caulobacteraceae","Veragua","Soberanía",0.5
"Whole community","Nocardioides","Veragua","Soberanía",0.322222222222222
"Whole community","Clostridium sensu stricto 10","Veragua","Soberanía",0.666666666666667
"Whole community","Terriglobus","Veragua","Soberanía",0.555555555555556
"Whole community","Conexibacter","Veragua","Soberanía",0.522222222222222
"Whole community","Loriellopsis LF-B5","Veragua","Soberanía",0.422222222222222
"Whole community","Streptomyces","Veragua","Soberanía",0.411111111111111
"Whole community","Parafilimonas","Veragua","Soberanía",0.522222222222222
"Whole community","Aridibacter","Veragua","Soberanía",0.522222222222222
"Whole community","Devosia","Veragua","Soberanía",0.588888888888889
"Whole community","Bacillus","Veragua","Soberanía",0.577777777777778
"Whole community","Quadrisphaera","Veragua","Soberanía",0.411111111111111
"Whole community","Brachybacterium","Veragua","Soberanía",0.411111111111111
"Whole community","Actinoplanes","Veragua","Soberanía",0.244444444444444
"Whole community","Flavobacterium","Veragua","Soberanía",0.377777777777778
"Whole community","Rothia","Veragua","Soberanía",0.177777777777778
"Whole community","Tumebacillus","Veragua","Soberanía",0.588888888888889
"Whole community","Rubrobacter","Veragua","Soberanía",0.566666666666667
"Whole community","Haemophilus","Veragua","Soberanía",0.388888888888889
"Whole community","Brevibacterium","Veragua","Soberanía",0.3
"Whole community","Psychroglaciecola","Veragua","Soberanía",0.355555555555556
"Whole community","Unclassified_Kineosporiaceae","Veragua","Soberanía",0.244444444444444
"Whole community","Candidatus Udaeobacter","Veragua","Soberanía",0.211111111111111
"Whole community","Candidatus Megaira","Veragua","Soberanía",0.6
"Whole community","Actinomyces","Veragua","Soberanía",0.222222222222222
"Whole community","Blastocatella","Veragua","Soberanía",0.144444444444444
"Whole community","Niabella","Veragua","Soberanía",0.333333333333333
"Whole community","Neorhizobium","Veragua","Soberanía",0.288888888888889
"Whole community","Allorhizobium-Neorhizobium-Pararhizobium-Rhizobium","Veragua","Soberanía",0.377777777777778
"Whole community","Tianweitania","Veragua","Soberanía",0.477777777777778
"Whole community","Hephaestia","Veragua","Soberanía",0.266666666666667
"Whole community","Kineococcus","Veragua","Soberanía",0.277777777777778
"Whole community","Qipengyuania","Veragua","Soberanía",0.377777777777778
"Whole community","IheB3-7","Veragua","Soberanía",0.566666666666667
"Whole community","Gemella","Veragua","Soberanía",0.244444444444444
"Whole community","Unclassified_Sphingomonadaceae","Veragua","Soberanía",0.277777777777778
"Whole community","Mucilaginibacter","Veragua","Soberanía",0.422222222222222
"Whole community","Unclassified_Microbacteriaceae","Veragua","Soberanía",0.133333333333333
"Whole community","FFCH7168","Veragua","Soberanía",0.2
"Whole community","Enhydrobacter","Veragua","Soberanía",0.566666666666667
"Whole community","Sphingobium","Veragua","Soberanía",0.433333333333333
"Whole community","Luteibacter","Veragua","Soberanía",0.488888888888889
"Whole community","Klenkia","Veragua","Soberanía",0.222222222222222
"Whole community","Edaphobacter","Veragua","Soberanía",0.333333333333333
"Whole community","Sphingoaurantiacus","Veragua","Soberanía",0.3
"Whole community","Methylopila","Veragua","Soberanía",0.544444444444444
"Whole community","Unclassified_Chitinophagaceae","Veragua","Soberanía",0.177777777777778
"Whole community","Peptoniphilus","Veragua","Soberanía",0.222222222222222
"Whole community","Kribbella","Veragua","Soberanía",0.188888888888889
"Whole community","Marmoricola","Veragua","Soberanía",0.322222222222222
"Whole community","Achromobacter","Veragua","Soberanía",0.233333333333333
"Whole community","Unclassified_Simkaniaceae","Veragua","Soberanía",0.2
"Whole community","Cytophaga","Veragua","Soberanía",0.3
"Whole community","Unclassified_Acetobacteraceae","Veragua","Soberanía",0.266666666666667
"Whole community","Bosea","Veragua","Soberanía",0.466666666666667
"Whole community","Rhizorhapis","Veragua","Soberanía",0.422222222222222
"Whole community","Sediminibacterium","Veragua","Soberanía",0.222222222222222
"Whole community","Micromonospora","Veragua","Soberanía",0.188888888888889
"Whole community","Unclassified_Micropepsaceae","Veragua","Soberanía",0.566666666666667
"Whole community","Unclassified_Nocardioidaceae","Veragua","Soberanía",0.411111111111111
"Whole community","Cellulomonas","Veragua","Soberanía",0.233333333333333
"Whole community","Rhodococcus","Veragua","Soberanía",0.166666666666667
"Whole community","Scytonema VB-61278","Veragua","Soberanía",0.288888888888889
"Whole community","Kineosporia","Veragua","Soberanía",0.422222222222222
"Whole community","Granulicella","Veragua","Soberanía",0.377777777777778
"Whole community","Unclassified_Xanthobacteraceae","Veragua","Soberanía",0.122222222222222
"Whole community","Flexivirga","Veragua","Soberanía",0.333333333333333
"Whole community","Truepera","Veragua","Soberanía",0.222222222222222
"Whole community","Solirubrobacter","Veragua","Soberanía",0.222222222222222
"Whole community","Aetokthonos AEL04","Veragua","Soberanía",0.122222222222222
"Whole community","Anaerococcus","Veragua","Soberanía",0.244444444444444
"Whole community","Labrys","Veragua","Soberanía",0.333333333333333
"Whole community","Unclassified_BIrii41","Veragua","Soberanía",0.633333333333333
"Whole community","Thermoanaerobacterium","Veragua","Soberanía",0.522222222222222
"Whole community","Unclassified_Comamonadaceae","Veragua","Soberanía",0.288888888888889
"Whole community","Brevundimonas","Veragua","Soberanía",0.333333333333333
"Whole community","Finegoldia","Veragua","Soberanía",0.233333333333333
"Whole community","Acidiphilium","Veragua","Soberanía",0.511111111111111
"Whole community","Paracoccus","Veragua","Soberanía",0.3
"Whole community","Acidibacter","Veragua","Soberanía",0.5
"Whole community","Dactylosporangium","Veragua","Soberanía",0.133333333333333
"Whole community","Burkholderia-Caballeronia-Paraburkholderia","Veragua","Soberanía",0.355555555555556
"Whole community","Pseudorhizobium","Veragua","Soberanía",0.244444444444444
"Whole community","Novosphingobium","Veragua","Soberanía",0.344444444444444
"Whole community","Bryobacter","Veragua","Soberanía",0.144444444444444
"Whole community","Pedobacter","Veragua","Soberanía",0.422222222222222
"Whole community","Unclassified_Lachnospiraceae","Veragua","Soberanía",0.222222222222222
"Whole community","Candidatus Solibacter","Veragua","Soberanía",0.277777777777778
"Whole community","Rhodopseudomonas","Veragua","Soberanía",0.5
"Whole community","MN 122.2a","Veragua","Soberanía",0.366666666666667
"Whole community","Unclassified_Solimonadaceae","Veragua","Soberanía",0.4
"Whole community","Duganella","Veragua","Soberanía",0.177777777777778
"Whole community","Xylophilus","Veragua","Soberanía",0.222222222222222
"Whole community","Ellin6055","Veragua","Soberanía",0.266666666666667
"Whole community","Spirosoma","Veragua","Soberanía",0.3
"Whole community","Unclassified_Chthoniobacteraceae","Veragua","Soberanía",0.233333333333333
"Whole community","Acuticoccus","Veragua","Soberanía",0.111111111111111
"Whole community","Aurantisolimonas","Veragua","Soberanía",0.255555555555556
"Whole community","Cellvibrio","Veragua","Soberanía",0.544444444444444
"Whole community","Cutibacterium","Veragua","Soberanía",0.688888888888889
"Whole community","Acidothermus","Veragua","Soberanía",0.333333333333333
"Whole community","Legionella","Veragua","Soberanía",0.466666666666667
"Whole community","Schumannella","Veragua","Soberanía",0.222222222222222
"Whole community","Asticcacaulis","Veragua","Soberanía",0.333333333333333
"Whole community","Unclassified_Micromonosporaceae","Veragua","Soberanía",0.522222222222222
"Whole community","Pseudactinotalea","Veragua","Soberanía",0.188888888888889
"Whole community","Paenibacillus","Veragua","Soberanía",0.288888888888889
"Whole community","Flavisolibacter","Veragua","Soberanía",0.222222222222222
"Whole community","Abiotrophia","Veragua","Soberanía",0.1
"Whole community","Candidatus Alysiosphaera","Veragua","Soberanía",0.511111111111111
"Whole community","Pedococcus-Phycicoccus","Veragua","Soberanía",0.188888888888889
"Whole community","Brucella","Veragua","Soberanía",0.233333333333333
"Whole community","Angustibacter","Veragua","Soberanía",0.244444444444444
"Whole community","Fimbriiglobus","Veragua","Soberanía",0.411111111111111
"Whole community","Acidicaldus","Veragua","Soberanía",0.333333333333333
"Whole community","Unclassified_Polyangiaceae","Veragua","Soberanía",0.488888888888889
"Whole community","Piscinibacter","Veragua","Soberanía",0.166666666666667
"Whole community","Aeromicrobium","Veragua","Soberanía",0.422222222222222
"Whole community","Unclassified_JG30-KF-CM45","Veragua","Soberanía",0.233333333333333
"Whole community","Bryocella","Veragua","Soberanía",0.222222222222222
"Whole community","Rubellimicrobium","Veragua","Soberanía",0.5
"Whole community","Gemmata","Veragua","Soberanía",0.311111111111111
"Whole community","Luteolibacter","Veragua","Soberanía",0.388888888888889
"Whole community","Phenylobacterium","Veragua","Soberanía",0.388888888888889
"Whole community","Prevotella_7","Veragua","Soberanía",0.466666666666667
"Whole community","Calditerricola","Veragua","Soberanía",0.5
"Whole community","alphaI cluster","Veragua","Soberanía",0.333333333333333
"Whole community","Ohtaekwangia","Veragua","Soberanía",0.3
"Whole community","Unclassified_Fimbriimonadaceae","Veragua","Soberanía",0.188888888888889
"Whole community","Unclassified_Neisseriaceae","Veragua","Soberanía",0.122222222222222
"Whole community","P3OB-42","Veragua","Soberanía",0.622222222222222
"Whole community","Williamsia","Veragua","Soberanía",0.355555555555556
"Whole community","Pseudochrobactrum","Veragua","Soberanía",0.344444444444444
"Whole community","Caulobacter","Veragua","Soberanía",0.2
"Whole community","Thermobrachium","Veragua","Soberanía",0.444444444444444
"Whole community","Patulibacter","Veragua","Soberanía",0.388888888888889
"Whole community","RB41","Veragua","Soberanía",0.377777777777778
"Whole community","Azospirillum","Veragua","Soberanía",0.4
"Whole community","Acidisphaera","Veragua","Soberanía",0.444444444444444
"Whole community","Chthoniobacter","Veragua","Soberanía",0.311111111111111
"Whole community","Unclassified_Staphylococcaceae","Veragua","Soberanía",0.144444444444444
"Whole community","Amaricoccus","Veragua","Soberanía",0.133333333333333
"Whole community","Unclassified_Sandaracinaceae","Veragua","Soberanía",0.333333333333333
"Whole community","Edaphobaculum","Veragua","Soberanía",0.555555555555556
"Whole community","Unclassified_Roseiflexaceae","Veragua","Soberanía",0.188888888888889
"Whole community","CL500-29 marine group","Veragua","Soberanía",0.177777777777778
"Whole community","Mesorhizobium","Veragua","Soberanía",0.422222222222222
"Whole community","Acidipila-Silvibacterium","Veragua","Soberanía",0.588888888888889
"Whole community","Methylocystis","Veragua","Soberanía",0.388888888888889
"Whole community","Unclassified_Ktedonobacteraceae","Veragua","Soberanía",0.333333333333333
"Whole community","Unclassified_AKIW781","Veragua","Soberanía",0.133333333333333
"Whole community","Oligoflexus","Veragua","Soberanía",0.644444444444444
"Whole community","Deinococcus","Veragua","Soberanía",0.455555555555556
"Whole community","Shinella","Veragua","Soberanía",0.233333333333333
"Whole community","Abditibacterium","Veragua","Soberanía",0.3
"Whole community","Roseomonas","Veragua","Soberanía",0.288888888888889
"Whole community","Pseudolabrys","Veragua","Soberanía",0.0666666666666667
"Whole community","Pseudoxanthomonas","Veragua","Soberanía",0.466666666666667
"Whole community","Unclassified_Chroococcidiopsaceae","Veragua","Soberanía",0.233333333333333
"Whole community","Unclassified_Rhizobiales Incertae Sedis","Veragua","Soberanía",0.277777777777778
"Whole community","Dyadobacter","Veragua","Soberanía",0.544444444444444
"Whole community","Unclassified_Nostocaceae","Veragua","Soberanía",0.288888888888889
"Whole community","Unclassified_Sphingobacteriaceae","Veragua","Soberanía",0.177777777777778
"Whole community","Rhodanobacter","Veragua","Soberanía",0.244444444444444
"Whole community","Variibacter","Veragua","Soberanía",0.6
"Whole community","Unclassified_Microscillaceae","Veragua","Soberanía",0.177777777777778
"Whole community","Rhodopila","Veragua","Soberanía",0.211111111111111
"Whole community","Microvirga","Veragua","Soberanía",0.444444444444444
"Whole community","Unclassified_Solirubrobacteraceae","Veragua","Soberanía",0.3
"Whole community","Acidisoma","Veragua","Soberanía",0.144444444444444
"Whole community","Roseiarcus","Veragua","Soberanía",0.233333333333333
"Whole community","Alicyclobacillus","Veragua","Soberanía",0.222222222222222
"Whole community","Unclassified_Rhodobacteraceae","Veragua","Soberanía",0.277777777777778
"Whole community","Gordonia","Veragua","Soberanía",0.5
"Whole community","Phaselicystis","Veragua","Soberanía",0.533333333333333
"Whole community","Unclassified_Rhodanobacteraceae","Veragua","Soberanía",0.233333333333333
"Whole community","Unclassified_Isosphaeraceae","Veragua","Soberanía",0.188888888888889
"Whole community","Thermomonas","Veragua","Soberanía",0.444444444444444
"Whole community","Unclassified_Acidobacteriaceae (Subgroup 1)","Veragua","Soberanía",0.277777777777778
"Whole community","Hirschia","Veragua","Soberanía",0.244444444444444
"Whole community","Unclassified_Ilumatobacteraceae","Veragua","Soberanía",0.388888888888889
"Whole community","Chryseolinea","Veragua","Soberanía",0.288888888888889
"Whole community","Pajaroellobacter","Veragua","Soberanía",0.244444444444444
"Whole community","Pseudaminobacter","Veragua","Soberanía",0.1
"Whole community","Unclassified_Devosiaceae","Veragua","Soberanía",0.122222222222222
"Whole community","Veillonella","Veragua","Soberanía",0.144444444444444
"Whole community","Desulfotomaculum","Veragua","Soberanía",0.222222222222222
"Whole community","Unclassified_Micrococcaceae","Veragua","Soberanía",0.133333333333333
"Whole community","Subgroup 10","Veragua","Soberanía",0.122222222222222
"Whole community","Pseudorhodoplanes","Veragua","Soberanía",0.344444444444444
"Whole community","Hymenobacter","Veragua","Soberanía",0.277777777777778
"Whole community","JCM 18997","Veragua","Soberanía",0.388888888888889
"Whole community","Unclassified_Obscuribacteraceae","Veragua","Soberanía",0.244444444444444
"Whole community","Chitinophaga","Veragua","Soberanía",0.377777777777778
"Whole community","Rhodoplanes","Veragua","Soberanía",0.233333333333333
"Whole community","Unclassified_Gemmatimonadaceae","Veragua","Soberanía",0.222222222222222
"Whole community","Flavitalea","Veragua","Soberanía",0.533333333333333
"Whole community","Iamia","Veragua","Soberanía",0.622222222222222
"Whole community","Parviterribacter","Veragua","Soberanía",0.244444444444444
"Whole community","Taibaiella","Veragua","Soberanía",0.422222222222222
"Whole community","Altererythrobacter","Veragua","Soberanía",0.222222222222222
"Whole community","Unclassified_SM2D12","Veragua","Soberanía",0.177777777777778
"Whole community","Reyranella","Veragua","Soberanía",0.111111111111111
"Whole community","Bdellovibrio","Veragua","Soberanía",0.422222222222222
"Whole community","Gaiella","Veragua","Soberanía",0.222222222222222
"Whole community","Pedomicrobium","Veragua","Soberanía",0.333333333333333
"Whole community","Hyphomicrobium","Veragua","Soberanía",0.377777777777778
"Whole community","Unclassified_Blastocatellaceae","Veragua","Soberanía",0.222222222222222
"Whole community","OM27 clade","Veragua","Soberanía",0.288888888888889
"Whole community","Unclassified_Gemmataceae","Veragua","Soberanía",0.5
"Whole community","Geobacillus","Veragua","Soberanía",0.344444444444444
"Whole community","Luteimonas","Veragua","Soberanía",0.288888888888889
"Whole community","Puia","Veragua","Soberanía",0.188888888888889
"Whole community","Unclassified_Caldilineaceae","Veragua","Soberanía",0.122222222222222
"Whole community","Unclassified_Rickettsiaceae","Veragua","Soberanía",0.222222222222222
"Whole community","Unclassified_env.OPS 17","Veragua","Soberanía",0.388888888888889
"Whole community","Unclassified_37-13","Veragua","Soberanía",0.333333333333333
"Whole community","Candidatus Xiphinematobacter","Veragua","Soberanía",0.277777777777778
"Whole community","Unclassified_Myxococcaceae","Veragua","Soberanía",0.133333333333333
"Whole community","Steroidobacter","Veragua","Soberanía",0.344444444444444
"Whole community","Leptolyngbya ANT.L52.2","Veragua","Soberanía",0.333333333333333
"Whole community","SH-PL14","Veragua","Soberanía",0.433333333333333
"Whole community","Aquisphaera","Veragua","Soberanía",0.222222222222222
"Whole community","Tepidisphaera","Veragua","Soberanía",0.388888888888889
"Whole community","Ilumatobacter","Veragua","Soberanía",0.177777777777778
"Whole community","Terrimonas","Veragua","Soberanía",0.1
"Whole community","Peredibacter","Veragua","Soberanía",0.422222222222222
"Whole community","Asanoa","Veragua","Soberanía",0.188888888888889
"Whole community","Nordella","Veragua","Soberanía",0.288888888888889
"Whole community","Nevskia","Veragua","Soberanía",0.1
"Whole community","SM1A02","Veragua","Soberanía",0.1
"Whole community","Unclassified_Methyloligellaceae","Veragua","Soberanía",0.488888888888889
"Whole community","Ferruginibacter","Veragua","Soberanía",0.422222222222222
"Whole community","Unclassified_WD2101 soil group","Veragua","Soberanía",0.355555555555556
"Whole community","Unclassified_Sporichthyaceae","Veragua","Soberanía",0.177777777777778
"Whole community","Segetibacter","Veragua","Soberanía",0.2
"Whole community","Gemmatimonas","Veragua","Soberanía",0.188888888888889
"Whole community","Unclassified_TRA3-20","Veragua","Soberanía",0.222222222222222
"Whole community","Unclassified_Spirosomaceae","Veragua","Soberanía",0.0666666666666667
"Whole community","Unclassified_Micavibrionaceae","Veragua","Soberanía",0.244444444444444
"Whole community","Unclassified_D05-2","Veragua","Soberanía",0.688888888888889
"Whole community","Unclassified_Microtrichaceae","Veragua","Soberanía",0.5
"Whole community","Lysobacter","Veragua","Soberanía",0.122222222222222
"Whole community","Unclassified_Vicinamibacteraceae","Veragua","Soberanía",0.277777777777778
"Whole community","Unclassified_Pedosphaeraceae","Veragua","Soberanía",0.333333333333333
"Whole community","Amycolatopsis","Veragua","Soberanía",0.133333333333333
"Whole community","Unclassified_AB1","Veragua","Soberanía",0.288888888888889
"Whole community","SWB02","Veragua","Soberanía",0.222222222222222
"Whole community","Nannocystis","Veragua","Soberanía",0.133333333333333
"Whole community","Opitutus","Veragua","Soberanía",0.277777777777778
"Whole community","Pirellula","Veragua","Soberanía",0.166666666666667
"Whole community","Anaeromyxobacter","Veragua","Soberanía",0.111111111111111
"Whole community","Tundrisphaera","Veragua","Soberanía",0.311111111111111
"Whole community","Unclassified_Parachlamydiaceae","Veragua","Soberanía",0.222222222222222
"Whole community","Unclassified_Ardenticatenaceae","Veragua","Soberanía",0.344444444444444
"Whole community","Chthonomonas","Veragua","Soberanía",0.444444444444444
"Whole community","Unclassified_A4b","Veragua","Soberanía",0.277777777777778
"Whole community","Unclassified_Saprospiraceae","Veragua","Soberanía",0.5
"Whole community","Unclassified_Tepidisphaeraceae","Veragua","Soberanía",0.2
"Whole community","Coxiella","Veragua","Soberanía",0.111111111111111
"Whole community","Unclassified_Pirellulaceae","Veragua","Soberanía",0.677777777777778
"Whole community","Pir4 lineage","Veragua","Soberanía",0.233333333333333
"Whole community","JGI 0001001-H03","Veragua","Soberanía",0.333333333333333
"Whole community","Aquicella","Veragua","Soberanía",0.3
"Whole community","Unclassified_Oligoflexaceae","Veragua","Soberanía",0.588888888888889
"Whole community","Unclassified_Verrucomicrobiaceae","Veragua","Soberanía",0.277777777777778
"Whole community","Unclassified_AKYH767","Veragua","Soberanía",0.222222222222222
"Whole community","Unclassified_NS9 marine group","Veragua","Soberanía",0.344444444444444
"Whole community","Unclassified_KD3-93","Veragua","Soberanía",0.144444444444444
"Whole community","Prosthecobacter","Veragua","Soberanía",0.288888888888889
"Whole community","Unclassified_Diplorickettsiaceae","Veragua","Soberanía",0.644444444444444
"Whole community","Unclassified_LWQ8","Veragua","Soberanía",0.588888888888889
"Whole community","Candidatus Protochlamydia","Veragua","Soberanía",0.1
"Whole community","Klebsiella","Altos de Campana","Soberanía",0.2
"Whole community","Unclassified_Bacteria","Altos de Campana","Soberanía",0.7
"Whole community","Caldalkalibacillus","Altos de Campana","Soberanía",0.3
"Whole community","Actinomycetospora","Altos de Campana","Soberanía",0.6
"Whole community","Staphylococcus","Altos de Campana","Soberanía",0.8
"Whole community","Nesterenkonia","Altos de Campana","Soberanía",0.3
"Whole community","Acinetobacter","Altos de Campana","Soberanía",0.4
"Whole community","Pseudonocardia","Altos de Campana","Soberanía",0.7
"Whole community","Devriesea","Altos de Campana","Soberanía",0.4
"Whole community","Methylocella","Altos de Campana","Soberanía",1
"Whole community","Unclassified_Alcaligenaceae","Altos de Campana","Soberanía",0.7
"Whole community","Unclassified_Planococcaceae","Altos de Campana","Soberanía",0.3
"Whole community","Anoxybacillus","Altos de Campana","Soberanía",0.4
"Whole community","Unclassified_Mitochondria","Altos de Campana","Soberanía",0.3
"Whole community","Enterococcus","Altos de Campana","Soberanía",0.2
"Whole community","Methylobacterium-Methylorubrum","Altos de Campana","Soberanía",0.4
"Whole community","Tepidiphilus","Altos de Campana","Soberanía",0.4
"Whole community","Pseudomonas","Altos de Campana","Soberanía",0.2
"Whole community","Bacteroides","Altos de Campana","Soberanía",0.2
"Whole community","Streptococcus","Altos de Campana","Soberanía",0.2
"Whole community","Aerococcus","Altos de Campana","Soberanía",0.3
"Whole community","Candidatus Branchiomonas","Altos de Campana","Soberanía",0.8
"Whole community","Unclassified_Bacillaceae","Altos de Campana","Soberanía",0.3
"Whole community","Clostridium sensu stricto 12","Altos de Campana","Soberanía",0.3
"Whole community","Knoellia","Altos de Campana","Soberanía",0.5
"Whole community","Chryseobacterium","Altos de Campana","Soberanía",0.6
"Whole community","Corynebacterium","Altos de Campana","Soberanía",0.5
"Whole community","Stenotrophomonas","Altos de Campana","Soberanía",0.2
"Whole community","Sphingobacterium","Altos de Campana","Soberanía",0.5
"Whole community","1174-901-12","Altos de Campana","Soberanía",0.3
"Whole community","Sphingomonas","Altos de Campana","Soberanía",0.6
"Whole community","Unclassified_Enterobacteriaceae","Altos de Campana","Soberanía",0.1
"Whole community","Jatrophihabitans","Altos de Campana","Soberanía",0.7
"Whole community","Unclassified_Caloramatoraceae","Altos de Campana","Soberanía",0.4
"Whole community","Byssovorax","Altos de Campana","Soberanía",0.5
"Whole community","Aureimonas","Altos de Campana","Soberanía",0.4
"Whole community","Nakamurella","Altos de Campana","Soberanía",0.4
"Whole community","Amnibacterium","Altos de Campana","Soberanía",0.4
"Whole community","Lawsonella","Altos de Campana","Soberanía",0.4
"Whole community","Bradyrhizobium","Altos de Campana","Soberanía",0.9
"Whole community","Mycoplasma","Altos de Campana","Soberanía",0.3
"Whole community","Halomonas","Altos de Campana","Soberanía",0.4
"Whole community","Curtobacterium","Altos de Campana","Soberanía",0.1
"Whole community","Unclassified_Beijerinckiaceae","Altos de Campana","Soberanía",0.5
"Whole community","Mycobacterium","Altos de Campana","Soberanía",0.6
"Whole community","Lapillicoccus","Altos de Campana","Soberanía",0.3
"Whole community","Unclassified_Rhizobiaceae","Altos de Campana","Soberanía",0.4
"Whole community","Unclassified_67-14","Altos de Campana","Soberanía",0.7
"Whole community","Haliangium","Altos de Campana","Soberanía",0.9
"Whole community","Kocuria","Altos de Campana","Soberanía",0.8
"Whole community","Nostoc PCC-7107","Altos de Campana","Soberanía",0.3
"Whole community","Micrococcus","Altos de Campana","Soberanía",0.4
"Whole community","LD29","Altos de Campana","Soberanía",0.6
"Whole community","Unclassified_Caulobacteraceae","Altos de Campana","Soberanía",0.4
"Whole community","Nocardioides","Altos de Campana","Soberanía",0.6
"Whole community","Clostridium sensu stricto 10","Altos de Campana","Soberanía",0.5
"Whole community","Terriglobus","Altos de Campana","Soberanía",0.4
"Whole community","Conexibacter","Altos de Campana","Soberanía",0.6
"Whole community","Loriellopsis LF-B5","Altos de Campana","Soberanía",0.7
"Whole community","Streptomyces","Altos de Campana","Soberanía",0.2
"Whole community","Parafilimonas","Altos de Campana","Soberanía",0.7
"Whole community","Aridibacter","Altos de Campana","Soberanía",0.6
"Whole community","Devosia","Altos de Campana","Soberanía",0.6
"Whole community","Bacillus","Altos de Campana","Soberanía",0.4
"Whole community","Quadrisphaera","Altos de Campana","Soberanía",0.4
"Whole community","Brachybacterium","Altos de Campana","Soberanía",0.7
"Whole community","Actinoplanes","Altos de Campana","Soberanía",0.6
"Whole community","Flavobacterium","Altos de Campana","Soberanía",0.5
"Whole community","Rothia","Altos de Campana","Soberanía",0.3
"Whole community","Tumebacillus","Altos de Campana","Soberanía",0.2
"Whole community","Rubrobacter","Altos de Campana","Soberanía",0.1
"Whole community","Haemophilus","Altos de Campana","Soberanía",0.4
"Whole community","Brevibacterium","Altos de Campana","Soberanía",0.7
"Whole community","Psychroglaciecola","Altos de Campana","Soberanía",0.6
"Whole community","Unclassified_Kineosporiaceae","Altos de Campana","Soberanía",0.5
"Whole community","Candidatus Udaeobacter","Altos de Campana","Soberanía",0.9
"Whole community","Candidatus Megaira","Altos de Campana","Soberanía",0.4
"Whole community","Actinomyces","Altos de Campana","Soberanía",0.2
"Whole community","Blastocatella","Altos de Campana","Soberanía",0.4
"Whole community","Niabella","Altos de Campana","Soberanía",0.2
"Whole community","Neorhizobium","Altos de Campana","Soberanía",0.2
"Whole community","Allorhizobium-Neorhizobium-Pararhizobium-Rhizobium","Altos de Campana","Soberanía",0.3
"Whole community","Tianweitania","Altos de Campana","Soberanía",0.4
"Whole community","Hephaestia","Altos de Campana","Soberanía",0.1
"Whole community","Kineococcus","Altos de Campana","Soberanía",0.3
"Whole community","Qipengyuania","Altos de Campana","Soberanía",0.3
"Whole community","IheB3-7","Altos de Campana","Soberanía",0.3
"Whole community","Gemella","Altos de Campana","Soberanía",0.4
"Whole community","Unclassified_Sphingomonadaceae","Altos de Campana","Soberanía",0.2
"Whole community","Mucilaginibacter","Altos de Campana","Soberanía",0.3
"Whole community","Unclassified_Microbacteriaceae","Altos de Campana","Soberanía",0.2
"Whole community","FFCH7168","Altos de Campana","Soberanía",0.8
"Whole community","Enhydrobacter","Altos de Campana","Soberanía",0.1
"Whole community","Sphingobium","Altos de Campana","Soberanía",0.5
"Whole community","Luteibacter","Altos de Campana","Soberanía",0.3
"Whole community","Klenkia","Altos de Campana","Soberanía",0.3
"Whole community","Edaphobacter","Altos de Campana","Soberanía",0.9
"Whole community","Sphingoaurantiacus","Altos de Campana","Soberanía",0.7
"Whole community","Methylopila","Altos de Campana","Soberanía",0.3
"Whole community","Unclassified_Chitinophagaceae","Altos de Campana","Soberanía",0.4
"Whole community","Peptoniphilus","Altos de Campana","Soberanía",0.5
"Whole community","Kribbella","Altos de Campana","Soberanía",0.2
"Whole community","Marmoricola","Altos de Campana","Soberanía",0.3
"Whole community","Achromobacter","Altos de Campana","Soberanía",0.4
"Whole community","Unclassified_Simkaniaceae","Altos de Campana","Soberanía",0.2
"Whole community","Cytophaga","Altos de Campana","Soberanía",0.5
"Whole community","Unclassified_Acetobacteraceae","Altos de Campana","Soberanía",0.5
"Whole community","Bosea","Altos de Campana","Soberanía",0.2
"Whole community","Rhizorhapis","Altos de Campana","Soberanía",0.4
"Whole community","Sediminibacterium","Altos de Campana","Soberanía",0.5
"Whole community","Micromonospora","Altos de Campana","Soberanía",0.3
"Whole community","Unclassified_Micropepsaceae","Altos de Campana","Soberanía",0.6
"Whole community","Unclassified_Nocardioidaceae","Altos de Campana","Soberanía",0.4
"Whole community","Cellulomonas","Altos de Campana","Soberanía",0.2
"Whole community","Rhodococcus","Altos de Campana","Soberanía",0.4
"Whole community","Scytonema VB-61278","Altos de Campana","Soberanía",0.6
"Whole community","Kineosporia","Altos de Campana","Soberanía",0.7
"Whole community","Granulicella","Altos de Campana","Soberanía",0.3
"Whole community","Unclassified_Xanthobacteraceae","Altos de Campana","Soberanía",0.4
"Whole community","Flexivirga","Altos de Campana","Soberanía",0.3
"Whole community","Truepera","Altos de Campana","Soberanía",0.3
"Whole community","Solirubrobacter","Altos de Campana","Soberanía",0.4
"Whole community","Aetokthonos AEL04","Altos de Campana","Soberanía",0.4
"Whole community","Anaerococcus","Altos de Campana","Soberanía",0.3
"Whole community","Labrys","Altos de Campana","Soberanía",0.5
"Whole community","Unclassified_BIrii41","Altos de Campana","Soberanía",0.5
"Whole community","Thermoanaerobacterium","Altos de Campana","Soberanía",0.1
"Whole community","Unclassified_Comamonadaceae","Altos de Campana","Soberanía",0.3
"Whole community","Brevundimonas","Altos de Campana","Soberanía",0.7
"Whole community","Finegoldia","Altos de Campana","Soberanía",0.3
"Whole community","Acidiphilium","Altos de Campana","Soberanía",0.6
"Whole community","Paracoccus","Altos de Campana","Soberanía",0.4
"Whole community","Acidibacter","Altos de Campana","Soberanía",1
"Whole community","Dactylosporangium","Altos de Campana","Soberanía",0.6
"Whole community","Burkholderia-Caballeronia-Paraburkholderia","Altos de Campana","Soberanía",0.3
"Whole community","Pseudorhizobium","Altos de Campana","Soberanía",0.2
"Whole community","Novosphingobium","Altos de Campana","Soberanía",0.4
"Whole community","Bryobacter","Altos de Campana","Soberanía",0.8
"Whole community","Pedobacter","Altos de Campana","Soberanía",0.5
"Whole community","Unclassified_Lachnospiraceae","Altos de Campana","Soberanía",0.2
"Whole community","Candidatus Solibacter","Altos de Campana","Soberanía",0.8
"Whole community","Rhodopseudomonas","Altos de Campana","Soberanía",0.4
"Whole community","MN 122.2a","Altos de Campana","Soberanía",0.3
"Whole community","Unclassified_Solimonadaceae","Altos de Campana","Soberanía",0.4
"Whole community","Duganella","Altos de Campana","Soberanía",0.2
"Whole community","Xylophilus","Altos de Campana","Soberanía",0.3
"Whole community","Ellin6055","Altos de Campana","Soberanía",0.3
"Whole community","Spirosoma","Altos de Campana","Soberanía",0.5
"Whole community","Unclassified_Chthoniobacteraceae","Altos de Campana","Soberanía",0.6
"Whole community","Acuticoccus","Altos de Campana","Soberanía",0.9
"Whole community","Aurantisolimonas","Altos de Campana","Soberanía",0.2
"Whole community","Cellvibrio","Altos de Campana","Soberanía",0.3
"Whole community","Cutibacterium","Altos de Campana","Soberanía",0.2
"Whole community","Acidothermus","Altos de Campana","Soberanía",0.8
"Whole community","Legionella","Altos de Campana","Soberanía",0.3
"Whole community","Schumannella","Altos de Campana","Soberanía",0.3
"Whole community","Asticcacaulis","Altos de Campana","Soberanía",0.2
"Whole community","Unclassified_Micromonosporaceae","Altos de Campana","Soberanía",0.5
"Whole community","Pseudactinotalea","Altos de Campana","Soberanía",0.2
"Whole community","Paenibacillus","Altos de Campana","Soberanía",0.5
"Whole community","Flavisolibacter","Altos de Campana","Soberanía",0.5
"Whole community","Abiotrophia","Altos de Campana","Soberanía",0.4
"Whole community","Candidatus Alysiosphaera","Altos de Campana","Soberanía",0.7
"Whole community","Pedococcus-Phycicoccus","Altos de Campana","Soberanía",0.2
"Whole community","Brucella","Altos de Campana","Soberanía",0.4
"Whole community","Angustibacter","Altos de Campana","Soberanía",0.5
"Whole community","Fimbriiglobus","Altos de Campana","Soberanía",0.7
"Whole community","Acidicaldus","Altos de Campana","Soberanía",0.2
"Whole community","Unclassified_Polyangiaceae","Altos de Campana","Soberanía",0.6
"Whole community","Piscinibacter","Altos de Campana","Soberanía",0.4
"Whole community","Aeromicrobium","Altos de Campana","Soberanía",0.4
"Whole community","Unclassified_JG30-KF-CM45","Altos de Campana","Soberanía",0.3
"Whole community","Bryocella","Altos de Campana","Soberanía",0.5
"Whole community","Rubellimicrobium","Altos de Campana","Soberanía",0.2
"Whole community","Gemmata","Altos de Campana","Soberanía",0.7
"Whole community","Luteolibacter","Altos de Campana","Soberanía",0.4
"Whole community","Phenylobacterium","Altos de Campana","Soberanía",0.2
"Whole community","Prevotella_7","Altos de Campana","Soberanía",0.2
"Whole community","Calditerricola","Altos de Campana","Soberanía",0.3
"Whole community","alphaI cluster","Altos de Campana","Soberanía",0.3
"Whole community","Ohtaekwangia","Altos de Campana","Soberanía",0.3
"Whole community","Unclassified_Fimbriimonadaceae","Altos de Campana","Soberanía",0.4
"Whole community","Unclassified_Neisseriaceae","Altos de Campana","Soberanía",0.2
"Whole community","P3OB-42","Altos de Campana","Soberanía",0.5
"Whole community","Williamsia","Altos de Campana","Soberanía",0.2
"Whole community","Pseudochrobactrum","Altos de Campana","Soberanía",0.3
"Whole community","Caulobacter","Altos de Campana","Soberanía",0.3
"Whole community","Thermobrachium","Altos de Campana","Soberanía",0.1
"Whole community","Patulibacter","Altos de Campana","Soberanía",0.3
"Whole community","RB41","Altos de Campana","Soberanía",0.7
"Whole community","Azospirillum","Altos de Campana","Soberanía",0.4
"Whole community","Acidisphaera","Altos de Campana","Soberanía",0.2
"Whole community","Chthoniobacter","Altos de Campana","Soberanía",0.6
"Whole community","Unclassified_Staphylococcaceae","Altos de Campana","Soberanía",0.3
"Whole community","Amaricoccus","Altos de Campana","Soberanía",0.2
"Whole community","Unclassified_Sandaracinaceae","Altos de Campana","Soberanía",0.7
"Whole community","Edaphobaculum","Altos de Campana","Soberanía",0.3
"Whole community","Unclassified_Roseiflexaceae","Altos de Campana","Soberanía",0.2
"Whole community","CL500-29 marine group","Altos de Campana","Soberanía",0.5
"Whole community","Mesorhizobium","Altos de Campana","Soberanía",0.3
"Whole community","Acidipila-Silvibacterium","Altos de Campana","Soberanía",0.3
"Whole community","Methylocystis","Altos de Campana","Soberanía",0.3
"Whole community","Unclassified_Ktedonobacteraceae","Altos de Campana","Soberanía",0.5
"Whole community","Unclassified_AKIW781","Altos de Campana","Soberanía",0.3
"Whole community","Oligoflexus","Altos de Campana","Soberanía",0.4
"Whole community","Deinococcus","Altos de Campana","Soberanía",0.4
"Whole community","Shinella","Altos de Campana","Soberanía",0.2
"Whole community","Abditibacterium","Altos de Campana","Soberanía",0.2
"Whole community","Roseomonas","Altos de Campana","Soberanía",0.5
"Whole community","Pseudolabrys","Altos de Campana","Soberanía",0.2
"Whole community","Pseudoxanthomonas","Altos de Campana","Soberanía",0.4
"Whole community","Unclassified_Chroococcidiopsaceae","Altos de Campana","Soberanía",0.3
"Whole community","Unclassified_Rhizobiales Incertae Sedis","Altos de Campana","Soberanía",0.3
"Whole community","Dyadobacter","Altos de Campana","Soberanía",0.4
"Whole community","Unclassified_Nostocaceae","Altos de Campana","Soberanía",0.4
"Whole community","Unclassified_Sphingobacteriaceae","Altos de Campana","Soberanía",0.3
"Whole community","Rhodanobacter","Altos de Campana","Soberanía",0.9
"Whole community","Variibacter","Altos de Campana","Soberanía",0.4
"Whole community","Unclassified_Microscillaceae","Altos de Campana","Soberanía",0.2
"Whole community","Rhodopila","Altos de Campana","Soberanía",0.4
"Whole community","Microvirga","Altos de Campana","Soberanía",0.4
"Whole community","Unclassified_Solirubrobacteraceae","Altos de Campana","Soberanía",0.5
"Whole community","Acidisoma","Altos de Campana","Soberanía",0.6
"Whole community","Roseiarcus","Altos de Campana","Soberanía",0.4
"Whole community","Alicyclobacillus","Altos de Campana","Soberanía",0.1
"Whole community","Unclassified_Rhodobacteraceae","Altos de Campana","Soberanía",0.2
"Whole community","Gordonia","Altos de Campana","Soberanía",0.4
"Whole community","Phaselicystis","Altos de Campana","Soberanía",0.5
"Whole community","Unclassified_Rhodanobacteraceae","Altos de Campana","Soberanía",0.2
"Whole community","Unclassified_Isosphaeraceae","Altos de Campana","Soberanía",0.3
"Whole community","Thermomonas","Altos de Campana","Soberanía",0.4
"Whole community","Unclassified_Acidobacteriaceae (Subgroup 1)","Altos de Campana","Soberanía",0.5
"Whole community","Hirschia","Altos de Campana","Soberanía",0.4
"Whole community","Unclassified_Ilumatobacteraceae","Altos de Campana","Soberanía",0.2
"Whole community","Chryseolinea","Altos de Campana","Soberanía",0.2
"Whole community","Pajaroellobacter","Altos de Campana","Soberanía",0.5
"Whole community","Pseudaminobacter","Altos de Campana","Soberanía",0.2
"Whole community","Unclassified_Devosiaceae","Altos de Campana","Soberanía",0.2
"Whole community","Veillonella","Altos de Campana","Soberanía",0.4
"Whole community","Desulfotomaculum","Altos de Campana","Soberanía",0.2
"Whole community","Unclassified_Micrococcaceae","Altos de Campana","Soberanía",0.3
"Whole community","Subgroup 10","Altos de Campana","Soberanía",0.6
"Whole community","Pseudorhodoplanes","Altos de Campana","Soberanía",0.3
"Whole community","Hymenobacter","Altos de Campana","Soberanía",0.3
"Whole community","JCM 18997","Altos de Campana","Soberanía",0.4
"Whole community","Unclassified_Obscuribacteraceae","Altos de Campana","Soberanía",0.6
"Whole community","Chitinophaga","Altos de Campana","Soberanía",0.5
"Whole community","Rhodoplanes","Altos de Campana","Soberanía",0.8
"Whole community","Unclassified_Gemmatimonadaceae","Altos de Campana","Soberanía",0.2
"Whole community","Flavitalea","Altos de Campana","Soberanía",0.3
"Whole community","Iamia","Altos de Campana","Soberanía",0.4
"Whole community","Parviterribacter","Altos de Campana","Soberanía",0.3
"Whole community","Taibaiella","Altos de Campana","Soberanía",0.4
"Whole community","Altererythrobacter","Altos de Campana","Soberanía",0.3
"Whole community","Unclassified_SM2D12","Altos de Campana","Soberanía",0.4
"Whole community","Reyranella","Altos de Campana","Soberanía",0.3
"Whole community","Bdellovibrio","Altos de Campana","Soberanía",0.4
"Whole community","Gaiella","Altos de Campana","Soberanía",0.4
"Whole community","Pedomicrobium","Altos de Campana","Soberanía",0.2
"Whole community","Hyphomicrobium","Altos de Campana","Soberanía",0.2
"Whole community","Unclassified_Blastocatellaceae","Altos de Campana","Soberanía",0.3
"Whole community","OM27 clade","Altos de Campana","Soberanía",0.2
"Whole community","Unclassified_Gemmataceae","Altos de Campana","Soberanía",0.8
"Whole community","Geobacillus","Altos de Campana","Soberanía",0.1
"Whole community","Luteimonas","Altos de Campana","Soberanía",0.2
"Whole community","Puia","Altos de Campana","Soberanía",0.5
"Whole community","Unclassified_Caldilineaceae","Altos de Campana","Soberanía",0.2
"Whole community","Unclassified_Rickettsiaceae","Altos de Campana","Soberanía",0.3
"Whole community","Unclassified_env.OPS 17","Altos de Campana","Soberanía",0.4
"Whole community","Unclassified_37-13","Altos de Campana","Soberanía",0.2
"Whole community","Candidatus Xiphinematobacter","Altos de Campana","Soberanía",0.3
"Whole community","Unclassified_Myxococcaceae","Altos de Campana","Soberanía",0.6
"Whole community","Steroidobacter","Altos de Campana","Soberanía",0.2
"Whole community","Leptolyngbya ANT.L52.2","Altos de Campana","Soberanía",0.3
"Whole community","SH-PL14","Altos de Campana","Soberanía",0.2
"Whole community","Aquisphaera","Altos de Campana","Soberanía",0.8
"Whole community","Tepidisphaera","Altos de Campana","Soberanía",0.4
"Whole community","Ilumatobacter","Altos de Campana","Soberanía",0.2
"Whole community","Terrimonas","Altos de Campana","Soberanía",0.3
"Whole community","Peredibacter","Altos de Campana","Soberanía",0.4
"Whole community","Asanoa","Altos de Campana","Soberanía",0.2
"Whole community","Nordella","Altos de Campana","Soberanía",0.2
"Whole community","Nevskia","Altos de Campana","Soberanía",0.6
"Whole community","SM1A02","Altos de Campana","Soberanía",0.4
"Whole community","Unclassified_Methyloligellaceae","Altos de Campana","Soberanía",0.2
"Whole community","Ferruginibacter","Altos de Campana","Soberanía",0.3
"Whole community","Unclassified_WD2101 soil group","Altos de Campana","Soberanía",0.7
"Whole community","Unclassified_Sporichthyaceae","Altos de Campana","Soberanía",0.2
"Whole community","Segetibacter","Altos de Campana","Soberanía",0.2
"Whole community","Gemmatimonas","Altos de Campana","Soberanía",0.5
"Whole community","Unclassified_TRA3-20","Altos de Campana","Soberanía",0.1
"Whole community","Unclassified_Spirosomaceae","Altos de Campana","Soberanía",0.7
"Whole community","Unclassified_Micavibrionaceae","Altos de Campana","Soberanía",0.2
"Whole community","Unclassified_D05-2","Altos de Campana","Soberanía",0.5
"Whole community","Unclassified_Microtrichaceae","Altos de Campana","Soberanía",0.2
"Whole community","Lysobacter","Altos de Campana","Soberanía",0.1
"Whole community","Unclassified_Vicinamibacteraceae","Altos de Campana","Soberanía",0.4
"Whole community","Unclassified_Pedosphaeraceae","Altos de Campana","Soberanía",0.4
"Whole community","Amycolatopsis","Altos de Campana","Soberanía",0.2
"Whole community","Unclassified_AB1","Altos de Campana","Soberanía",0.1
"Whole community","SWB02","Altos de Campana","Soberanía",0.2
"Whole community","Nannocystis","Altos de Campana","Soberanía",0.4
"Whole community","Opitutus","Altos de Campana","Soberanía",0.5
"Whole community","Pirellula","Altos de Campana","Soberanía",0.4
"Whole community","Anaeromyxobacter","Altos de Campana","Soberanía",0.2
"Whole community","Tundrisphaera","Altos de Campana","Soberanía",0.3
"Whole community","Unclassified_Parachlamydiaceae","Altos de Campana","Soberanía",0.6
"Whole community","Unclassified_Ardenticatenaceae","Altos de Campana","Soberanía",0.2
"Whole community","Chthonomonas","Altos de Campana","Soberanía",0.5
"Whole community","Unclassified_A4b","Altos de Campana","Soberanía",0.5
"Whole community","Unclassified_Saprospiraceae","Altos de Campana","Soberanía",0.3
"Whole community","Unclassified_Tepidisphaeraceae","Altos de Campana","Soberanía",0.3
"Whole community","Coxiella","Altos de Campana","Soberanía",0.5
"Whole community","Unclassified_Pirellulaceae","Altos de Campana","Soberanía",0.2
"Whole community","Pir4 lineage","Altos de Campana","Soberanía",0.1
"Whole community","JGI 0001001-H03","Altos de Campana","Soberanía",0.4
"Whole community","Aquicella","Altos de Campana","Soberanía",0.3
"Whole community","Unclassified_Oligoflexaceae","Altos de Campana","Soberanía",0.4
"Whole community","Unclassified_Verrucomicrobiaceae","Altos de Campana","Soberanía",0.2
"Whole community","Unclassified_AKYH767","Altos de Campana","Soberanía",0.4
"Whole community","Unclassified_NS9 marine group","Altos de Campana","Soberanía",0.2
"Whole community","Unclassified_KD3-93","Altos de Campana","Soberanía",0.6
"Whole community","Prosthecobacter","Altos de Campana","Soberanía",0.1
"Whole community","Unclassified_Diplorickettsiaceae","Altos de Campana","Soberanía",0.5
"Whole community","Unclassified_LWQ8","Altos de Campana","Soberanía",0.4
"Whole community","Candidatus Protochlamydia","Altos de Campana","Soberanía",0.3
"Anti-Bd community","Staphylococcus","Lost Iguana","Veragua",0.722222222222222
"Anti-Bd community","Acinetobacter","Lost Iguana","Veragua",0.555555555555556
"Anti-Bd community","Unclassified_Alcaligenaceae","Lost Iguana","Veragua",0.666666666666667
"Anti-Bd community","Pseudomonas","Lost Iguana","Veragua",0.5
"Anti-Bd community","Unclassified_Bacillaceae","Lost Iguana","Veragua",0.555555555555556
"Anti-Bd community","Chryseobacterium","Lost Iguana","Veragua",0.166666666666667
"Anti-Bd community","Stenotrophomonas","Lost Iguana","Veragua",0.666666666666667
"Anti-Bd community","Sphingobacterium","Lost Iguana","Veragua",0.5
"Anti-Bd community","Amnibacterium","Lost Iguana","Veragua",0.777777777777778
"Anti-Bd community","Klebsiella","Lost Iguana","Veragua",0.222222222222222
"Anti-Bd community","Curtobacterium","Lost Iguana","Veragua",0.611111111111111
"Anti-Bd community","Micrococcus","Lost Iguana","Veragua",0.222222222222222
"Anti-Bd community","Unclassified_Bacteria","Lost Iguana","Veragua",0.166666666666667
"Anti-Bd community","Brachybacterium","Lost Iguana","Veragua",0.777777777777778
"Anti-Bd community","Brevibacterium","Lost Iguana","Veragua",0.555555555555556
"Anti-Bd community","Luteibacter","Lost Iguana","Veragua",0.222222222222222
"Anti-Bd community","Bosea","Lost Iguana","Veragua",0.111111111111111
"Anti-Bd community","Unclassified_Microbacteriaceae","Lost Iguana","Veragua",0.5
"Anti-Bd community","Allorhizobium-Neorhizobium-Pararhizobium-Rhizobium","Lost Iguana","Veragua",0.166666666666667
"Anti-Bd community","Unclassified_Comamonadaceae","Lost Iguana","Veragua",0.222222222222222
"Anti-Bd community","Brevundimonas","Lost Iguana","Veragua",0.277777777777778
"Anti-Bd community","Burkholderia-Caballeronia-Paraburkholderia","Lost Iguana","Veragua",0.444444444444444
"Anti-Bd community","Novosphingobium","Lost Iguana","Veragua",0.555555555555556
"Anti-Bd community","Duganella","Lost Iguana","Veragua",0.277777777777778
"Anti-Bd community","Flavobacterium","Lost Iguana","Veragua",0.222222222222222
"Anti-Bd community","Streptomyces","Lost Iguana","Veragua",0.166666666666667
"Anti-Bd community","Paenibacillus","Lost Iguana","Veragua",0.222222222222222
"Anti-Bd community","Thermomonas","Lost Iguana","Veragua",0.222222222222222
"Anti-Bd community","Staphylococcus","Lost Iguana","Altos de Campana",1
"Anti-Bd community","Acinetobacter","Lost Iguana","Altos de Campana",0.9
"Anti-Bd community","Unclassified_Alcaligenaceae","Lost Iguana","Altos de Campana",0.788888888888889
"Anti-Bd community","Pseudomonas","Lost Iguana","Altos de Campana",0.688888888888889
"Anti-Bd community","Unclassified_Bacillaceae","Lost Iguana","Altos de Campana",0.677777777777778
"Anti-Bd community","Chryseobacterium","Lost Iguana","Altos de Campana",0.555555555555556
"Anti-Bd community","Stenotrophomonas","Lost Iguana","Altos de Campana",0.588888888888889
"Anti-Bd community","Sphingobacterium","Lost Iguana","Altos de Campana",0.666666666666667
"Anti-Bd community","Amnibacterium","Lost Iguana","Altos de Campana",0.9
"Anti-Bd community","Klebsiella","Lost Iguana","Altos de Campana",0.377777777777778
"Anti-Bd community","Curtobacterium","Lost Iguana","Altos de Campana",0.2
"Anti-Bd community","Micrococcus","Lost Iguana","Altos de Campana",0.677777777777778
"Anti-Bd community","Unclassified_Bacteria","Lost Iguana","Altos de Campana",0.1
"Anti-Bd community","Brachybacterium","Lost Iguana","Altos de Campana",0.9
"Anti-Bd community","Brevibacterium","Lost Iguana","Altos de Campana",0.888888888888889
"Anti-Bd community","Luteibacter","Lost Iguana","Altos de Campana",0.588888888888889
"Anti-Bd community","Bosea","Lost Iguana","Altos de Campana",0.566666666666667
"Anti-Bd community","Unclassified_Microbacteriaceae","Lost Iguana","Altos de Campana",0.4
"Anti-Bd community","Allorhizobium-Neorhizobium-Pararhizobium-Rhizobium","Lost Iguana","Altos de Campana",0.333333333333333
"Anti-Bd community","Unclassified_Comamonadaceae","Lost Iguana","Altos de Campana",0.455555555555556
"Anti-Bd community","Brevundimonas","Lost Iguana","Altos de Campana",0.555555555555556
"Anti-Bd community","Burkholderia-Caballeronia-Paraburkholderia","Lost Iguana","Altos de Campana",0.4
"Anti-Bd community","Novosphingobium","Lost Iguana","Altos de Campana",0.677777777777778
"Anti-Bd community","Duganella","Lost Iguana","Altos de Campana",0.111111111111111
"Anti-Bd community","Flavobacterium","Lost Iguana","Altos de Campana",0.333333333333333
"Anti-Bd community","Streptomyces","Lost Iguana","Altos de Campana",0.3
"Anti-Bd community","Paenibacillus","Lost Iguana","Altos de Campana",0.444444444444444
"Anti-Bd community","Thermomonas","Lost Iguana","Altos de Campana",0.122222222222222
"Anti-Bd community","Staphylococcus","Lost Iguana","Soberanía",1
"Anti-Bd community","Acinetobacter","Lost Iguana","Soberanía",0.788888888888889
"Anti-Bd community","Unclassified_Alcaligenaceae","Lost Iguana","Soberanía",0.366666666666667
"Anti-Bd community","Pseudomonas","Lost Iguana","Soberanía",0.588888888888889
"Anti-Bd community","Unclassified_Bacillaceae","Lost Iguana","Soberanía",0.477777777777778
"Anti-Bd community","Chryseobacterium","Lost Iguana","Soberanía",0.144444444444444
"Anti-Bd community","Stenotrophomonas","Lost Iguana","Soberanía",0.577777777777778
"Anti-Bd community","Sphingobacterium","Lost Iguana","Soberanía",0.466666666666667
"Anti-Bd community","Amnibacterium","Lost Iguana","Soberanía",1
"Anti-Bd community","Klebsiella","Lost Iguana","Soberanía",0.333333333333333
"Anti-Bd community","Curtobacterium","Lost Iguana","Soberanía",0.133333333333333
"Anti-Bd community","Micrococcus","Lost Iguana","Soberanía",0.555555555555556
"Anti-Bd community","Unclassified_Bacteria","Lost Iguana","Soberanía",0.3
"Anti-Bd community","Brachybacterium","Lost Iguana","Soberanía",0.7
"Anti-Bd community","Brevibacterium","Lost Iguana","Soberanía",0.488888888888889
"Anti-Bd community","Luteibacter","Lost Iguana","Soberanía",0.488888888888889
"Anti-Bd community","Bosea","Lost Iguana","Soberanía",0.477777777777778
"Anti-Bd community","Unclassified_Microbacteriaceae","Lost Iguana","Soberanía",0.5
"Anti-Bd community","Allorhizobium-Neorhizobium-Pararhizobium-Rhizobium","Lost Iguana","Soberanía",0.388888888888889
"Anti-Bd community","Unclassified_Comamonadaceae","Lost Iguana","Soberanía",0.188888888888889
"Anti-Bd community","Brevundimonas","Lost Iguana","Soberanía",0.355555555555556
"Anti-Bd community","Burkholderia-Caballeronia-Paraburkholderia","Lost Iguana","Soberanía",0.177777777777778
"Anti-Bd community","Novosphingobium","Lost Iguana","Soberanía",0.677777777777778
"Anti-Bd community","Duganella","Lost Iguana","Soberanía",0.111111111111111
"Anti-Bd community","Flavobacterium","Lost Iguana","Soberanía",0.177777777777778
"Anti-Bd community","Streptomyces","Lost Iguana","Soberanía",0.5
"Anti-Bd community","Paenibacillus","Lost Iguana","Soberanía",0.333333333333333
"Anti-Bd community","Thermomonas","Lost Iguana","Soberanía",0.377777777777778
"Anti-Bd community","Staphylococcus","Veragua","Altos de Campana",0.555555555555556
"Anti-Bd community","Acinetobacter","Veragua","Altos de Campana",0.788888888888889
"Anti-Bd community","Unclassified_Alcaligenaceae","Veragua","Altos de Campana",0.177777777777778
"Anti-Bd community","Pseudomonas","Veragua","Altos de Campana",0.4
"Anti-Bd community","Unclassified_Bacillaceae","Veragua","Altos de Campana",0.777777777777778
"Anti-Bd community","Chryseobacterium","Veragua","Altos de Campana",0.5
"Anti-Bd community","Stenotrophomonas","Veragua","Altos de Campana",0.188888888888889
"Anti-Bd community","Sphingobacterium","Veragua","Altos de Campana",0.166666666666667
"Anti-Bd community","Amnibacterium","Veragua","Altos de Campana",0.388888888888889
"Anti-Bd community","Klebsiella","Veragua","Altos de Campana",0.366666666666667
"Anti-Bd community","Curtobacterium","Veragua","Altos de Campana",0.522222222222222
"Anti-Bd community","Micrococcus","Veragua","Altos de Campana",0.611111111111111
"Anti-Bd community","Unclassified_Bacteria","Veragua","Altos de Campana",0.177777777777778
"Anti-Bd community","Brachybacterium","Veragua","Altos de Campana",0.288888888888889
"Anti-Bd community","Brevibacterium","Veragua","Altos de Campana",0.444444444444444
"Anti-Bd community","Luteibacter","Veragua","Altos de Campana",0.388888888888889
"Anti-Bd community","Bosea","Veragua","Altos de Campana",0.566666666666667
"Anti-Bd community","Unclassified_Microbacteriaceae","Veragua","Altos de Campana",0.277777777777778
"Anti-Bd community","Allorhizobium-Neorhizobium-Pararhizobium-Rhizobium","Veragua","Altos de Campana",0.277777777777778
"Anti-Bd community","Unclassified_Comamonadaceae","Veragua","Altos de Campana",0.5
"Anti-Bd community","Brevundimonas","Veragua","Altos de Campana",0.4
"Anti-Bd community","Burkholderia-Caballeronia-Paraburkholderia","Veragua","Altos de Campana",0.266666666666667
"Anti-Bd community","Novosphingobium","Veragua","Altos de Campana",0.233333333333333
"Anti-Bd community","Duganella","Veragua","Altos de Campana",0.333333333333333
"Anti-Bd community","Flavobacterium","Veragua","Altos de Campana",0.222222222222222
"Anti-Bd community","Streptomyces","Veragua","Altos de Campana",0.244444444444444
"Anti-Bd community","Paenibacillus","Veragua","Altos de Campana",0.277777777777778
"Anti-Bd community","Thermomonas","Veragua","Altos de Campana",0.144444444444444
"Anti-Bd community","Staphylococcus","Veragua","Soberanía",0.277777777777778
"Anti-Bd community","Acinetobacter","Veragua","Soberanía",0.622222222222222
"Anti-Bd community","Unclassified_Alcaligenaceae","Veragua","Soberanía",0.777777777777778
"Anti-Bd community","Pseudomonas","Veragua","Soberanía",0.4
"Anti-Bd community","Unclassified_Bacillaceae","Veragua","Soberanía",0.555555555555556
"Anti-Bd community","Chryseobacterium","Veragua","Soberanía",0.144444444444444
"Anti-Bd community","Stenotrophomonas","Veragua","Soberanía",0.3
"Anti-Bd community","Sphingobacterium","Veragua","Soberanía",0.233333333333333
"Anti-Bd community","Amnibacterium","Veragua","Soberanía",0.5
"Anti-Bd community","Klebsiella","Veragua","Soberanía",0.344444444444444
"Anti-Bd community","Curtobacterium","Veragua","Soberanía",0.555555555555556
"Anti-Bd community","Micrococcus","Veragua","Soberanía",0.611111111111111
"Anti-Bd community","Unclassified_Bacteria","Veragua","Soberanía",0.233333333333333
"Anti-Bd community","Brachybacterium","Veragua","Soberanía",0.411111111111111
"Anti-Bd community","Brevibacterium","Veragua","Soberanía",0.3
"Anti-Bd community","Luteibacter","Veragua","Soberanía",0.488888888888889
"Anti-Bd community","Bosea","Veragua","Soberanía",0.466666666666667
"Anti-Bd community","Unclassified_Microbacteriaceae","Veragua","Soberanía",0.233333333333333
"Anti-Bd community","Allorhizobium-Neorhizobium-Pararhizobium-Rhizobium","Veragua","Soberanía",0.333333333333333
"Anti-Bd community","Unclassified_Comamonadaceae","Veragua","Soberanía",0.155555555555556
"Anti-Bd community","Brevundimonas","Veragua","Soberanía",0.233333333333333
"Anti-Bd community","Burkholderia-Caballeronia-Paraburkholderia","Veragua","Soberanía",0.355555555555556
"Anti-Bd community","Novosphingobium","Veragua","Soberanía",0.233333333333333
"Anti-Bd community","Duganella","Veragua","Soberanía",0.277777777777778
"Anti-Bd community","Flavobacterium","Veragua","Soberanía",0.233333333333333
"Anti-Bd community","Streptomyces","Veragua","Soberanía",0.633333333333333
"Anti-Bd community","Paenibacillus","Veragua","Soberanía",0.222222222222222
"Anti-Bd community","Thermomonas","Veragua","Soberanía",0.444444444444444
"Anti-Bd community","Staphylococcus","Altos de Campana","Soberanía",0.7
"Anti-Bd community","Acinetobacter","Altos de Campana","Soberanía",0.4
"Anti-Bd community","Unclassified_Alcaligenaceae","Altos de Campana","Soberanía",0.9
"Anti-Bd community","Pseudomonas","Altos de Campana","Soberanía",0.2
"Anti-Bd community","Unclassified_Bacillaceae","Altos de Campana","Soberanía",0.4
"Anti-Bd community","Chryseobacterium","Altos de Campana","Soberanía",0.5
"Anti-Bd community","Stenotrophomonas","Altos de Campana","Soberanía",0.2
"Anti-Bd community","Sphingobacterium","Altos de Campana","Soberanía",0.3
"Anti-Bd community","Amnibacterium","Altos de Campana","Soberanía",0.4
"Anti-Bd community","Klebsiella","Altos de Campana","Soberanía",0.7
"Anti-Bd community","Curtobacterium","Altos de Campana","Soberanía",0.1
"Anti-Bd community","Micrococcus","Altos de Campana","Soberanía",0.4
"Anti-Bd community","Unclassified_Bacteria","Altos de Campana","Soberanía",0.3
"Anti-Bd community","Brachybacterium","Altos de Campana","Soberanía",0.7
"Anti-Bd community","Brevibacterium","Altos de Campana","Soberanía",0.6
"Anti-Bd community","Luteibacter","Altos de Campana","Soberanía",0.3
"Anti-Bd community","Bosea","Altos de Campana","Soberanía",0.2
"Anti-Bd community","Unclassified_Microbacteriaceae","Altos de Campana","Soberanía",0.3
"Anti-Bd community","Allorhizobium-Neorhizobium-Pararhizobium-Rhizobium","Altos de Campana","Soberanía",0.3
"Anti-Bd community","Unclassified_Comamonadaceae","Altos de Campana","Soberanía",0.6
"Anti-Bd community","Brevundimonas","Altos de Campana","Soberanía",0.5
"Anti-Bd community","Burkholderia-Caballeronia-Paraburkholderia","Altos de Campana","Soberanía",0.3
"Anti-Bd community","Novosphingobium","Altos de Campana","Soberanía",0.2
"Anti-Bd community","Duganella","Altos de Campana","Soberanía",0.1
"Anti-Bd community","Flavobacterium","Altos de Campana","Soberanía",0.4
"Anti-Bd community","Streptomyces","Altos de Campana","Soberanía",0.4
"Anti-Bd community","Paenibacillus","Altos de Campana","Soberanía",0.3
"Anti-Bd community","Thermomonas","Altos de Campana","Soberanía",0.4
