"Sample_1","Sample_2","Site_1","Site_2","Bray_Curtis","Pair"
"220604_01","220604_02","Veragua","Veragua",0.541698546289212,"Veragua vs Veragua"
"220604_01","220604_03","Veragua","Veragua",0.91259572665853,"Veragua vs Veragua"
"220604_02","220604_03","Veragua","Veragua",0.901697485948281,"Veragua vs Veragua"
"220604_01","220604_04","Veragua","Veragua",0.554344577694722,"Veragua vs Veragua"
"220604_02","220604_04","Veragua","Veragua",0.516273372789861,"Veragua vs Veragua"
"220604_03","220604_04","Veragua","Veragua",0.819362596919757,"Veragua vs Veragua"
"220604_01","220604_05","Veragua","Veragua",0.498363301639777,"Veragua vs Veragua"
"220604_02","220604_05","Veragua","Veragua",0.499502414355249,"Veragua vs Veragua"
"220604_03","220604_05","Veragua","Veragua",0.790612290433938,"Veragua vs Veragua"
"220604_04","220604_05","Veragua","Veragua",0.529450560244726,"Veragua vs Veragua"
"220604_01","220604_06","Veragua","Veragua",0.336614355370103,"Veragua vs Veragua"
"220604_02","220604_06","Veragua","Veragua",0.464237335119358,"Veragua vs Veragua"
"220604_03","220604_06","Veragua","Veragua",0.863735464919576,"Veragua vs Veragua"
"220604_04","220604_06","Veragua","Veragua",0.469294824743652,"Veragua vs Veragua"
"220604_05","220604_06","Veragua","Veragua",0.314631941183479,"Veragua vs Veragua"
"220604_01","220604_07","Veragua","Veragua",0.412097229763933,"Veragua vs Veragua"
"220604_02","220604_07","Veragua","Veragua",0.7248004335971,"Veragua vs Veragua"
"220604_03","220604_07","Veragua","Veragua",0.82687431688332,"Veragua vs Veragua"
"220604_04","220604_07","Veragua","Veragua",0.669987733435537,"Veragua vs Veragua"
"220604_05","220604_07","Veragua","Veragua",0.626718933155335,"Veragua vs Veragua"
"220604_06","220604_07","Veragua","Veragua",0.481350763005816,"Veragua vs Veragua"
"220604_01","220606_02","Veragua","Veragua",0.503123940625712,"Veragua vs Veragua"
"220604_02","220606_02","Veragua","Veragua",0.536640960159881,"Veragua vs Veragua"
"220604_03","220606_02","Veragua","Veragua",0.780324085998119,"Veragua vs Veragua"
"220604_04","220606_02","Veragua","Veragua",0.576895371871061,"Veragua vs Veragua"
"220604_05","220606_02","Veragua","Veragua",0.372569192285968,"Veragua vs Veragua"
"220604_06","220606_02","Veragua","Veragua",0.350518150127393,"Veragua vs Veragua"
"220604_07","220606_02","Veragua","Veragua",0.457286707453708,"Veragua vs Veragua"
"220604_01","220606_04","Veragua","Veragua",0.809406693729304,"Veragua vs Veragua"
"220604_02","220606_04","Veragua","Veragua",0.787451167672595,"Veragua vs Veragua"
"220604_03","220606_04","Veragua","Veragua",0.910886955743567,"Veragua vs Veragua"
"220604_04","220606_04","Veragua","Veragua",0.747173834011903,"Veragua vs Veragua"
"220604_05","220606_04","Veragua","Veragua",0.701887871892603,"Veragua vs Veragua"
"220604_06","220606_04","Veragua","Veragua",0.766479513386565,"Veragua vs Veragua"
"220604_07","220606_04","Veragua","Veragua",0.806913008961879,"Veragua vs Veragua"
"220606_02","220606_04","Veragua","Veragua",0.734851075879772,"Veragua vs Veragua"
"220604_01","220607_01","Veragua","Veragua",0.882375332110344,"Veragua vs Veragua"
"220604_02","220607_01","Veragua","Veragua",0.861772739375962,"Veragua vs Veragua"
"220604_03","220607_01","Veragua","Veragua",0.83929204686672,"Veragua vs Veragua"
"220604_04","220607_01","Veragua","Veragua",0.708012307957834,"Veragua vs Veragua"
"220604_05","220607_01","Veragua","Veragua",0.810003868435894,"Veragua vs Veragua"
"220604_06","220607_01","Veragua","Veragua",0.78085870227408,"Veragua vs Veragua"
"220604_07","220607_01","Veragua","Veragua",0.766666206194181,"Veragua vs Veragua"
"220606_02","220607_01","Veragua","Veragua",0.781498143240918,"Veragua vs Veragua"
"220606_04","220607_01","Veragua","Veragua",0.792587272627242,"Veragua vs Veragua"
"220604_01","220607_02","Veragua","Veragua",0.504973221117062,"Veragua vs Veragua"
"220604_02","220607_02","Veragua","Veragua",0.401447847796371,"Veragua vs Veragua"
"220604_03","220607_02","Veragua","Veragua",0.898744993227466,"Veragua vs Veragua"
"220604_04","220607_02","Veragua","Veragua",0.31586800163062,"Veragua vs Veragua"
"220604_05","220607_02","Veragua","Veragua",0.501556473526985,"Veragua vs Veragua"
"220604_06","220607_02","Veragua","Veragua",0.406720751482052,"Veragua vs Veragua"
"220604_07","220607_02","Veragua","Veragua",0.709481626438255,"Veragua vs Veragua"
"220606_02","220607_02","Veragua","Veragua",0.570168369704198,"Veragua vs Veragua"
"220606_04","220607_02","Veragua","Veragua",0.759794039344155,"Veragua vs Veragua"
"220607_01","220607_02","Veragua","Veragua",0.77361056203108,"Veragua vs Veragua"
"220604_01","220607_03","Veragua","Veragua",0.477213737131124,"Veragua vs Veragua"
"220604_02","220607_03","Veragua","Veragua",0.577689758842886,"Veragua vs Veragua"
"220604_03","220607_03","Veragua","Veragua",0.851245312582525,"Veragua vs Veragua"
"220604_04","220607_03","Veragua","Veragua",0.526019975517852,"Veragua vs Veragua"
"220604_05","220607_03","Veragua","Veragua",0.373351642152833,"Veragua vs Veragua"
"220604_06","220607_03","Veragua","Veragua",0.303469531571668,"Veragua vs Veragua"
"220604_07","220607_03","Veragua","Veragua",0.480926364483035,"Veragua vs Veragua"
"220606_02","220607_03","Veragua","Veragua",0.442420473685125,"Veragua vs Veragua"
"220606_04","220607_03","Veragua","Veragua",0.81203620434158,"Veragua vs Veragua"
"220607_01","220607_03","Veragua","Veragua",0.681981770888182,"Veragua vs Veragua"
"220607_02","220607_03","Veragua","Veragua",0.530352480417755,"Veragua vs Veragua"
"220604_01","220607_04","Veragua","Veragua",0.488812689524257,"Veragua vs Veragua"
"220604_02","220607_04","Veragua","Veragua",0.614036990516325,"Veragua vs Veragua"
"220604_03","220607_04","Veragua","Veragua",0.81094279310312,"Veragua vs Veragua"
"220604_04","220607_04","Veragua","Veragua",0.577519785888333,"Veragua vs Veragua"
"220604_05","220607_04","Veragua","Veragua",0.480200419622055,"Veragua vs Veragua"
"220604_06","220607_04","Veragua","Veragua",0.44039375399671,"Veragua vs Veragua"
"220604_07","220607_04","Veragua","Veragua",0.506572810007834,"Veragua vs Veragua"
"220606_02","220607_04","Veragua","Veragua",0.323408450920363,"Veragua vs Veragua"
"220606_04","220607_04","Veragua","Veragua",0.515209075847375,"Veragua vs Veragua"
"220607_01","220607_04","Veragua","Veragua",0.803050436965944,"Veragua vs Veragua"
"220607_02","220607_04","Veragua","Veragua",0.61002933888522,"Veragua vs Veragua"
"220607_03","220607_04","Veragua","Veragua",0.474964794549646,"Veragua vs Veragua"
"220604_01","220609_01","Veragua","Veragua",0.504433291451114,"Veragua vs Veragua"
"220604_02","220609_01","Veragua","Veragua",0.241085505118615,"Veragua vs Veragua"
"220604_03","220609_01","Veragua","Veragua",0.812692450013398,"Veragua vs Veragua"
"220604_04","220609_01","Veragua","Veragua",0.469556451013337,"Veragua vs Veragua"
"220604_05","220609_01","Veragua","Veragua",0.421232820067143,"Veragua vs Veragua"
"220604_06","220609_01","Veragua","Veragua",0.386700027800945,"Veragua vs Veragua"
"220604_07","220609_01","Veragua","Veragua",0.708352248402441,"Veragua vs Veragua"
"220606_02","220609_01","Veragua","Veragua",0.528406136343615,"Veragua vs Veragua"
"220606_04","220609_01","Veragua","Veragua",0.76645727263038,"Veragua vs Veragua"
"220607_01","220609_01","Veragua","Veragua",0.911813643926789,"Veragua vs Veragua"
"220607_02","220609_01","Veragua","Veragua",0.39259827053441,"Veragua vs Veragua"
"220607_03","220609_01","Veragua","Veragua",0.552735164324701,"Veragua vs Veragua"
"220607_04","220609_01","Veragua","Veragua",0.575201190550858,"Veragua vs Veragua"
"220604_01","220609_02","Veragua","Veragua",0.451968671335206,"Veragua vs Veragua"
"220604_02","220609_02","Veragua","Veragua",0.45362570545738,"Veragua vs Veragua"
"220604_03","220609_02","Veragua","Veragua",0.845571351219357,"Veragua vs Veragua"
"220604_04","220609_02","Veragua","Veragua",0.480898792070307,"Veragua vs Veragua"
"220604_05","220609_02","Veragua","Veragua",0.368568668272305,"Veragua vs Veragua"
"220604_06","220609_02","Veragua","Veragua",0.301015986604613,"Veragua vs Veragua"
"220604_07","220609_02","Veragua","Veragua",0.589670354886436,"Veragua vs Veragua"
"220606_02","220609_02","Veragua","Veragua",0.45292935004555,"Veragua vs Veragua"
"220606_04","220609_02","Veragua","Veragua",0.781641460136845,"Veragua vs Veragua"
"220607_01","220609_02","Veragua","Veragua",0.621171838284792,"Veragua vs Veragua"
"220607_02","220609_02","Veragua","Veragua",0.380709943595161,"Veragua vs Veragua"
"220607_03","220609_02","Veragua","Veragua",0.374256933037008,"Veragua vs Veragua"
"220607_04","220609_02","Veragua","Veragua",0.521169945772587,"Veragua vs Veragua"
"220609_01","220609_02","Veragua","Veragua",0.433789481056096,"Veragua vs Veragua"
"220604_01","220609_03","Veragua","Veragua",0.541480692777785,"Veragua vs Veragua"
"220604_02","220609_03","Veragua","Veragua",0.542120350365528,"Veragua vs Veragua"
"220604_03","220609_03","Veragua","Veragua",0.709220605984657,"Veragua vs Veragua"
"220604_04","220609_03","Veragua","Veragua",0.493141296929897,"Veragua vs Veragua"
"220604_05","220609_03","Veragua","Veragua",0.402528478900993,"Veragua vs Veragua"
"220604_06","220609_03","Veragua","Veragua",0.4114445219268,"Veragua vs Veragua"
"220604_07","220609_03","Veragua","Veragua",0.523045432069226,"Veragua vs Veragua"
"220606_02","220609_03","Veragua","Veragua",0.359929388613713,"Veragua vs Veragua"
"220606_04","220609_03","Veragua","Veragua",0.72236841729855,"Veragua vs Veragua"
"220607_01","220609_03","Veragua","Veragua",0.681395380408318,"Veragua vs Veragua"
"220607_02","220609_03","Veragua","Veragua",0.507436714869355,"Veragua vs Veragua"
"220607_03","220609_03","Veragua","Veragua",0.402726637958518,"Veragua vs Veragua"
"220607_04","220609_03","Veragua","Veragua",0.400494204844116,"Veragua vs Veragua"
"220609_01","220609_03","Veragua","Veragua",0.491279077209803,"Veragua vs Veragua"
"220609_02","220609_03","Veragua","Veragua",0.354688532107193,"Veragua vs Veragua"
"220604_01","220609_04","Veragua","Veragua",0.458608844323483,"Veragua vs Veragua"
"220604_02","220609_04","Veragua","Veragua",0.51532847335328,"Veragua vs Veragua"
"220604_03","220609_04","Veragua","Veragua",0.750100837891228,"Veragua vs Veragua"
"220604_04","220609_04","Veragua","Veragua",0.491100950425465,"Veragua vs Veragua"
"220604_05","220609_04","Veragua","Veragua",0.3943336865538,"Veragua vs Veragua"
"220604_06","220609_04","Veragua","Veragua",0.344516487754132,"Veragua vs Veragua"
"220604_07","220609_04","Veragua","Veragua",0.539298818276128,"Veragua vs Veragua"
"220606_02","220609_04","Veragua","Veragua",0.38325006335759,"Veragua vs Veragua"
"220606_04","220609_04","Veragua","Veragua",0.791778373547811,"Veragua vs Veragua"
"220607_01","220609_04","Veragua","Veragua",0.674296504847737,"Veragua vs Veragua"
"220607_02","220609_04","Veragua","Veragua",0.459706770390675,"Veragua vs Veragua"
"220607_03","220609_04","Veragua","Veragua",0.340527828303451,"Veragua vs Veragua"
"220607_04","220609_04","Veragua","Veragua",0.435221113883477,"Veragua vs Veragua"
"220609_01","220609_04","Veragua","Veragua",0.46386002672478,"Veragua vs Veragua"
"220609_02","220609_04","Veragua","Veragua",0.275218075858312,"Veragua vs Veragua"
"220609_03","220609_04","Veragua","Veragua",0.229760905349366,"Veragua vs Veragua"
"220604_01","220609_07","Veragua","Veragua",0.479955968715012,"Veragua vs Veragua"
"220604_02","220609_07","Veragua","Veragua",0.793037353682055,"Veragua vs Veragua"
"220604_03","220609_07","Veragua","Veragua",0.870038455863015,"Veragua vs Veragua"
"220604_04","220609_07","Veragua","Veragua",0.806756534074164,"Veragua vs Veragua"
"220604_05","220609_07","Veragua","Veragua",0.765347469199809,"Veragua vs Veragua"
"220604_06","220609_07","Veragua","Veragua",0.623677859148618,"Veragua vs Veragua"
"220604_07","220609_07","Veragua","Veragua",0.348649901975694,"Veragua vs Veragua"
"220606_02","220609_07","Veragua","Veragua",0.576858888994492,"Veragua vs Veragua"
"220606_04","220609_07","Veragua","Veragua",0.848508981506061,"Veragua vs Veragua"
"220607_01","220609_07","Veragua","Veragua",0.676863664532213,"Veragua vs Veragua"
"220607_02","220609_07","Veragua","Veragua",0.766268113706983,"Veragua vs Veragua"
"220607_03","220609_07","Veragua","Veragua",0.59163767012889,"Veragua vs Veragua"
"220607_04","220609_07","Veragua","Veragua",0.61095788450826,"Veragua vs Veragua"
"220609_01","220609_07","Veragua","Veragua",0.828054706533237,"Veragua vs Veragua"
"220609_02","220609_07","Veragua","Veragua",0.515725650165391,"Veragua vs Veragua"
"220609_03","220609_07","Veragua","Veragua",0.565379432089486,"Veragua vs Veragua"
"220609_04","220609_07","Veragua","Veragua",0.556422095363839,"Veragua vs Veragua"
"220604_01","220707_11","Veragua","Altos de Campana",0.619672800763282,"Veragua vs Altos de Campana"
"220604_02","220707_11","Veragua","Altos de Campana",0.625580434030919,"Veragua vs Altos de Campana"
"220604_03","220707_11","Veragua","Altos de Campana",0.79540077718136,"Veragua vs Altos de Campana"
"220604_04","220707_11","Veragua","Altos de Campana",0.552129830604263,"Veragua vs Altos de Campana"
"220604_05","220707_11","Veragua","Altos de Campana",0.490393912001599,"Veragua vs Altos de Campana"
"220604_06","220707_11","Veragua","Altos de Campana",0.448535102213965,"Veragua vs Altos de Campana"
"220604_07","220707_11","Veragua","Altos de Campana",0.620660216277746,"Veragua vs Altos de Campana"
"220606_02","220707_11","Veragua","Altos de Campana",0.516944762591804,"Veragua vs Altos de Campana"
"220606_04","220707_11","Veragua","Altos de Campana",0.742126349701412,"Veragua vs Altos de Campana"
"220607_01","220707_11","Veragua","Altos de Campana",0.63164598558464,"Veragua vs Altos de Campana"
"220607_02","220707_11","Veragua","Altos de Campana",0.475073595955603,"Veragua vs Altos de Campana"
"220607_03","220707_11","Veragua","Altos de Campana",0.410189711317479,"Veragua vs Altos de Campana"
"220607_04","220707_11","Veragua","Altos de Campana",0.589627638783409,"Veragua vs Altos de Campana"
"220609_01","220707_11","Veragua","Altos de Campana",0.59826288554824,"Veragua vs Altos de Campana"
"220609_02","220707_11","Veragua","Altos de Campana",0.388039466995703,"Veragua vs Altos de Campana"
"220609_03","220707_11","Veragua","Altos de Campana",0.414597560029313,"Veragua vs Altos de Campana"
"220609_04","220707_11","Veragua","Altos de Campana",0.383188931190473,"Veragua vs Altos de Campana"
"220609_07","220707_11","Veragua","Altos de Campana",0.585561429053402,"Veragua vs Altos de Campana"
"220604_01","220707_12","Veragua","Altos de Campana",0.836480072473216,"Veragua vs Altos de Campana"
"220604_02","220707_12","Veragua","Altos de Campana",0.837656271262446,"Veragua vs Altos de Campana"
"220604_03","220707_12","Veragua","Altos de Campana",0.706589293525439,"Veragua vs Altos de Campana"
"220604_04","220707_12","Veragua","Altos de Campana",0.857914114689447,"Veragua vs Altos de Campana"
"220604_05","220707_12","Veragua","Altos de Campana",0.632205223418924,"Veragua vs Altos de Campana"
"220604_06","220707_12","Veragua","Altos de Campana",0.688424763793478,"Veragua vs Altos de Campana"
"220604_07","220707_12","Veragua","Altos de Campana",0.734851606119458,"Veragua vs Altos de Campana"
"220606_02","220707_12","Veragua","Altos de Campana",0.700559181923458,"Veragua vs Altos de Campana"
"220606_04","220707_12","Veragua","Altos de Campana",0.8991884011058,"Veragua vs Altos de Campana"
"220607_01","220707_12","Veragua","Altos de Campana",0.780422761804004,"Veragua vs Altos de Campana"
"220607_02","220707_12","Veragua","Altos de Campana",0.724033980693597,"Veragua vs Altos de Campana"
"220607_03","220707_12","Veragua","Altos de Campana",0.593050146056475,"Veragua vs Altos de Campana"
"220607_04","220707_12","Veragua","Altos de Campana",0.771243546676043,"Veragua vs Altos de Campana"
"220609_01","220707_12","Veragua","Altos de Campana",0.779576034231707,"Veragua vs Altos de Campana"
"220609_02","220707_12","Veragua","Altos de Campana",0.645861881861495,"Veragua vs Altos de Campana"
"220609_03","220707_12","Veragua","Altos de Campana",0.690343808111578,"Veragua vs Altos de Campana"
"220609_04","220707_12","Veragua","Altos de Campana",0.591767154854129,"Veragua vs Altos de Campana"
"220609_07","220707_12","Veragua","Altos de Campana",0.725080209789192,"Veragua vs Altos de Campana"
"220707_11","220707_12","Altos de Campana","Altos de Campana",0.599669481761367,"Altos de Campana vs Altos de Campana"
"220604_01","220707_13","Veragua","Altos de Campana",0.871452653317658,"Veragua vs Altos de Campana"
"220604_02","220707_13","Veragua","Altos de Campana",0.87140224769373,"Veragua vs Altos de Campana"
"220604_03","220707_13","Veragua","Altos de Campana",0.831576376403542,"Veragua vs Altos de Campana"
"220604_04","220707_13","Veragua","Altos de Campana",0.726314055685127,"Veragua vs Altos de Campana"
"220604_05","220707_13","Veragua","Altos de Campana",0.706687286888148,"Veragua vs Altos de Campana"
"220604_06","220707_13","Veragua","Altos de Campana",0.719657980566461,"Veragua vs Altos de Campana"
"220604_07","220707_13","Veragua","Altos de Campana",0.733885308363533,"Veragua vs Altos de Campana"
"220606_02","220707_13","Veragua","Altos de Campana",0.613185452842183,"Veragua vs Altos de Campana"
"220606_04","220707_13","Veragua","Altos de Campana",0.695974192985898,"Veragua vs Altos de Campana"
"220607_01","220707_13","Veragua","Altos de Campana",0.737640517836127,"Veragua vs Altos de Campana"
"220607_02","220707_13","Veragua","Altos de Campana",0.680589696236388,"Veragua vs Altos de Campana"
"220607_03","220707_13","Veragua","Altos de Campana",0.712183544303797,"Veragua vs Altos de Campana"
"220607_04","220707_13","Veragua","Altos de Campana",0.823760655257267,"Veragua vs Altos de Campana"
"220609_01","220707_13","Veragua","Altos de Campana",0.857566942641903,"Veragua vs Altos de Campana"
"220609_02","220707_13","Veragua","Altos de Campana",0.717115372680444,"Veragua vs Altos de Campana"
"220609_03","220707_13","Veragua","Altos de Campana",0.717799946357037,"Veragua vs Altos de Campana"
"220609_04","220707_13","Veragua","Altos de Campana",0.69285935674606,"Veragua vs Altos de Campana"
"220609_07","220707_13","Veragua","Altos de Campana",0.782868772674984,"Veragua vs Altos de Campana"
"220707_11","220707_13","Altos de Campana","Altos de Campana",0.58680492894855,"Altos de Campana vs Altos de Campana"
"220707_12","220707_13","Altos de Campana","Altos de Campana",0.673039320461364,"Altos de Campana vs Altos de Campana"
"220604_01","220707_14","Veragua","Altos de Campana",0.583156006002997,"Veragua vs Altos de Campana"
"220604_02","220707_14","Veragua","Altos de Campana",0.58986866666146,"Veragua vs Altos de Campana"
"220604_03","220707_14","Veragua","Altos de Campana",0.716749294410359,"Veragua vs Altos de Campana"
"220604_04","220707_14","Veragua","Altos de Campana",0.524384853396199,"Veragua vs Altos de Campana"
"220604_05","220707_14","Veragua","Altos de Campana",0.418873250378734,"Veragua vs Altos de Campana"
"220604_06","220707_14","Veragua","Altos de Campana",0.468332838570749,"Veragua vs Altos de Campana"
"220604_07","220707_14","Veragua","Altos de Campana",0.663271733870559,"Veragua vs Altos de Campana"
"220606_02","220707_14","Veragua","Altos de Campana",0.558067597929494,"Veragua vs Altos de Campana"
"220606_04","220707_14","Veragua","Altos de Campana",0.676368813779638,"Veragua vs Altos de Campana"
"220607_01","220707_14","Veragua","Altos de Campana",0.722360523934172,"Veragua vs Altos de Campana"
"220607_02","220707_14","Veragua","Altos de Campana",0.438875635140626,"Veragua vs Altos de Campana"
"220607_03","220707_14","Veragua","Altos de Campana",0.405181535370872,"Veragua vs Altos de Campana"
"220607_04","220707_14","Veragua","Altos de Campana",0.564569864619374,"Veragua vs Altos de Campana"
"220609_01","220707_14","Veragua","Altos de Campana",0.553430118318938,"Veragua vs Altos de Campana"
"220609_02","220707_14","Veragua","Altos de Campana",0.436738140886155,"Veragua vs Altos de Campana"
"220609_03","220707_14","Veragua","Altos de Campana",0.469918429003572,"Veragua vs Altos de Campana"
"220609_04","220707_14","Veragua","Altos de Campana",0.43560813161688,"Veragua vs Altos de Campana"
"220609_07","220707_14","Veragua","Altos de Campana",0.660302502648838,"Veragua vs Altos de Campana"
"220707_11","220707_14","Altos de Campana","Altos de Campana",0.273321856750853,"Altos de Campana vs Altos de Campana"
"220707_12","220707_14","Altos de Campana","Altos de Campana",0.632812371065965,"Altos de Campana vs Altos de Campana"
"220707_13","220707_14","Altos de Campana","Altos de Campana",0.599584100617586,"Altos de Campana vs Altos de Campana"
"220604_01","220707_15","Veragua","Altos de Campana",0.898604033433904,"Veragua vs Altos de Campana"
"220604_02","220707_15","Veragua","Altos de Campana",0.863590780539122,"Veragua vs Altos de Campana"
"220604_03","220707_15","Veragua","Altos de Campana",0.746806623455008,"Veragua vs Altos de Campana"
"220604_04","220707_15","Veragua","Altos de Campana",0.913960837079396,"Veragua vs Altos de Campana"
"220604_05","220707_15","Veragua","Altos de Campana",0.762482282793048,"Veragua vs Altos de Campana"
"220604_06","220707_15","Veragua","Altos de Campana",0.817899612360405,"Veragua vs Altos de Campana"
"220604_07","220707_15","Veragua","Altos de Campana",0.799522495125021,"Veragua vs Altos de Campana"
"220606_02","220707_15","Veragua","Altos de Campana",0.810347594274918,"Veragua vs Altos de Campana"
"220606_04","220707_15","Veragua","Altos de Campana",0.973584905660377,"Veragua vs Altos de Campana"
"220607_01","220707_15","Veragua","Altos de Campana",0.812187235111293,"Veragua vs Altos de Campana"
"220607_02","220707_15","Veragua","Altos de Campana",0.799302921326174,"Veragua vs Altos de Campana"
"220607_03","220707_15","Veragua","Altos de Campana",0.67136971578696,"Veragua vs Altos de Campana"
"220607_04","220707_15","Veragua","Altos de Campana",0.853634625983559,"Veragua vs Altos de Campana"
"220609_01","220707_15","Veragua","Altos de Campana",0.819989613986498,"Veragua vs Altos de Campana"
"220609_02","220707_15","Veragua","Altos de Campana",0.649920783522973,"Veragua vs Altos de Campana"
"220609_03","220707_15","Veragua","Altos de Campana",0.801065099582572,"Veragua vs Altos de Campana"
"220609_04","220707_15","Veragua","Altos de Campana",0.705859569523599,"Veragua vs Altos de Campana"
"220609_07","220707_15","Veragua","Altos de Campana",0.69673179698574,"Veragua vs Altos de Campana"
"220707_11","220707_15","Altos de Campana","Altos de Campana",0.694676818333136,"Altos de Campana vs Altos de Campana"
"220707_12","220707_15","Altos de Campana","Altos de Campana",0.220863111094781,"Altos de Campana vs Altos de Campana"
"220707_13","220707_15","Altos de Campana","Altos de Campana",0.772357723577236,"Altos de Campana vs Altos de Campana"
"220707_14","220707_15","Altos de Campana","Altos de Campana",0.718434747216327,"Altos de Campana vs Altos de Campana"
"220604_01","220707_16","Veragua","Altos de Campana",0.661614894159653,"Veragua vs Altos de Campana"
"220604_02","220707_16","Veragua","Altos de Campana",0.809990827902486,"Veragua vs Altos de Campana"
"220604_03","220707_16","Veragua","Altos de Campana",0.847855354659249,"Veragua vs Altos de Campana"
"220604_04","220707_16","Veragua","Altos de Campana",0.764942193408968,"Veragua vs Altos de Campana"
"220604_05","220707_16","Veragua","Altos de Campana",0.510975299210593,"Veragua vs Altos de Campana"
"220604_06","220707_16","Veragua","Altos de Campana",0.490052821795941,"Veragua vs Altos de Campana"
"220604_07","220707_16","Veragua","Altos de Campana",0.605290390304418,"Veragua vs Altos de Campana"
"220606_02","220707_16","Veragua","Altos de Campana",0.479031550068587,"Veragua vs Altos de Campana"
"220606_04","220707_16","Veragua","Altos de Campana",0.794166219839142,"Veragua vs Altos de Campana"
"220607_01","220707_16","Veragua","Altos de Campana",0.825091514143095,"Veragua vs Altos de Campana"
"220607_02","220707_16","Veragua","Altos de Campana",0.782335944299391,"Veragua vs Altos de Campana"
"220607_03","220707_16","Veragua","Altos de Campana",0.562725738396624,"Veragua vs Altos de Campana"
"220607_04","220707_16","Veragua","Altos de Campana",0.631985083903045,"Veragua vs Altos de Campana"
"220609_01","220707_16","Veragua","Altos de Campana",0.730324159021407,"Veragua vs Altos de Campana"
"220609_02","220707_16","Veragua","Altos de Campana",0.65864631043257,"Veragua vs Altos de Campana"
"220609_03","220707_16","Veragua","Altos de Campana",0.63271609317725,"Veragua vs Altos de Campana"
"220609_04","220707_16","Veragua","Altos de Campana",0.533145650048876,"Veragua vs Altos de Campana"
"220609_07","220707_16","Veragua","Altos de Campana",0.616593929740731,"Veragua vs Altos de Campana"
"220707_11","220707_16","Altos de Campana","Altos de Campana",0.617768165433504,"Altos de Campana vs Altos de Campana"
"220707_12","220707_16","Altos de Campana","Altos de Campana",0.499256085686466,"Altos de Campana vs Altos de Campana"
"220707_13","220707_16","Altos de Campana","Altos de Campana",0.584065040650406,"Altos de Campana vs Altos de Campana"
"220707_14","220707_16","Altos de Campana","Altos de Campana",0.648702619414484,"Altos de Campana vs Altos de Campana"
"220707_15","220707_16","Altos de Campana","Altos de Campana",0.64633962264151,"Altos de Campana vs Altos de Campana"
"220604_01","220707_17","Veragua","Altos de Campana",0.806485388156911,"Veragua vs Altos de Campana"
"220604_02","220707_17","Veragua","Altos de Campana",0.734263148532796,"Veragua vs Altos de Campana"
"220604_03","220707_17","Veragua","Altos de Campana",0.539154477931148,"Veragua vs Altos de Campana"
"220604_04","220707_17","Veragua","Altos de Campana",0.576072633643584,"Veragua vs Altos de Campana"
"220604_05","220707_17","Veragua","Altos de Campana",0.663998287903169,"Veragua vs Altos de Campana"
"220604_06","220707_17","Veragua","Altos de Campana",0.687183172738511,"Veragua vs Altos de Campana"
"220604_07","220707_17","Veragua","Altos de Campana",0.662823297880646,"Veragua vs Altos de Campana"
"220606_02","220707_17","Veragua","Altos de Campana",0.635674448716214,"Veragua vs Altos de Campana"
"220606_04","220707_17","Veragua","Altos de Campana",0.786806228965832,"Veragua vs Altos de Campana"
"220607_01","220707_17","Veragua","Altos de Campana",0.698849757174535,"Veragua vs Altos de Campana"
"220607_02","220707_17","Veragua","Altos de Campana",0.643524854679791,"Veragua vs Altos de Campana"
"220607_03","220707_17","Veragua","Altos de Campana",0.635157799378107,"Veragua vs Altos de Campana"
"220607_04","220707_17","Veragua","Altos de Campana",0.650863794444451,"Veragua vs Altos de Campana"
"220609_01","220707_17","Veragua","Altos de Campana",0.750857629584938,"Veragua vs Altos de Campana"
"220609_02","220707_17","Veragua","Altos de Campana",0.648696088709082,"Veragua vs Altos de Campana"
"220609_03","220707_17","Veragua","Altos de Campana",0.514721418101219,"Veragua vs Altos de Campana"
"220609_04","220707_17","Veragua","Altos de Campana",0.525145067698259,"Veragua vs Altos de Campana"
"220609_07","220707_17","Veragua","Altos de Campana",0.724174458123817,"Veragua vs Altos de Campana"
"220707_11","220707_17","Altos de Campana","Altos de Campana",0.602906417986523,"Altos de Campana vs Altos de Campana"
"220707_12","220707_17","Altos de Campana","Altos de Campana",0.549569740789779,"Altos de Campana vs Altos de Campana"
"220707_13","220707_17","Altos de Campana","Altos de Campana",0.678758000345961,"Altos de Campana vs Altos de Campana"
"220707_14","220707_17","Altos de Campana","Altos de Campana",0.606235452250598,"Altos de Campana vs Altos de Campana"
"220707_15","220707_17","Altos de Campana","Altos de Campana",0.629294551293748,"Altos de Campana vs Altos de Campana"
"220707_16","220707_17","Altos de Campana","Altos de Campana",0.711159252095422,"Altos de Campana vs Altos de Campana"
"220604_01","220707_18","Veragua","Altos de Campana",0.698913559447252,"Veragua vs Altos de Campana"
"220604_02","220707_18","Veragua","Altos de Campana",0.805799493844236,"Veragua vs Altos de Campana"
"220604_03","220707_18","Veragua","Altos de Campana",0.739611619912352,"Veragua vs Altos de Campana"
"220604_04","220707_18","Veragua","Altos de Campana",0.492899419637584,"Veragua vs Altos de Campana"
"220604_05","220707_18","Veragua","Altos de Campana",0.601428907755212,"Veragua vs Altos de Campana"
"220604_06","220707_18","Veragua","Altos de Campana",0.570050668071216,"Veragua vs Altos de Campana"
"220604_07","220707_18","Veragua","Altos de Campana",0.578161873135839,"Veragua vs Altos de Campana"
"220606_02","220707_18","Veragua","Altos de Campana",0.561151380344047,"Veragua vs Altos de Campana"
"220606_04","220707_18","Veragua","Altos de Campana",0.833173149881127,"Veragua vs Altos de Campana"
"220607_01","220707_18","Veragua","Altos de Campana",0.59114664608191,"Veragua vs Altos de Campana"
"220607_02","220707_18","Veragua","Altos de Campana",0.513503997588986,"Veragua vs Altos de Campana"
"220607_03","220707_18","Veragua","Altos de Campana",0.543792761910114,"Veragua vs Altos de Campana"
"220607_04","220707_18","Veragua","Altos de Campana",0.6254427612714,"Veragua vs Altos de Campana"
"220609_01","220707_18","Veragua","Altos de Campana",0.763552016617622,"Veragua vs Altos de Campana"
"220609_02","220707_18","Veragua","Altos de Campana",0.503122738941465,"Veragua vs Altos de Campana"
"220609_03","220707_18","Veragua","Altos de Campana",0.538679186226018,"Veragua vs Altos de Campana"
"220609_04","220707_18","Veragua","Altos de Campana",0.511779026887687,"Veragua vs Altos de Campana"
"220609_07","220707_18","Veragua","Altos de Campana",0.540977437000114,"Veragua vs Altos de Campana"
"220707_11","220707_18","Altos de Campana","Altos de Campana",0.540717106206536,"Altos de Campana vs Altos de Campana"
"220707_12","220707_18","Altos de Campana","Altos de Campana",0.623240757051291,"Altos de Campana vs Altos de Campana"
"220707_13","220707_18","Altos de Campana","Altos de Campana",0.540229916172636,"Altos de Campana vs Altos de Campana"
"220707_14","220707_18","Altos de Campana","Altos de Campana",0.61051066354966,"Altos de Campana vs Altos de Campana"
"220707_15","220707_18","Altos de Campana","Altos de Campana",0.665815760266371,"Altos de Campana vs Altos de Campana"
"220707_16","220707_18","Altos de Campana","Altos de Campana",0.630277469478357,"Altos de Campana vs Altos de Campana"
"220707_17","220707_18","Altos de Campana","Altos de Campana",0.5592668365474,"Altos de Campana vs Altos de Campana"
"220604_01","220707_19","Veragua","Altos de Campana",0.776374026027496,"Veragua vs Altos de Campana"
"220604_02","220707_19","Veragua","Altos de Campana",0.821670947483951,"Veragua vs Altos de Campana"
"220604_03","220707_19","Veragua","Altos de Campana",0.869679362842014,"Veragua vs Altos de Campana"
"220604_04","220707_19","Veragua","Altos de Campana",0.602021571178347,"Veragua vs Altos de Campana"
"220604_05","220707_19","Veragua","Altos de Campana",0.737336720256794,"Veragua vs Altos de Campana"
"220604_06","220707_19","Veragua","Altos de Campana",0.725528311460347,"Veragua vs Altos de Campana"
"220604_07","220707_19","Veragua","Altos de Campana",0.689822630526909,"Veragua vs Altos de Campana"
"220606_02","220707_19","Veragua","Altos de Campana",0.674578789053129,"Veragua vs Altos de Campana"
"220606_04","220707_19","Veragua","Altos de Campana",0.862203801440268,"Veragua vs Altos de Campana"
"220607_01","220707_19","Veragua","Altos de Campana",0.736489259306239,"Veragua vs Altos de Campana"
"220607_02","220707_19","Veragua","Altos de Campana",0.557856900326663,"Veragua vs Altos de Campana"
"220607_03","220707_19","Veragua","Altos de Campana",0.634770392234773,"Veragua vs Altos de Campana"
"220607_04","220707_19","Veragua","Altos de Campana",0.696779187697007,"Veragua vs Altos de Campana"
"220609_01","220707_19","Veragua","Altos de Campana",0.849912782326079,"Veragua vs Altos de Campana"
"220609_02","220707_19","Veragua","Altos de Campana",0.714921096771985,"Veragua vs Altos de Campana"
"220609_03","220707_19","Veragua","Altos de Campana",0.623252237247675,"Veragua vs Altos de Campana"
"220609_04","220707_19","Veragua","Altos de Campana",0.551715257595483,"Veragua vs Altos de Campana"
"220609_07","220707_19","Veragua","Altos de Campana",0.687179256726755,"Veragua vs Altos de Campana"
"220707_11","220707_19","Altos de Campana","Altos de Campana",0.673873372620983,"Altos de Campana vs Altos de Campana"
"220707_12","220707_19","Altos de Campana","Altos de Campana",0.683534479370887,"Altos de Campana vs Altos de Campana"
"220707_13","220707_19","Altos de Campana","Altos de Campana",0.710569105691057,"Altos de Campana vs Altos de Campana"
"220707_14","220707_19","Altos de Campana","Altos de Campana",0.677903915648082,"Altos de Campana vs Altos de Campana"
"220707_15","220707_19","Altos de Campana","Altos de Campana",0.72245536847449,"Altos de Campana vs Altos de Campana"
"220707_16","220707_19","Altos de Campana","Altos de Campana",0.66562331838565,"Altos de Campana vs Altos de Campana"
"220707_17","220707_19","Altos de Campana","Altos de Campana",0.571345551690939,"Altos de Campana vs Altos de Campana"
"220707_18","220707_19","Altos de Campana","Altos de Campana",0.462990797469678,"Altos de Campana vs Altos de Campana"
"220604_01","220707_20","Veragua","Altos de Campana",0.712650545484474,"Veragua vs Altos de Campana"
"220604_02","220707_20","Veragua","Altos de Campana",0.857873358124346,"Veragua vs Altos de Campana"
"220604_03","220707_20","Veragua","Altos de Campana",0.835568435576193,"Veragua vs Altos de Campana"
"220604_04","220707_20","Veragua","Altos de Campana",0.702877307625253,"Veragua vs Altos de Campana"
"220604_05","220707_20","Veragua","Altos de Campana",0.707617708437957,"Veragua vs Altos de Campana"
"220604_06","220707_20","Veragua","Altos de Campana",0.650796314325683,"Veragua vs Altos de Campana"
"220604_07","220707_20","Veragua","Altos de Campana",0.620233922597614,"Veragua vs Altos de Campana"
"220606_02","220707_20","Veragua","Altos de Campana",0.614798692746162,"Veragua vs Altos de Campana"
"220606_04","220707_20","Veragua","Altos de Campana",0.92338955171272,"Veragua vs Altos de Campana"
"220607_01","220707_20","Veragua","Altos de Campana",0.690466089054763,"Veragua vs Altos de Campana"
"220607_02","220707_20","Veragua","Altos de Campana",0.640334224459863,"Veragua vs Altos de Campana"
"220607_03","220707_20","Veragua","Altos de Campana",0.590580715114226,"Veragua vs Altos de Campana"
"220607_04","220707_20","Veragua","Altos de Campana",0.638376264983571,"Veragua vs Altos de Campana"
"220609_01","220707_20","Veragua","Altos de Campana",0.804883219415914,"Veragua vs Altos de Campana"
"220609_02","220707_20","Veragua","Altos de Campana",0.636172865788754,"Veragua vs Altos de Campana"
"220609_03","220707_20","Veragua","Altos de Campana",0.651038037750853,"Veragua vs Altos de Campana"
"220609_04","220707_20","Veragua","Altos de Campana",0.531467482951868,"Veragua vs Altos de Campana"
"220609_07","220707_20","Veragua","Altos de Campana",0.495205092381558,"Veragua vs Altos de Campana"
"220707_11","220707_20","Altos de Campana","Altos de Campana",0.610700056915196,"Altos de Campana vs Altos de Campana"
"220707_12","220707_20","Altos de Campana","Altos de Campana",0.641242236506748,"Altos de Campana vs Altos de Campana"
"220707_13","220707_20","Altos de Campana","Altos de Campana",0.654510413630033,"Altos de Campana vs Altos de Campana"
"220707_14","220707_20","Altos de Campana","Altos de Campana",0.621167103542686,"Altos de Campana vs Altos de Campana"
"220707_15","220707_20","Altos de Campana","Altos de Campana",0.612718935578441,"Altos de Campana vs Altos de Campana"
"220707_16","220707_20","Altos de Campana","Altos de Campana",0.595049136786189,"Altos de Campana vs Altos de Campana"
"220707_17","220707_20","Altos de Campana","Altos de Campana",0.62896961477109,"Altos de Campana vs Altos de Campana"
"220707_18","220707_20","Altos de Campana","Altos de Campana",0.469431928224947,"Altos de Campana vs Altos de Campana"
"220707_19","220707_20","Altos de Campana","Altos de Campana",0.488766905472281,"Altos de Campana vs Altos de Campana"
"220604_01","220708_01","Veragua","Soberanía",0.624610641764813,"Veragua vs Soberanía"
"220604_02","220708_01","Veragua","Soberanía",0.691645029121056,"Veragua vs Soberanía"
"220604_03","220708_01","Veragua","Soberanía",0.779394013458177,"Veragua vs Soberanía"
"220604_04","220708_01","Veragua","Soberanía",0.619769026806724,"Veragua vs Soberanía"
"220604_05","220708_01","Veragua","Soberanía",0.579930488741712,"Veragua vs Soberanía"
"220604_06","220708_01","Veragua","Soberanía",0.590599092921461,"Veragua vs Soberanía"
"220604_07","220708_01","Veragua","Soberanía",0.550291956696817,"Veragua vs Soberanía"
"220606_02","220708_01","Veragua","Soberanía",0.593919853527788,"Veragua vs Soberanía"
"220606_04","220708_01","Veragua","Soberanía",0.782093994563287,"Veragua vs Soberanía"
"220607_01","220708_01","Veragua","Soberanía",0.764231859035499,"Veragua vs Soberanía"
"220607_02","220708_01","Veragua","Soberanía",0.689772987972077,"Veragua vs Soberanía"
"220607_03","220708_01","Veragua","Soberanía",0.516032431191851,"Veragua vs Soberanía"
"220607_04","220708_01","Veragua","Soberanía",0.589602332763838,"Veragua vs Soberanía"
"220609_01","220708_01","Veragua","Soberanía",0.628539147569511,"Veragua vs Soberanía"
"220609_02","220708_01","Veragua","Soberanía",0.552992217360291,"Veragua vs Soberanía"
"220609_03","220708_01","Veragua","Soberanía",0.492390498228053,"Veragua vs Soberanía"
"220609_04","220708_01","Veragua","Soberanía",0.475744078659452,"Veragua vs Soberanía"
"220609_07","220708_01","Veragua","Soberanía",0.713732150189249,"Veragua vs Soberanía"
"220707_11","220708_01","Altos de Campana","Soberanía",0.569199194455491,"Altos de Campana vs Soberanía"
"220707_12","220708_01","Altos de Campana","Soberanía",0.558967161398177,"Altos de Campana vs Soberanía"
"220707_13","220708_01","Altos de Campana","Soberanía",0.712773412252951,"Altos de Campana vs Soberanía"
"220707_14","220708_01","Altos de Campana","Soberanía",0.601559528337771,"Altos de Campana vs Soberanía"
"220707_15","220708_01","Altos de Campana","Soberanía",0.587258230046578,"Altos de Campana vs Soberanía"
"220707_16","220708_01","Altos de Campana","Soberanía",0.56197489539749,"Altos de Campana vs Soberanía"
"220707_17","220708_01","Altos de Campana","Soberanía",0.581194748158159,"Altos de Campana vs Soberanía"
"220707_18","220708_01","Altos de Campana","Soberanía",0.577678296391581,"Altos de Campana vs Soberanía"
"220707_19","220708_01","Altos de Campana","Soberanía",0.699625057070129,"Altos de Campana vs Soberanía"
"220707_20","220708_01","Altos de Campana","Soberanía",0.723674340295721,"Altos de Campana vs Soberanía"
"220604_01","220708_02","Veragua","Soberanía",0.624818014986815,"Veragua vs Soberanía"
"220604_02","220708_02","Veragua","Soberanía",0.845838219000457,"Veragua vs Soberanía"
"220604_03","220708_02","Veragua","Soberanía",0.89508913170526,"Veragua vs Soberanía"
"220604_04","220708_02","Veragua","Soberanía",0.858621318147858,"Veragua vs Soberanía"
"220604_05","220708_02","Veragua","Soberanía",0.791721942331916,"Veragua vs Soberanía"
"220604_06","220708_02","Veragua","Soberanía",0.697383389913881,"Veragua vs Soberanía"
"220604_07","220708_02","Veragua","Soberanía",0.675519472933032,"Veragua vs Soberanía"
"220606_02","220708_02","Veragua","Soberanía",0.672269112291884,"Veragua vs Soberanía"
"220606_04","220708_02","Veragua","Soberanía",0.89423383243071,"Veragua vs Soberanía"
"220607_01","220708_02","Veragua","Soberanía",0.874482319209939,"Veragua vs Soberanía"
"220607_02","220708_02","Veragua","Soberanía",0.87981113540841,"Veragua vs Soberanía"
"220607_03","220708_02","Veragua","Soberanía",0.726449808654695,"Veragua vs Soberanía"
"220607_04","220708_02","Veragua","Soberanía",0.701178719337369,"Veragua vs Soberanía"
"220609_01","220708_02","Veragua","Soberanía",0.857621810253368,"Veragua vs Soberanía"
"220609_02","220708_02","Veragua","Soberanía",0.787705035638811,"Veragua vs Soberanía"
"220609_03","220708_02","Veragua","Soberanía",0.754806156723425,"Veragua vs Soberanía"
"220609_04","220708_02","Veragua","Soberanía",0.757668246451401,"Veragua vs Soberanía"
"220609_07","220708_02","Veragua","Soberanía",0.68806632403107,"Veragua vs Soberanía"
"220707_11","220708_02","Altos de Campana","Soberanía",0.835297865562281,"Altos de Campana vs Soberanía"
"220707_12","220708_02","Altos de Campana","Soberanía",0.861466433687692,"Altos de Campana vs Soberanía"
"220707_13","220708_02","Altos de Campana","Soberanía",0.882586500283608,"Altos de Campana vs Soberanía"
"220707_14","220708_02","Altos de Campana","Soberanía",0.841669321439949,"Altos de Campana vs Soberanía"
"220707_15","220708_02","Altos de Campana","Soberanía",0.928666141722818,"Altos de Campana vs Soberanía"
"220707_16","220708_02","Altos de Campana","Soberanía",0.724734416480833,"Altos de Campana vs Soberanía"
"220707_17","220708_02","Altos de Campana","Soberanía",0.831281198721026,"Altos de Campana vs Soberanía"
"220707_18","220708_02","Altos de Campana","Soberanía",0.728060641268294,"Altos de Campana vs Soberanía"
"220707_19","220708_02","Altos de Campana","Soberanía",0.82684782934784,"Altos de Campana vs Soberanía"
"220707_20","220708_02","Altos de Campana","Soberanía",0.767587820111716,"Altos de Campana vs Soberanía"
"220708_01","220708_02","Soberanía","Soberanía",0.7216724582934,"Soberanía vs Soberanía"
"220604_01","220708_03","Veragua","Soberanía",0.560186066771038,"Veragua vs Soberanía"
"220604_02","220708_03","Veragua","Soberanía",0.82663483879044,"Veragua vs Soberanía"
"220604_03","220708_03","Veragua","Soberanía",0.88443309033701,"Veragua vs Soberanía"
"220604_04","220708_03","Veragua","Soberanía",0.873127346478039,"Veragua vs Soberanía"
"220604_05","220708_03","Veragua","Soberanía",0.608774061040214,"Veragua vs Soberanía"
"220604_06","220708_03","Veragua","Soberanía",0.603410401199543,"Veragua vs Soberanía"
"220604_07","220708_03","Veragua","Soberanía",0.654092408790329,"Veragua vs Soberanía"
"220606_02","220708_03","Veragua","Soberanía",0.667583035372956,"Veragua vs Soberanía"
"220606_04","220708_03","Veragua","Soberanía",0.913561847988077,"Veragua vs Soberanía"
"220607_01","220708_03","Veragua","Soberanía",0.857683790800727,"Veragua vs Soberanía"
"220607_02","220708_03","Veragua","Soberanía",0.805224266808824,"Veragua vs Soberanía"
"220607_03","220708_03","Veragua","Soberanía",0.560703135316644,"Veragua vs Soberanía"
"220607_04","220708_03","Veragua","Soberanía",0.702532976300411,"Veragua vs Soberanía"
"220609_01","220708_03","Veragua","Soberanía",0.799265234690111,"Veragua vs Soberanía"
"220609_02","220708_03","Veragua","Soberanía",0.674796646227005,"Veragua vs Soberanía"
"220609_03","220708_03","Veragua","Soberanía",0.711675809966682,"Veragua vs Soberanía"
"220609_04","220708_03","Veragua","Soberanía",0.621404419659311,"Veragua vs Soberanía"
"220609_07","220708_03","Veragua","Soberanía",0.628939765165922,"Veragua vs Soberanía"
"220707_11","220708_03","Altos de Campana","Soberanía",0.647548193430239,"Altos de Campana vs Soberanía"
"220707_12","220708_03","Altos de Campana","Soberanía",0.532445869133979,"Altos de Campana vs Soberanía"
"220707_13","220708_03","Altos de Campana","Soberanía",0.799935783262453,"Altos de Campana vs Soberanía"
"220707_14","220708_03","Altos de Campana","Soberanía",0.664906918588497,"Altos de Campana vs Soberanía"
"220707_15","220708_03","Altos de Campana","Soberanía",0.63183364733009,"Altos de Campana vs Soberanía"
"220707_16","220708_03","Altos de Campana","Soberanía",0.451864878291108,"Altos de Campana vs Soberanía"
"220707_17","220708_03","Altos de Campana","Soberanía",0.77271141833402,"Altos de Campana vs Soberanía"
"220707_18","220708_03","Altos de Campana","Soberanía",0.70466578780656,"Altos de Campana vs Soberanía"
"220707_19","220708_03","Altos de Campana","Soberanía",0.747340158922163,"Altos de Campana vs Soberanía"
"220707_20","220708_03","Altos de Campana","Soberanía",0.605699408031065,"Altos de Campana vs Soberanía"
"220708_01","220708_03","Soberanía","Soberanía",0.533778348683349,"Soberanía vs Soberanía"
"220708_02","220708_03","Soberanía","Soberanía",0.450360803866933,"Soberanía vs Soberanía"
"220604_01","220708_04","Veragua","Soberanía",0.613262635149343,"Veragua vs Soberanía"
"220604_02","220708_04","Veragua","Soberanía",0.787377985831155,"Veragua vs Soberanía"
"220604_03","220708_04","Veragua","Soberanía",0.892713919163582,"Veragua vs Soberanía"
"220604_04","220708_04","Veragua","Soberanía",0.765014948620204,"Veragua vs Soberanía"
"220604_05","220708_04","Veragua","Soberanía",0.702679144421307,"Veragua vs Soberanía"
"220604_06","220708_04","Veragua","Soberanía",0.662208771829971,"Veragua vs Soberanía"
"220604_07","220708_04","Veragua","Soberanía",0.675361958729092,"Veragua vs Soberanía"
"220606_02","220708_04","Veragua","Soberanía",0.680446479680569,"Veragua vs Soberanía"
"220606_04","220708_04","Veragua","Soberanía",0.812936315714489,"Veragua vs Soberanía"
"220607_01","220708_04","Veragua","Soberanía",0.8800479516141,"Veragua vs Soberanía"
"220607_02","220708_04","Veragua","Soberanía",0.789411396221446,"Veragua vs Soberanía"
"220607_03","220708_04","Veragua","Soberanía",0.684365537663593,"Veragua vs Soberanía"
"220607_04","220708_04","Veragua","Soberanía",0.693302410725536,"Veragua vs Soberanía"
"220609_01","220708_04","Veragua","Soberanía",0.761297134514313,"Veragua vs Soberanía"
"220609_02","220708_04","Veragua","Soberanía",0.709455360531774,"Veragua vs Soberanía"
"220609_03","220708_04","Veragua","Soberanía",0.667326019918267,"Veragua vs Soberanía"
"220609_04","220708_04","Veragua","Soberanía",0.668613762644251,"Veragua vs Soberanía"
"220609_07","220708_04","Veragua","Soberanía",0.743563991597308,"Veragua vs Soberanía"
"220707_11","220708_04","Altos de Campana","Soberanía",0.751554910352687,"Altos de Campana vs Soberanía"
"220707_12","220708_04","Altos de Campana","Soberanía",0.843601031169674,"Altos de Campana vs Soberanía"
"220707_13","220708_04","Altos de Campana","Soberanía",0.864588219895591,"Altos de Campana vs Soberanía"
"220707_14","220708_04","Altos de Campana","Soberanía",0.773044593246901,"Altos de Campana vs Soberanía"
"220707_15","220708_04","Altos de Campana","Soberanía",0.923435311701124,"Altos de Campana vs Soberanía"
"220707_16","220708_04","Altos de Campana","Soberanía",0.747167782685092,"Altos de Campana vs Soberanía"
"220707_17","220708_04","Altos de Campana","Soberanía",0.767265584460857,"Altos de Campana vs Soberanía"
"220707_18","220708_04","Altos de Campana","Soberanía",0.681661587961897,"Altos de Campana vs Soberanía"
"220707_19","220708_04","Altos de Campana","Soberanía",0.783444935175951,"Altos de Campana vs Soberanía"
"220707_20","220708_04","Altos de Campana","Soberanía",0.817986637294674,"Altos de Campana vs Soberanía"
"220708_01","220708_04","Soberanía","Soberanía",0.626375848141218,"Soberanía vs Soberanía"
"220708_02","220708_04","Soberanía","Soberanía",0.11525735838931,"Soberanía vs Soberanía"
"220708_03","220708_04","Soberanía","Soberanía",0.507208558248009,"Soberanía vs Soberanía"
"220604_01","220708_05","Veragua","Soberanía",0.816630140183886,"Veragua vs Soberanía"
"220604_02","220708_05","Veragua","Soberanía",0.959739932988868,"Veragua vs Soberanía"
"220604_03","220708_05","Veragua","Soberanía",0.824425638245209,"Veragua vs Soberanía"
"220604_04","220708_05","Veragua","Soberanía",0.94297173309892,"Veragua vs Soberanía"
"220604_05","220708_05","Veragua","Soberanía",0.90564475404954,"Veragua vs Soberanía"
"220604_06","220708_05","Veragua","Soberanía",0.908706879084736,"Veragua vs Soberanía"
"220604_07","220708_05","Veragua","Soberanía",0.832146132458622,"Veragua vs Soberanía"
"220606_02","220708_05","Veragua","Soberanía",0.904425612052731,"Veragua vs Soberanía"
"220606_04","220708_05","Veragua","Soberanía",0.974576271186441,"Veragua vs Soberanía"
"220607_01","220708_05","Veragua","Soberanía",0.956779661016949,"Veragua vs Soberanía"
"220607_02","220708_05","Veragua","Soberanía",0.961864406779661,"Veragua vs Soberanía"
"220607_03","220708_05","Veragua","Soberanía",0.892646427805192,"Veragua vs Soberanía"
"220607_04","220708_05","Veragua","Soberanía",0.908642066342923,"Veragua vs Soberanía"
"220609_01","220708_05","Veragua","Soberanía",0.944692893795677,"Veragua vs Soberanía"
"220609_02","220708_05","Veragua","Soberanía",0.914292922758442,"Veragua vs Soberanía"
"220609_03","220708_05","Veragua","Soberanía",0.865828127536511,"Veragua vs Soberanía"
"220609_04","220708_05","Veragua","Soberanía",0.895057739781633,"Veragua vs Soberanía"
"220609_07","220708_05","Veragua","Soberanía",0.883977569106679,"Veragua vs Soberanía"
"220707_11","220708_05","Altos de Campana","Soberanía",0.909993922614626,"Altos de Campana vs Soberanía"
"220707_12","220708_05","Altos de Campana","Soberanía",0.841525423728814,"Altos de Campana vs Soberanía"
"220707_13","220708_05","Altos de Campana","Soberanía",0.948305084745763,"Altos de Campana vs Soberanía"
"220707_14","220708_05","Altos de Campana","Soberanía",0.93728813559322,"Altos de Campana vs Soberanía"
"220707_15","220708_05","Altos de Campana","Soberanía",0.780764310841062,"Altos de Campana vs Soberanía"
"220707_16","220708_05","Altos de Campana","Soberanía",0.933050847457627,"Altos de Campana vs Soberanía"
"220707_17","220708_05","Altos de Campana","Soberanía",0.838384749041078,"Altos de Campana vs Soberanía"
"220707_18","220708_05","Altos de Campana","Soberanía",0.837653078500348,"Altos de Campana vs Soberanía"
"220707_19","220708_05","Altos de Campana","Soberanía",0.916949152542373,"Altos de Campana vs Soberanía"
"220707_20","220708_05","Altos de Campana","Soberanía",0.891052738199743,"Altos de Campana vs Soberanía"
"220708_01","220708_05","Soberanía","Soberanía",0.648475285440749,"Soberanía vs Soberanía"
"220708_02","220708_05","Soberanía","Soberanía",0.829834072170237,"Soberanía vs Soberanía"
"220708_03","220708_05","Soberanía","Soberanía",0.803229432418096,"Soberanía vs Soberanía"
"220708_04","220708_05","Soberanía","Soberanía",0.827384025441839,"Soberanía vs Soberanía"
"220604_01","220708_06","Veragua","Soberanía",0.351422707477418,"Veragua vs Soberanía"
"220604_02","220708_06","Veragua","Soberanía",0.692559825114708,"Veragua vs Soberanía"
"220604_03","220708_06","Veragua","Soberanía",0.841160115747912,"Veragua vs Soberanía"
"220604_04","220708_06","Veragua","Soberanía",0.736606573621022,"Veragua vs Soberanía"
"220604_05","220708_06","Veragua","Soberanía",0.596782633777337,"Veragua vs Soberanía"
"220604_06","220708_06","Veragua","Soberanía",0.476797937196215,"Veragua vs Soberanía"
"220604_07","220708_06","Veragua","Soberanía",0.454624143344238,"Veragua vs Soberanía"
"220606_02","220708_06","Veragua","Soberanía",0.45553377671159,"Veragua vs Soberanía"
"220606_04","220708_06","Veragua","Soberanía",0.771668593742721,"Veragua vs Soberanía"
"220607_01","220708_06","Veragua","Soberanía",0.813709378523945,"Veragua vs Soberanía"
"220607_02","220708_06","Veragua","Soberanía",0.664253894794154,"Veragua vs Soberanía"
"220607_03","220708_06","Veragua","Soberanía",0.55369848221249,"Veragua vs Soberanía"
"220607_04","220708_06","Veragua","Soberanía",0.450893522514057,"Veragua vs Soberanía"
"220609_01","220708_06","Veragua","Soberanía",0.683958432975347,"Veragua vs Soberanía"
"220609_02","220708_06","Veragua","Soberanía",0.567573532071922,"Veragua vs Soberanía"
"220609_03","220708_06","Veragua","Soberanía",0.543033197771609,"Veragua vs Soberanía"
"220609_04","220708_06","Veragua","Soberanía",0.540516462592598,"Veragua vs Soberanía"
"220609_07","220708_06","Veragua","Soberanía",0.524509385781823,"Veragua vs Soberanía"
"220707_11","220708_06","Altos de Campana","Soberanía",0.61018215560237,"Altos de Campana vs Soberanía"
"220707_12","220708_06","Altos de Campana","Soberanía",0.79471843172725,"Altos de Campana vs Soberanía"
"220707_13","220708_06","Altos de Campana","Soberanía",0.782425923785304,"Altos de Campana vs Soberanía"
"220707_14","220708_06","Altos de Campana","Soberanía",0.576515090660805,"Altos de Campana vs Soberanía"
"220707_15","220708_06","Altos de Campana","Soberanía",0.851783957793079,"Altos de Campana vs Soberanía"
"220707_16","220708_06","Altos de Campana","Soberanía",0.627456556082148,"Altos de Campana vs Soberanía"
"220707_17","220708_06","Altos de Campana","Soberanía",0.748467736760567,"Altos de Campana vs Soberanía"
"220707_18","220708_06","Altos de Campana","Soberanía",0.619868392675858,"Altos de Campana vs Soberanía"
"220707_19","220708_06","Altos de Campana","Soberanía",0.702644889805113,"Altos de Campana vs Soberanía"
"220707_20","220708_06","Altos de Campana","Soberanía",0.665533128150904,"Altos de Campana vs Soberanía"
"220708_01","220708_06","Soberanía","Soberanía",0.550038668226616,"Soberanía vs Soberanía"
"220708_02","220708_06","Soberanía","Soberanía",0.479605452879158,"Soberanía vs Soberanía"
"220708_03","220708_06","Soberanía","Soberanía",0.448274132828558,"Soberanía vs Soberanía"
"220708_04","220708_06","Soberanía","Soberanía",0.47625179860487,"Soberanía vs Soberanía"
"220708_05","220708_06","Soberanía","Soberanía",0.833970600048197,"Soberanía vs Soberanía"
"220604_01","220708_07","Veragua","Soberanía",0.688420714654004,"Veragua vs Soberanía"
"220604_02","220708_07","Veragua","Soberanía",0.876169871943451,"Veragua vs Soberanía"
"220604_03","220708_07","Veragua","Soberanía",0.870067818403242,"Veragua vs Soberanía"
"220604_04","220708_07","Veragua","Soberanía",0.8875433966936,"Veragua vs Soberanía"
"220604_05","220708_07","Veragua","Soberanía",0.775444386843271,"Veragua vs Soberanía"
"220604_06","220708_07","Veragua","Soberanía",0.720374722163078,"Veragua vs Soberanía"
"220604_07","220708_07","Veragua","Soberanía",0.714727356837682,"Veragua vs Soberanía"
"220606_02","220708_07","Veragua","Soberanía",0.721242163201826,"Veragua vs Soberanía"
"220606_04","220708_07","Veragua","Soberanía",0.708649072380455,"Veragua vs Soberanía"
"220607_01","220708_07","Veragua","Soberanía",0.852779554326971,"Veragua vs Soberanía"
"220607_02","220708_07","Veragua","Soberanía",0.895218186569114,"Veragua vs Soberanía"
"220607_03","220708_07","Veragua","Soberanía",0.706159888268896,"Veragua vs Soberanía"
"220607_04","220708_07","Veragua","Soberanía",0.72172030759172,"Veragua vs Soberanía"
"220609_01","220708_07","Veragua","Soberanía",0.902865252443407,"Veragua vs Soberanía"
"220609_02","220708_07","Veragua","Soberanía",0.781636543881661,"Veragua vs Soberanía"
"220609_03","220708_07","Veragua","Soberanía",0.755167683152439,"Veragua vs Soberanía"
"220609_04","220708_07","Veragua","Soberanía",0.742245316180935,"Veragua vs Soberanía"
"220609_07","220708_07","Veragua","Soberanía",0.720799408503245,"Veragua vs Soberanía"
"220707_11","220708_07","Altos de Campana","Soberanía",0.768667760552846,"Altos de Campana vs Soberanía"
"220707_12","220708_07","Altos de Campana","Soberanía",0.812908283250588,"Altos de Campana vs Soberanía"
"220707_13","220708_07","Altos de Campana","Soberanía",0.66478699696848,"Altos de Campana vs Soberanía"
"220707_14","220708_07","Altos de Campana","Soberanía",0.717781330687843,"Altos de Campana vs Soberanía"
"220707_15","220708_07","Altos de Campana","Soberanía",0.843718169313369,"Altos de Campana vs Soberanía"
"220707_16","220708_07","Altos de Campana","Soberanía",0.71767337339953,"Altos de Campana vs Soberanía"
"220707_17","220708_07","Altos de Campana","Soberanía",0.842354208289973,"Altos de Campana vs Soberanía"
"220707_18","220708_07","Altos de Campana","Soberanía",0.709110192287001,"Altos de Campana vs Soberanía"
"220707_19","220708_07","Altos de Campana","Soberanía",0.759804363848558,"Altos de Campana vs Soberanía"
"220707_20","220708_07","Altos de Campana","Soberanía",0.74634724753976,"Altos de Campana vs Soberanía"
"220708_01","220708_07","Soberanía","Soberanía",0.644869875971179,"Soberanía vs Soberanía"
"220708_02","220708_07","Soberanía","Soberanía",0.388945166105287,"Soberanía vs Soberanía"
"220708_03","220708_07","Soberanía","Soberanía",0.45249301281934,"Soberanía vs Soberanía"
"220708_04","220708_07","Soberanía","Soberanía",0.435040014015487,"Soberanía vs Soberanía"
"220708_05","220708_07","Soberanía","Soberanía",0.790409357243139,"Soberanía vs Soberanía"
"220708_06","220708_07","Soberanía","Soberanía",0.463125435760133,"Soberanía vs Soberanía"
"220604_01","220708_08","Veragua","Soberanía",0.703627421211593,"Veragua vs Soberanía"
"220604_02","220708_08","Veragua","Soberanía",0.853251667086811,"Veragua vs Soberanía"
"220604_03","220708_08","Veragua","Soberanía",0.78469365425872,"Veragua vs Soberanía"
"220604_04","220708_08","Veragua","Soberanía",0.750158315922238,"Veragua vs Soberanía"
"220604_05","220708_08","Veragua","Soberanía",0.693744899643177,"Veragua vs Soberanía"
"220604_06","220708_08","Veragua","Soberanía",0.581073321192433,"Veragua vs Soberanía"
"220604_07","220708_08","Veragua","Soberanía",0.552364610108143,"Veragua vs Soberanía"
"220606_02","220708_08","Veragua","Soberanía",0.622219845625168,"Veragua vs Soberanía"
"220606_04","220708_08","Veragua","Soberanía",0.882512181916622,"Veragua vs Soberanía"
"220607_01","220708_08","Veragua","Soberanía",0.752518587050819,"Veragua vs Soberanía"
"220607_02","220708_08","Veragua","Soberanía",0.87435026243955,"Veragua vs Soberanía"
"220607_03","220708_08","Veragua","Soberanía",0.530886984024727,"Veragua vs Soberanía"
"220607_04","220708_08","Veragua","Soberanía",0.610522564769167,"Veragua vs Soberanía"
"220609_01","220708_08","Veragua","Soberanía",0.814051052289108,"Veragua vs Soberanía"
"220609_02","220708_08","Veragua","Soberanía",0.68982207582339,"Veragua vs Soberanía"
"220609_03","220708_08","Veragua","Soberanía",0.618846229907032,"Veragua vs Soberanía"
"220609_04","220708_08","Veragua","Soberanía",0.558587252266628,"Veragua vs Soberanía"
"220609_07","220708_08","Veragua","Soberanía",0.62884943846214,"Veragua vs Soberanía"
"220707_11","220708_08","Altos de Campana","Soberanía",0.64804560857814,"Altos de Campana vs Soberanía"
"220707_12","220708_08","Altos de Campana","Soberanía",0.736455179561688,"Altos de Campana vs Soberanía"
"220707_13","220708_08","Altos de Campana","Soberanía",0.747554593033748,"Altos de Campana vs Soberanía"
"220707_14","220708_08","Altos de Campana","Soberanía",0.71855080032335,"Altos de Campana vs Soberanía"
"220707_15","220708_08","Altos de Campana","Soberanía",0.748632662859711,"Altos de Campana vs Soberanía"
"220707_16","220708_08","Altos de Campana","Soberanía",0.517258256632377,"Altos de Campana vs Soberanía"
"220707_17","220708_08","Altos de Campana","Soberanía",0.716044314634322,"Altos de Campana vs Soberanía"
"220707_18","220708_08","Altos de Campana","Soberanía",0.61548829520469,"Altos de Campana vs Soberanía"
"220707_19","220708_08","Altos de Campana","Soberanía",0.713243631048774,"Altos de Campana vs Soberanía"
"220707_20","220708_08","Altos de Campana","Soberanía",0.587999922346348,"Altos de Campana vs Soberanía"
"220708_01","220708_08","Soberanía","Soberanía",0.437863730169697,"Soberanía vs Soberanía"
"220708_02","220708_08","Soberanía","Soberanía",0.682165598174321,"Soberanía vs Soberanía"
"220708_03","220708_08","Soberanía","Soberanía",0.600057934201916,"Soberanía vs Soberanía"
"220708_04","220708_08","Soberanía","Soberanía",0.742919925057619,"Soberanía vs Soberanía"
"220708_05","220708_08","Soberanía","Soberanía",0.601396217411653,"Soberanía vs Soberanía"
"220708_06","220708_08","Soberanía","Soberanía",0.615227716522502,"Soberanía vs Soberanía"
"220708_07","220708_08","Soberanía","Soberanía",0.613192191972547,"Soberanía vs Soberanía"
"220604_01","220708_09","Veragua","Soberanía",0.868155912864551,"Veragua vs Soberanía"
"220604_02","220708_09","Veragua","Soberanía",0.904999154653804,"Veragua vs Soberanía"
"220604_03","220708_09","Veragua","Soberanía",0.893366017266375,"Veragua vs Soberanía"
"220604_04","220708_09","Veragua","Soberanía",0.835519664310333,"Veragua vs Soberanía"
"220604_05","220708_09","Veragua","Soberanía",0.782953423426859,"Veragua vs Soberanía"
"220604_06","220708_09","Veragua","Soberanía",0.745631445266416,"Veragua vs Soberanía"
"220604_07","220708_09","Veragua","Soberanía",0.79679584657392,"Veragua vs Soberanía"
"220606_02","220708_09","Veragua","Soberanía",0.834609095002999,"Veragua vs Soberanía"
"220606_04","220708_09","Veragua","Soberanía",0.922761705055979,"Veragua vs Soberanía"
"220607_01","220708_09","Veragua","Soberanía",0.846952842925264,"Veragua vs Soberanía"
"220607_02","220708_09","Veragua","Soberanía",0.897919851373753,"Veragua vs Soberanía"
"220607_03","220708_09","Veragua","Soberanía",0.727730008872888,"Veragua vs Soberanía"
"220607_04","220708_09","Veragua","Soberanía",0.848637282657718,"Veragua vs Soberanía"
"220609_01","220708_09","Veragua","Soberanía",0.904727615928049,"Veragua vs Soberanía"
"220609_02","220708_09","Veragua","Soberanía",0.758670839540676,"Veragua vs Soberanía"
"220609_03","220708_09","Veragua","Soberanía",0.7885138254804,"Veragua vs Soberanía"
"220609_04","220708_09","Veragua","Soberanía",0.724848898925323,"Veragua vs Soberanía"
"220609_07","220708_09","Veragua","Soberanía",0.7712701579031,"Veragua vs Soberanía"
"220707_11","220708_09","Altos de Campana","Soberanía",0.585907935149396,"Altos de Campana vs Soberanía"
"220707_12","220708_09","Altos de Campana","Soberanía",0.539808921106916,"Altos de Campana vs Soberanía"
"220707_13","220708_09","Altos de Campana","Soberanía",0.729478617025202,"Altos de Campana vs Soberanía"
"220707_14","220708_09","Altos de Campana","Soberanía",0.716904163043808,"Altos de Campana vs Soberanía"
"220707_15","220708_09","Altos de Campana","Soberanía",0.65065890255854,"Altos de Campana vs Soberanía"
"220707_16","220708_09","Altos de Campana","Soberanía",0.464278366111952,"Altos de Campana vs Soberanía"
"220707_17","220708_09","Altos de Campana","Soberanía",0.764575292305681,"Altos de Campana vs Soberanía"
"220707_18","220708_09","Altos de Campana","Soberanía",0.726191775485635,"Altos de Campana vs Soberanía"
"220707_19","220708_09","Altos de Campana","Soberanía",0.619523234488669,"Altos de Campana vs Soberanía"
"220707_20","220708_09","Altos de Campana","Soberanía",0.739633498281207,"Altos de Campana vs Soberanía"
"220708_01","220708_09","Soberanía","Soberanía",0.556036983818524,"Soberanía vs Soberanía"
"220708_02","220708_09","Soberanía","Soberanía",0.870408186051653,"Soberanía vs Soberanía"
"220708_03","220708_09","Soberanía","Soberanía",0.5817582837126,"Soberanía vs Soberanía"
"220708_04","220708_09","Soberanía","Soberanía",0.856436642649298,"Soberanía vs Soberanía"
"220708_05","220708_09","Soberanía","Soberanía",0.895193893860527,"Soberanía vs Soberanía"
"220708_06","220708_09","Soberanía","Soberanía",0.781705157344537,"Soberanía vs Soberanía"
"220708_07","220708_09","Soberanía","Soberanía",0.75967503239253,"Soberanía vs Soberanía"
"220708_08","220708_09","Soberanía","Soberanía",0.622348434896403,"Soberanía vs Soberanía"
"220604_01","220708_10","Veragua","Soberanía",0.911451476427758,"Veragua vs Soberanía"
"220604_02","220708_10","Veragua","Soberanía",0.876343408375067,"Veragua vs Soberanía"
"220604_03","220708_10","Veragua","Soberanía",0.704701615691355,"Veragua vs Soberanía"
"220604_04","220708_10","Veragua","Soberanía",0.82515189016142,"Veragua vs Soberanía"
"220604_05","220708_10","Veragua","Soberanía",0.771519832115606,"Veragua vs Soberanía"
"220604_06","220708_10","Veragua","Soberanía",0.789141356139216,"Veragua vs Soberanía"
"220604_07","220708_10","Veragua","Soberanía",0.819212362966255,"Veragua vs Soberanía"
"220606_02","220708_10","Veragua","Soberanía",0.769720291736473,"Veragua vs Soberanía"
"220606_04","220708_10","Veragua","Soberanía",0.899949238451634,"Veragua vs Soberanía"
"220607_01","220708_10","Veragua","Soberanía",0.880658745368091,"Veragua vs Soberanía"
"220607_02","220708_10","Veragua","Soberanía",0.902073206320829,"Veragua vs Soberanía"
"220607_03","220708_10","Veragua","Soberanía",0.771442136117578,"Veragua vs Soberanía"
"220607_04","220708_10","Veragua","Soberanía",0.791720192688933,"Veragua vs Soberanía"
"220609_01","220708_10","Veragua","Soberanía",0.821786728975892,"Veragua vs Soberanía"
"220609_02","220708_10","Veragua","Soberanía",0.820519586699171,"Veragua vs Soberanía"
"220609_03","220708_10","Veragua","Soberanía",0.73531433600059,"Veragua vs Soberanía"
"220609_04","220708_10","Veragua","Soberanía",0.687393049067742,"Veragua vs Soberanía"
"220609_07","220708_10","Veragua","Soberanía",0.871029656927014,"Veragua vs Soberanía"
"220707_11","220708_10","Altos de Campana","Soberanía",0.798756792038693,"Altos de Campana vs Soberanía"
"220707_12","220708_10","Altos de Campana","Soberanía",0.739295162332213,"Altos de Campana vs Soberanía"
"220707_13","220708_10","Altos de Campana","Soberanía",0.8307180870332,"Altos de Campana vs Soberanía"
"220707_14","220708_10","Altos de Campana","Soberanía",0.842298069337311,"Altos de Campana vs Soberanía"
"220707_15","220708_10","Altos de Campana","Soberanía",0.843821687464672,"Altos de Campana vs Soberanía"
"220707_16","220708_10","Altos de Campana","Soberanía",0.739744603807746,"Altos de Campana vs Soberanía"
"220707_17","220708_10","Altos de Campana","Soberanía",0.738979919107799,"Altos de Campana vs Soberanía"
"220707_18","220708_10","Altos de Campana","Soberanía",0.755849795078087,"Altos de Campana vs Soberanía"
"220707_19","220708_10","Altos de Campana","Soberanía",0.82135831472643,"Altos de Campana vs Soberanía"
"220707_20","220708_10","Altos de Campana","Soberanía",0.788271339660453,"Altos de Campana vs Soberanía"
"220708_01","220708_10","Soberanía","Soberanía",0.678966553592149,"Soberanía vs Soberanía"
"220708_02","220708_10","Soberanía","Soberanía",0.898193538420168,"Soberanía vs Soberanía"
"220708_03","220708_10","Soberanía","Soberanía",0.847022403262777,"Soberanía vs Soberanía"
"220708_04","220708_10","Soberanía","Soberanía",0.87785160480923,"Soberanía vs Soberanía"
"220708_05","220708_10","Soberanía","Soberanía",0.921953201754323,"Soberanía vs Soberanía"
"220708_06","220708_10","Soberanía","Soberanía",0.847231633009722,"Soberanía vs Soberanía"
"220708_07","220708_10","Soberanía","Soberanía",0.852545268068436,"Soberanía vs Soberanía"
"220708_08","220708_10","Soberanía","Soberanía",0.664324379488109,"Soberanía vs Soberanía"
"220708_09","220708_10","Soberanía","Soberanía",0.767099228274416,"Soberanía vs Soberanía"
"220604_01","250607_01","Veragua","Lost Iguana",0.518445979881807,"Lost Iguana vs Veragua"
"220604_02","250607_01","Veragua","Lost Iguana",0.449989282683927,"Lost Iguana vs Veragua"
"220604_03","250607_01","Veragua","Lost Iguana",0.721281405454065,"Lost Iguana vs Veragua"
"220604_04","250607_01","Veragua","Lost Iguana",0.53075201018849,"Lost Iguana vs Veragua"
"220604_05","250607_01","Veragua","Lost Iguana",0.498433181833804,"Lost Iguana vs Veragua"
"220604_06","250607_01","Veragua","Lost Iguana",0.442304164300175,"Lost Iguana vs Veragua"
"220604_07","250607_01","Veragua","Lost Iguana",0.651229825997306,"Lost Iguana vs Veragua"
"220606_02","250607_01","Veragua","Lost Iguana",0.434529820663654,"Lost Iguana vs Veragua"
"220606_04","250607_01","Veragua","Lost Iguana",0.836946674013279,"Lost Iguana vs Veragua"
"220607_01","250607_01","Veragua","Lost Iguana",0.878400997060115,"Lost Iguana vs Veragua"
"220607_02","250607_01","Veragua","Lost Iguana",0.502487075317561,"Lost Iguana vs Veragua"
"220607_03","250607_01","Veragua","Lost Iguana",0.561475887240817,"Lost Iguana vs Veragua"
"220607_04","250607_01","Veragua","Lost Iguana",0.554708441206862,"Lost Iguana vs Veragua"
"220609_01","250607_01","Veragua","Lost Iguana",0.444759526087691,"Lost Iguana vs Veragua"
"220609_02","250607_01","Veragua","Lost Iguana",0.544021712405751,"Lost Iguana vs Veragua"
"220609_03","250607_01","Veragua","Lost Iguana",0.520202208429363,"Lost Iguana vs Veragua"
"220609_04","250607_01","Veragua","Lost Iguana",0.469370037451499,"Lost Iguana vs Veragua"
"220609_07","250607_01","Veragua","Lost Iguana",0.761581130436364,"Lost Iguana vs Veragua"
"220707_11","250607_01","Altos de Campana","Lost Iguana",0.69775564700008,"Lost Iguana vs Altos de Campana"
"220707_12","250607_01","Altos de Campana","Lost Iguana",0.748700164574883,"Lost Iguana vs Altos de Campana"
"220707_13","250607_01","Altos de Campana","Lost Iguana",0.762515430944187,"Lost Iguana vs Altos de Campana"
"220707_14","250607_01","Altos de Campana","Lost Iguana",0.655701876175712,"Lost Iguana vs Altos de Campana"
"220707_15","250607_01","Altos de Campana","Lost Iguana",0.859992114249335,"Lost Iguana vs Altos de Campana"
"220707_16","250607_01","Altos de Campana","Lost Iguana",0.652987218813906,"Lost Iguana vs Altos de Campana"
"220707_17","250607_01","Altos de Campana","Lost Iguana",0.648769483274199,"Lost Iguana vs Altos de Campana"
"220707_18","250607_01","Altos de Campana","Lost Iguana",0.671165793120119,"Lost Iguana vs Altos de Campana"
"220707_19","250607_01","Altos de Campana","Lost Iguana",0.72350769622273,"Lost Iguana vs Altos de Campana"
"220707_20","250607_01","Altos de Campana","Lost Iguana",0.762013678415174,"Lost Iguana vs Altos de Campana"
"220708_01","250607_01","Soberanía","Lost Iguana",0.688583994318522,"Lost Iguana vs Soberanía"
"220708_02","250607_01","Soberanía","Lost Iguana",0.776207986991285,"Lost Iguana vs Soberanía"
"220708_03","250607_01","Soberanía","Lost Iguana",0.807157902315928,"Lost Iguana vs Soberanía"
"220708_04","250607_01","Soberanía","Lost Iguana",0.722749333098505,"Lost Iguana vs Soberanía"
"220708_05","250607_01","Soberanía","Lost Iguana",0.831805981595092,"Lost Iguana vs Soberanía"
"220708_06","250607_01","Soberanía","Lost Iguana",0.70268931904748,"Lost Iguana vs Soberanía"
"220708_07","250607_01","Soberanía","Lost Iguana",0.780575831675486,"Lost Iguana vs Soberanía"
"220708_08","250607_01","Soberanía","Lost Iguana",0.699849916212993,"Lost Iguana vs Soberanía"
"220708_09","250607_01","Soberanía","Lost Iguana",0.909127120400707,"Lost Iguana vs Soberanía"
"220708_10","250607_01","Soberanía","Lost Iguana",0.784753726838968,"Lost Iguana vs Soberanía"
"220604_01","250607_02","Veragua","Lost Iguana",0.657816854234242,"Lost Iguana vs Veragua"
"220604_02","250607_02","Veragua","Lost Iguana",0.839863648893412,"Lost Iguana vs Veragua"
"220604_03","250607_02","Veragua","Lost Iguana",0.795594067319115,"Lost Iguana vs Veragua"
"220604_04","250607_02","Veragua","Lost Iguana",0.769576644431696,"Lost Iguana vs Veragua"
"220604_05","250607_02","Veragua","Lost Iguana",0.627588542446032,"Lost Iguana vs Veragua"
"220604_06","250607_02","Veragua","Lost Iguana",0.682206471537787,"Lost Iguana vs Veragua"
"220604_07","250607_02","Veragua","Lost Iguana",0.669568838216443,"Lost Iguana vs Veragua"
"220606_02","250607_02","Veragua","Lost Iguana",0.639953049651408,"Lost Iguana vs Veragua"
"220606_04","250607_02","Veragua","Lost Iguana",0.829096507579689,"Lost Iguana vs Veragua"
"220607_01","250607_02","Veragua","Lost Iguana",0.889723694567855,"Lost Iguana vs Veragua"
"220607_02","250607_02","Veragua","Lost Iguana",0.833582367056567,"Lost Iguana vs Veragua"
"220607_03","250607_02","Veragua","Lost Iguana",0.733418941909416,"Lost Iguana vs Veragua"
"220607_04","250607_02","Veragua","Lost Iguana",0.690649176275774,"Lost Iguana vs Veragua"
"220609_01","250607_02","Veragua","Lost Iguana",0.761139450241881,"Lost Iguana vs Veragua"
"220609_02","250607_02","Veragua","Lost Iguana",0.751533392210184,"Lost Iguana vs Veragua"
"220609_03","250607_02","Veragua","Lost Iguana",0.672152622775605,"Lost Iguana vs Veragua"
"220609_04","250607_02","Veragua","Lost Iguana",0.68161293681746,"Lost Iguana vs Veragua"
"220609_07","250607_02","Veragua","Lost Iguana",0.784326803383779,"Lost Iguana vs Veragua"
"220707_11","250607_02","Altos de Campana","Lost Iguana",0.777355836024255,"Lost Iguana vs Altos de Campana"
"220707_12","250607_02","Altos de Campana","Lost Iguana",0.808316872469293,"Lost Iguana vs Altos de Campana"
"220707_13","250607_02","Altos de Campana","Lost Iguana",0.804093910354911,"Lost Iguana vs Altos de Campana"
"220707_14","250607_02","Altos de Campana","Lost Iguana",0.780497972914538,"Lost Iguana vs Altos de Campana"
"220707_15","250607_02","Altos de Campana","Lost Iguana",0.904627288249152,"Lost Iguana vs Altos de Campana"
"220707_16","250607_02","Altos de Campana","Lost Iguana",0.693528827796869,"Lost Iguana vs Altos de Campana"
"220707_17","250607_02","Altos de Campana","Lost Iguana",0.753295623486455,"Lost Iguana vs Altos de Campana"
"220707_18","250607_02","Altos de Campana","Lost Iguana",0.644958573457264,"Lost Iguana vs Altos de Campana"
"220707_19","250607_02","Altos de Campana","Lost Iguana",0.768323154183725,"Lost Iguana vs Altos de Campana"
"220707_20","250607_02","Altos de Campana","Lost Iguana",0.798767358971902,"Lost Iguana vs Altos de Campana"
"220708_01","250607_02","Soberanía","Lost Iguana",0.625978646549755,"Lost Iguana vs Soberanía"
"220708_02","250607_02","Soberanía","Lost Iguana",0.252494519854602,"Lost Iguana vs Soberanía"
"220708_03","250607_02","Soberanía","Lost Iguana",0.538670747813895,"Lost Iguana vs Soberanía"
"220708_04","250607_02","Soberanía","Lost Iguana",0.193149222796293,"Lost Iguana vs Soberanía"
"220708_05","250607_02","Soberanía","Lost Iguana",0.799893541978113,"Lost Iguana vs Soberanía"
"220708_06","250607_02","Soberanía","Lost Iguana",0.507438713448388,"Lost Iguana vs Soberanía"
"220708_07","250607_02","Soberanía","Lost Iguana",0.405484852557335,"Lost Iguana vs Soberanía"
"220708_08","250607_02","Soberanía","Lost Iguana",0.715847644540035,"Lost Iguana vs Soberanía"
"220708_09","250607_02","Soberanía","Lost Iguana",0.84458504389256,"Lost Iguana vs Soberanía"
"220708_10","250607_02","Soberanía","Lost Iguana",0.807566767468111,"Lost Iguana vs Soberanía"
"250607_01","250607_02","Lost Iguana","Lost Iguana",0.611701131947519,"Lost Iguana vs Lost Iguana"
"220604_01","250607_03","Veragua","Lost Iguana",0.367804614318919,"Lost Iguana vs Veragua"
"220604_02","250607_03","Veragua","Lost Iguana",0.385718208128796,"Lost Iguana vs Veragua"
"220604_03","250607_03","Veragua","Lost Iguana",0.871588211808374,"Lost Iguana vs Veragua"
"220604_04","250607_03","Veragua","Lost Iguana",0.556687509692945,"Lost Iguana vs Veragua"
"220604_05","250607_03","Veragua","Lost Iguana",0.595027388644015,"Lost Iguana vs Veragua"
"220604_06","250607_03","Veragua","Lost Iguana",0.455107963260656,"Lost Iguana vs Veragua"
"220604_07","250607_03","Veragua","Lost Iguana",0.538895835835709,"Lost Iguana vs Veragua"
"220606_02","250607_03","Veragua","Lost Iguana",0.551473562591684,"Lost Iguana vs Veragua"
"220606_04","250607_03","Veragua","Lost Iguana",0.850911838251255,"Lost Iguana vs Veragua"
"220607_01","250607_03","Veragua","Lost Iguana",0.890225439199651,"Lost Iguana vs Veragua"
"220607_02","250607_03","Veragua","Lost Iguana",0.509025870802481,"Lost Iguana vs Veragua"
"220607_03","250607_03","Veragua","Lost Iguana",0.543752246136645,"Lost Iguana vs Veragua"
"220607_04","250607_03","Veragua","Lost Iguana",0.513596665444571,"Lost Iguana vs Veragua"
"220609_01","250607_03","Veragua","Lost Iguana",0.500435852169131,"Lost Iguana vs Veragua"
"220609_02","250607_03","Veragua","Lost Iguana",0.563948274616515,"Lost Iguana vs Veragua"
"220609_03","250607_03","Veragua","Lost Iguana",0.584594920527635,"Lost Iguana vs Veragua"
"220609_04","250607_03","Veragua","Lost Iguana",0.545230795797602,"Lost Iguana vs Veragua"
"220609_07","250607_03","Veragua","Lost Iguana",0.61592212185237,"Lost Iguana vs Veragua"
"220707_11","250607_03","Altos de Campana","Lost Iguana",0.696597548517063,"Lost Iguana vs Altos de Campana"
"220707_12","250607_03","Altos de Campana","Lost Iguana",0.88180452698282,"Lost Iguana vs Altos de Campana"
"220707_13","250607_03","Altos de Campana","Lost Iguana",0.932833730860968,"Lost Iguana vs Altos de Campana"
"220707_14","250607_03","Altos de Campana","Lost Iguana",0.685699620381757,"Lost Iguana vs Altos de Campana"
"220707_15","250607_03","Altos de Campana","Lost Iguana",0.923995000297601,"Lost Iguana vs Altos de Campana"
"220707_16","250607_03","Altos de Campana","Lost Iguana",0.761800210304942,"Lost Iguana vs Altos de Campana"
"220707_17","250607_03","Altos de Campana","Lost Iguana",0.792378500082373,"Lost Iguana vs Altos de Campana"
"220707_18","250607_03","Altos de Campana","Lost Iguana",0.739835023825613,"Lost Iguana vs Altos de Campana"
"220707_19","250607_03","Altos de Campana","Lost Iguana",0.755920414196998,"Lost Iguana vs Altos de Campana"
"220707_20","250607_03","Altos de Campana","Lost Iguana",0.714036723767391,"Lost Iguana vs Altos de Campana"
"220708_01","250607_03","Soberanía","Lost Iguana",0.729658628442204,"Lost Iguana vs Soberanía"
"220708_02","250607_03","Soberanía","Lost Iguana",0.748206736658885,"Lost Iguana vs Soberanía"
"220708_03","250607_03","Soberanía","Lost Iguana",0.755874888931723,"Lost Iguana vs Soberanía"
"220708_04","250607_03","Soberanía","Lost Iguana",0.751728445054276,"Lost Iguana vs Soberanía"
"220708_05","250607_03","Soberanía","Lost Iguana",0.882492113564669,"Lost Iguana vs Soberanía"
"220708_06","250607_03","Soberanía","Lost Iguana",0.569027763242484,"Lost Iguana vs Soberanía"
"220708_07","250607_03","Soberanía","Lost Iguana",0.763588614517965,"Lost Iguana vs Soberanía"
"220708_08","250607_03","Soberanía","Lost Iguana",0.67468952124598,"Lost Iguana vs Soberanía"
"220708_09","250607_03","Soberanía","Lost Iguana",0.932386865645049,"Lost Iguana vs Soberanía"
"220708_10","250607_03","Soberanía","Lost Iguana",0.868243566427707,"Lost Iguana vs Soberanía"
"250607_01","250607_03","Lost Iguana","Lost Iguana",0.320318396682859,"Lost Iguana vs Lost Iguana"
"250607_02","250607_03","Lost Iguana","Lost Iguana",0.716842005099835,"Lost Iguana vs Lost Iguana"
"220604_01","250607_04","Veragua","Lost Iguana",0.48614798647796,"Lost Iguana vs Veragua"
"220604_02","250607_04","Veragua","Lost Iguana",0.823255854208077,"Lost Iguana vs Veragua"
"220604_03","250607_04","Veragua","Lost Iguana",0.929622594462207,"Lost Iguana vs Veragua"
"220604_04","250607_04","Veragua","Lost Iguana",0.814300873222399,"Lost Iguana vs Veragua"
"220604_05","250607_04","Veragua","Lost Iguana",0.748748575851927,"Lost Iguana vs Veragua"
"220604_06","250607_04","Veragua","Lost Iguana",0.663941675610596,"Lost Iguana vs Veragua"
"220604_07","250607_04","Veragua","Lost Iguana",0.566366084474013,"Lost Iguana vs Veragua"
"220606_02","250607_04","Veragua","Lost Iguana",0.6647798381235,"Lost Iguana vs Veragua"
"220606_04","250607_04","Veragua","Lost Iguana",0.885612153708668,"Lost Iguana vs Veragua"
"220607_01","250607_04","Veragua","Lost Iguana",0.931815168610085,"Lost Iguana vs Veragua"
"220607_02","250607_04","Veragua","Lost Iguana",0.846613545816733,"Lost Iguana vs Veragua"
"220607_03","250607_04","Veragua","Lost Iguana",0.693025366886883,"Lost Iguana vs Veragua"
"220607_04","250607_04","Veragua","Lost Iguana",0.635389455230662,"Lost Iguana vs Veragua"
"220609_01","250607_04","Veragua","Lost Iguana",0.808344237727987,"Lost Iguana vs Veragua"
"220609_02","250607_04","Veragua","Lost Iguana",0.77333809798972,"Lost Iguana vs Veragua"
"220609_03","250607_04","Veragua","Lost Iguana",0.73522146485596,"Lost Iguana vs Veragua"
"220609_04","250607_04","Veragua","Lost Iguana",0.746555323184291,"Lost Iguana vs Veragua"
"220609_07","250607_04","Veragua","Lost Iguana",0.640486897644358,"Lost Iguana vs Veragua"
"220707_11","250607_04","Altos de Campana","Lost Iguana",0.818725099601593,"Lost Iguana vs Altos de Campana"
"220707_12","250607_04","Altos de Campana","Lost Iguana",0.927499350213557,"Lost Iguana vs Altos de Campana"
"220707_13","250607_04","Altos de Campana","Lost Iguana",0.966645612671266,"Lost Iguana vs Altos de Campana"
"220707_14","250607_04","Altos de Campana","Lost Iguana",0.843625498007968,"Lost Iguana vs Altos de Campana"
"220707_15","250607_04","Altos de Campana","Lost Iguana",0.946692475381493,"Lost Iguana vs Altos de Campana"
"220707_16","250607_04","Altos de Campana","Lost Iguana",0.785413014608234,"Lost Iguana vs Altos de Campana"
"220707_17","250607_04","Altos de Campana","Lost Iguana",0.860979678963064,"Lost Iguana vs Altos de Campana"
"220707_18","250607_04","Altos de Campana","Lost Iguana",0.769117757604432,"Lost Iguana vs Altos de Campana"
"220707_19","250607_04","Altos de Campana","Lost Iguana",0.784387115216265,"Lost Iguana vs Altos de Campana"
"220707_20","250607_04","Altos de Campana","Lost Iguana",0.776892430278884,"Lost Iguana vs Altos de Campana"
"220708_01","250607_04","Soberanía","Lost Iguana",0.688398428600799,"Lost Iguana vs Soberanía"
"220708_02","250607_04","Soberanía","Lost Iguana",0.236715133730767,"Lost Iguana vs Soberanía"
"220708_03","250607_04","Soberanía","Lost Iguana",0.50616015817505,"Lost Iguana vs Soberanía"
"220708_04","250607_04","Soberanía","Lost Iguana",0.256714132215972,"Lost Iguana vs Soberanía"
"220708_05","250607_04","Soberanía","Lost Iguana",0.809862245931528,"Lost Iguana vs Soberanía"
"220708_06","250607_04","Soberanía","Lost Iguana",0.345341855327505,"Lost Iguana vs Soberanía"
"220708_07","250607_04","Soberanía","Lost Iguana",0.407537865262233,"Lost Iguana vs Soberanía"
"220708_08","250607_04","Soberanía","Lost Iguana",0.717675049665981,"Lost Iguana vs Soberanía"
"220708_09","250607_04","Soberanía","Lost Iguana",0.901536566793843,"Lost Iguana vs Soberanía"
"220708_10","250607_04","Soberanía","Lost Iguana",0.905052876840258,"Lost Iguana vs Soberanía"
"250607_01","250607_04","Lost Iguana","Lost Iguana",0.711269950871361,"Lost Iguana vs Lost Iguana"
"250607_02","250607_04","Lost Iguana","Lost Iguana",0.227146777532862,"Lost Iguana vs Lost Iguana"
"250607_03","250607_04","Lost Iguana","Lost Iguana",0.561641761031583,"Lost Iguana vs Lost Iguana"
"220604_01","250607_05","Veragua","Lost Iguana",0.329243661796929,"Lost Iguana vs Veragua"
"220604_02","250607_05","Veragua","Lost Iguana",0.647507117916678,"Lost Iguana vs Veragua"
"220604_03","250607_05","Veragua","Lost Iguana",0.860594484777432,"Lost Iguana vs Veragua"
"220604_04","250607_05","Veragua","Lost Iguana",0.626823480162131,"Lost Iguana vs Veragua"
"220604_05","250607_05","Veragua","Lost Iguana",0.51739441135807,"Lost Iguana vs Veragua"
"220604_06","250607_05","Veragua","Lost Iguana",0.489107997211172,"Lost Iguana vs Veragua"
"220604_07","250607_05","Veragua","Lost Iguana",0.266922551160661,"Lost Iguana vs Veragua"
"220606_02","250607_05","Veragua","Lost Iguana",0.461739167905544,"Lost Iguana vs Veragua"
"220606_04","250607_05","Veragua","Lost Iguana",0.776079989145132,"Lost Iguana vs Veragua"
"220607_01","250607_05","Veragua","Lost Iguana",0.901622078385936,"Lost Iguana vs Veragua"
"220607_02","250607_05","Veragua","Lost Iguana",0.674992139761869,"Lost Iguana vs Veragua"
"220607_03","250607_05","Veragua","Lost Iguana",0.502237557160846,"Lost Iguana vs Veragua"
"220607_04","250607_05","Veragua","Lost Iguana",0.4273826219661,"Lost Iguana vs Veragua"
"220609_01","250607_05","Veragua","Lost Iguana",0.608633459820356,"Lost Iguana vs Veragua"
"220609_02","250607_05","Veragua","Lost Iguana",0.586146836657208,"Lost Iguana vs Veragua"
"220609_03","250607_05","Veragua","Lost Iguana",0.495245179339647,"Lost Iguana vs Veragua"
"220609_04","250607_05","Veragua","Lost Iguana",0.532996064342121,"Lost Iguana vs Veragua"
"220609_07","250607_05","Veragua","Lost Iguana",0.463697601704153,"Lost Iguana vs Veragua"
"220707_11","250607_05","Altos de Campana","Lost Iguana",0.677501214290184,"Lost Iguana vs Altos de Campana"
"220707_12","250607_05","Altos de Campana","Lost Iguana",0.822093527123682,"Lost Iguana vs Altos de Campana"
"220707_13","250607_05","Altos de Campana","Lost Iguana",0.898122845102796,"Lost Iguana vs Altos de Campana"
"220707_14","250607_05","Altos de Campana","Lost Iguana",0.652966706733678,"Lost Iguana vs Altos de Campana"
"220707_15","250607_05","Altos de Campana","Lost Iguana",0.894003753827917,"Lost Iguana vs Altos de Campana"
"220707_16","250607_05","Altos de Campana","Lost Iguana",0.677047120418848,"Lost Iguana vs Altos de Campana"
"220707_17","250607_05","Altos de Campana","Lost Iguana",0.710459051920565,"Lost Iguana vs Altos de Campana"
"220707_18","250607_05","Altos de Campana","Lost Iguana",0.713312724082026,"Lost Iguana vs Altos de Campana"
"220707_19","250607_05","Altos de Campana","Lost Iguana",0.755883595896039,"Lost Iguana vs Altos de Campana"
"220707_20","250607_05","Altos de Campana","Lost Iguana",0.699789324377881,"Lost Iguana vs Altos de Campana"
"220708_01","250607_05","Soberanía","Lost Iguana",0.654299838623701,"Lost Iguana vs Soberanía"
"220708_02","250607_05","Soberanía","Lost Iguana",0.701558504809448,"Lost Iguana vs Soberanía"
"220708_03","250607_05","Soberanía","Lost Iguana",0.691030032537199,"Lost Iguana vs Soberanía"
"220708_04","250607_05","Soberanía","Lost Iguana",0.704974008469159,"Lost Iguana vs Soberanía"
"220708_05","250607_05","Soberanía","Lost Iguana",0.835340314136126,"Lost Iguana vs Soberanía"
"220708_06","250607_05","Soberanía","Lost Iguana",0.518485893650282,"Lost Iguana vs Soberanía"
"220708_07","250607_05","Soberanía","Lost Iguana",0.746483172060737,"Lost Iguana vs Soberanía"
"220708_08","250607_05","Soberanía","Lost Iguana",0.624346541866392,"Lost Iguana vs Soberanía"
"220708_09","250607_05","Soberanía","Lost Iguana",0.888863982595517,"Lost Iguana vs Soberanía"
"220708_10","250607_05","Soberanía","Lost Iguana",0.818892956531128,"Lost Iguana vs Soberanía"
"250607_01","250607_05","Lost Iguana","Lost Iguana",0.510721441075386,"Lost Iguana vs Lost Iguana"
"250607_02","250607_05","Lost Iguana","Lost Iguana",0.686551359477359,"Lost Iguana vs Lost Iguana"
"250607_03","250607_05","Lost Iguana","Lost Iguana",0.41483739904537,"Lost Iguana vs Lost Iguana"
"250607_04","250607_05","Lost Iguana","Lost Iguana",0.532421100936568,"Lost Iguana vs Lost Iguana"
"220604_01","250607_07","Veragua","Lost Iguana",0.342958027818962,"Lost Iguana vs Veragua"
"220604_02","250607_07","Veragua","Lost Iguana",0.710092238799407,"Lost Iguana vs Veragua"
"220604_03","250607_07","Veragua","Lost Iguana",0.861432202515662,"Lost Iguana vs Veragua"
"220604_04","250607_07","Veragua","Lost Iguana",0.667194645973186,"Lost Iguana vs Veragua"
"220604_05","250607_07","Veragua","Lost Iguana",0.59281417666845,"Lost Iguana vs Veragua"
"220604_06","250607_07","Veragua","Lost Iguana",0.522443589612659,"Lost Iguana vs Veragua"
"220604_07","250607_07","Veragua","Lost Iguana",0.258562171630469,"Lost Iguana vs Veragua"
"220606_02","250607_07","Veragua","Lost Iguana",0.50500704648014,"Lost Iguana vs Veragua"
"220606_04","250607_07","Veragua","Lost Iguana",0.777232069182868,"Lost Iguana vs Veragua"
"220607_01","250607_07","Veragua","Lost Iguana",0.867300454941118,"Lost Iguana vs Veragua"
"220607_02","250607_07","Veragua","Lost Iguana",0.733739295883927,"Lost Iguana vs Veragua"
"220607_03","250607_07","Veragua","Lost Iguana",0.563417548248073,"Lost Iguana vs Veragua"
"220607_04","250607_07","Veragua","Lost Iguana",0.491227984015993,"Lost Iguana vs Veragua"
"220609_01","250607_07","Veragua","Lost Iguana",0.668836931057946,"Lost Iguana vs Veragua"
"220609_02","250607_07","Veragua","Lost Iguana",0.647549842502631,"Lost Iguana vs Veragua"
"220609_03","250607_07","Veragua","Lost Iguana",0.561504895523649,"Lost Iguana vs Veragua"
"220609_04","250607_07","Veragua","Lost Iguana",0.585429046806477,"Lost Iguana vs Veragua"
"220609_07","250607_07","Veragua","Lost Iguana",0.413021392231551,"Lost Iguana vs Veragua"
"220707_11","250607_07","Altos de Campana","Lost Iguana",0.685443641065405,"Lost Iguana vs Altos de Campana"
"220707_12","250607_07","Altos de Campana","Lost Iguana",0.831850211051243,"Lost Iguana vs Altos de Campana"
"220707_13","250607_07","Altos de Campana","Lost Iguana",0.885390741662519,"Lost Iguana vs Altos de Campana"
"220707_14","250607_07","Altos de Campana","Lost Iguana",0.684051295365002,"Lost Iguana vs Altos de Campana"
"220707_15","250607_07","Altos de Campana","Lost Iguana",0.893445532838078,"Lost Iguana vs Altos de Campana"
"220707_16","250607_07","Altos de Campana","Lost Iguana",0.67778231292517,"Lost Iguana vs Altos de Campana"
"220707_17","250607_07","Altos de Campana","Lost Iguana",0.738591714460941,"Lost Iguana vs Altos de Campana"
"220707_18","250607_07","Altos de Campana","Lost Iguana",0.670974026978486,"Lost Iguana vs Altos de Campana"
"220707_19","250607_07","Altos de Campana","Lost Iguana",0.744993660813336,"Lost Iguana vs Altos de Campana"
"220707_20","250607_07","Altos de Campana","Lost Iguana",0.70247630681852,"Lost Iguana vs Altos de Campana"
"220708_01","250607_07","Soberanía","Lost Iguana",0.618255680678231,"Lost Iguana vs Soberanía"
"220708_02","250607_07","Soberanía","Lost Iguana",0.665699478184424,"Lost Iguana vs Soberanía"
"220708_03","250607_07","Soberanía","Lost Iguana",0.650016060366206,"Lost Iguana vs Soberanía"
"220708_04","250607_07","Soberanía","Lost Iguana",0.6731279888032,"Lost Iguana vs Soberanía"
"220708_05","250607_07","Soberanía","Lost Iguana",0.8169609637985,"Lost Iguana vs Soberanía"
"220708_06","250607_07","Soberanía","Lost Iguana",0.47013474907938,"Lost Iguana vs Soberanía"
"220708_07","250607_07","Soberanía","Lost Iguana",0.690771427973128,"Lost Iguana vs Soberanía"
"220708_08","250607_07","Soberanía","Lost Iguana",0.617697317943645,"Lost Iguana vs Soberanía"
"220708_09","250607_07","Soberanía","Lost Iguana",0.82862177563546,"Lost Iguana vs Soberanía"
"220708_10","250607_07","Soberanía","Lost Iguana",0.802846258923025,"Lost Iguana vs Soberanía"
"250607_01","250607_07","Lost Iguana","Lost Iguana",0.578490924276339,"Lost Iguana vs Lost Iguana"
"250607_02","250607_07","Lost Iguana","Lost Iguana",0.642430982115418,"Lost Iguana vs Lost Iguana"
"250607_03","250607_07","Lost Iguana","Lost Iguana",0.465795348377098,"Lost Iguana vs Lost Iguana"
"250607_04","250607_07","Lost Iguana","Lost Iguana",0.505575259935866,"Lost Iguana vs Lost Iguana"
"250607_05","250607_07","Lost Iguana","Lost Iguana",0.17079216822727,"Lost Iguana vs Lost Iguana"
"220604_01","250607_08","Veragua","Lost Iguana",0.342210550959155,"Lost Iguana vs Veragua"
"220604_02","250607_08","Veragua","Lost Iguana",0.702088841570852,"Lost Iguana vs Veragua"
"220604_03","250607_08","Veragua","Lost Iguana",0.819502333866937,"Lost Iguana vs Veragua"
"220604_04","250607_08","Veragua","Lost Iguana",0.62485155732432,"Lost Iguana vs Veragua"
"220604_05","250607_08","Veragua","Lost Iguana",0.567919134050514,"Lost Iguana vs Veragua"
"220604_06","250607_08","Veragua","Lost Iguana",0.513351184961646,"Lost Iguana vs Veragua"
"220604_07","250607_08","Veragua","Lost Iguana",0.257460166988358,"Lost Iguana vs Veragua"
"220606_02","250607_08","Veragua","Lost Iguana",0.517999220291225,"Lost Iguana vs Veragua"
"220606_04","250607_08","Veragua","Lost Iguana",0.817461838245979,"Lost Iguana vs Veragua"
"220607_01","250607_08","Veragua","Lost Iguana",0.888709309112992,"Lost Iguana vs Veragua"
"220607_02","250607_08","Veragua","Lost Iguana",0.699987908615636,"Lost Iguana vs Veragua"
"220607_03","250607_08","Veragua","Lost Iguana",0.547104152669631,"Lost Iguana vs Veragua"
"220607_04","250607_08","Veragua","Lost Iguana",0.475637475339931,"Lost Iguana vs Veragua"
"220609_01","250607_08","Veragua","Lost Iguana",0.639944321684861,"Lost Iguana vs Veragua"
"220609_02","250607_08","Veragua","Lost Iguana",0.633499198545922,"Lost Iguana vs Veragua"
"220609_03","250607_08","Veragua","Lost Iguana",0.521729169490587,"Lost Iguana vs Veragua"
"220609_04","250607_08","Veragua","Lost Iguana",0.56541809475322,"Lost Iguana vs Veragua"
"220609_07","250607_08","Veragua","Lost Iguana",0.468771666422572,"Lost Iguana vs Veragua"
"220707_11","250607_08","Altos de Campana","Lost Iguana",0.690456131550287,"Lost Iguana vs Altos de Campana"
"220707_12","250607_08","Altos de Campana","Lost Iguana",0.838728613747284,"Lost Iguana vs Altos de Campana"
"220707_13","250607_08","Altos de Campana","Lost Iguana",0.894831578893078,"Lost Iguana vs Altos de Campana"
"220707_14","250607_08","Altos de Campana","Lost Iguana",0.673198287066557,"Lost Iguana vs Altos de Campana"
"220707_15","250607_08","Altos de Campana","Lost Iguana",0.894709879227728,"Lost Iguana vs Altos de Campana"
"220707_16","250607_08","Altos de Campana","Lost Iguana",0.720960315782054,"Lost Iguana vs Altos de Campana"
"220707_17","250607_08","Altos de Campana","Lost Iguana",0.732042056646242,"Lost Iguana vs Altos de Campana"
"220707_18","250607_08","Altos de Campana","Lost Iguana",0.680823497023701,"Lost Iguana vs Altos de Campana"
"220707_19","250607_08","Altos de Campana","Lost Iguana",0.76306175899682,"Lost Iguana vs Altos de Campana"
"220707_20","250607_08","Altos de Campana","Lost Iguana",0.714112886580133,"Lost Iguana vs Altos de Campana"
"220708_01","250607_08","Soberanía","Lost Iguana",0.659301800546378,"Lost Iguana vs Soberanía"
"220708_02","250607_08","Soberanía","Lost Iguana",0.716008454675391,"Lost Iguana vs Soberanía"
"220708_03","250607_08","Soberanía","Lost Iguana",0.73353163204239,"Lost Iguana vs Soberanía"
"220708_04","250607_08","Soberanía","Lost Iguana",0.715525144254707,"Lost Iguana vs Soberanía"
"220708_05","250607_08","Soberanía","Lost Iguana",0.820063545881704,"Lost Iguana vs Soberanía"
"220708_06","250607_08","Soberanía","Lost Iguana",0.534101074443361,"Lost Iguana vs Soberanía"
"220708_07","250607_08","Soberanía","Lost Iguana",0.757851456990854,"Lost Iguana vs Soberanía"
"220708_08","250607_08","Soberanía","Lost Iguana",0.627833216535464,"Lost Iguana vs Soberanía"
"220708_09","250607_08","Soberanía","Lost Iguana",0.902447714006356,"Lost Iguana vs Soberanía"
"220708_10","250607_08","Soberanía","Lost Iguana",0.826961964819268,"Lost Iguana vs Soberanía"
"250607_01","250607_08","Lost Iguana","Lost Iguana",0.511004880959022,"Lost Iguana vs Lost Iguana"
"250607_02","250607_08","Lost Iguana","Lost Iguana",0.652919783377826,"Lost Iguana vs Lost Iguana"
"250607_03","250607_08","Lost Iguana","Lost Iguana",0.3988981070554,"Lost Iguana vs Lost Iguana"
"250607_04","250607_08","Lost Iguana","Lost Iguana",0.535234616619165,"Lost Iguana vs Lost Iguana"
"250607_05","250607_08","Lost Iguana","Lost Iguana",0.119345378133584,"Lost Iguana vs Lost Iguana"
"250607_07","250607_08","Lost Iguana","Lost Iguana",0.174386070464681,"Lost Iguana vs Lost Iguana"
"220604_01","250607_09","Veragua","Lost Iguana",0.353255232326363,"Lost Iguana vs Veragua"
"220604_02","250607_09","Veragua","Lost Iguana",0.705763195990424,"Lost Iguana vs Veragua"
"220604_03","250607_09","Veragua","Lost Iguana",0.831282866774644,"Lost Iguana vs Veragua"
"220604_04","250607_09","Veragua","Lost Iguana",0.672748826393348,"Lost Iguana vs Veragua"
"220604_05","250607_09","Veragua","Lost Iguana",0.525057523811736,"Lost Iguana vs Veragua"
"220604_06","250607_09","Veragua","Lost Iguana",0.527260664847943,"Lost Iguana vs Veragua"
"220604_07","250607_09","Veragua","Lost Iguana",0.384699580301754,"Lost Iguana vs Veragua"
"220606_02","250607_09","Veragua","Lost Iguana",0.374851624283448,"Lost Iguana vs Veragua"
"220606_04","250607_09","Veragua","Lost Iguana",0.828664028164086,"Lost Iguana vs Veragua"
"220607_01","250607_09","Veragua","Lost Iguana",0.904398633285189,"Lost Iguana vs Veragua"
"220607_02","250607_09","Veragua","Lost Iguana",0.720742540881858,"Lost Iguana vs Veragua"
"220607_03","250607_09","Veragua","Lost Iguana",0.571424643504023,"Lost Iguana vs Veragua"
"220607_04","250607_09","Veragua","Lost Iguana",0.505792407525751,"Lost Iguana vs Veragua"
"220609_01","250607_09","Veragua","Lost Iguana",0.66454839617683,"Lost Iguana vs Veragua"
"220609_02","250607_09","Veragua","Lost Iguana",0.651706603271064,"Lost Iguana vs Veragua"
"220609_03","250607_09","Veragua","Lost Iguana",0.592811870858989,"Lost Iguana vs Veragua"
"220609_04","250607_09","Veragua","Lost Iguana",0.58576577968203,"Lost Iguana vs Veragua"
"220609_07","250607_09","Veragua","Lost Iguana",0.479328309065035,"Lost Iguana vs Veragua"
"220707_11","250607_09","Altos de Campana","Lost Iguana",0.714140296963498,"Lost Iguana vs Altos de Campana"
"220707_12","250607_09","Altos de Campana","Lost Iguana",0.834759352492213,"Lost Iguana vs Altos de Campana"
"220707_13","250607_09","Altos de Campana","Lost Iguana",0.655761806056833,"Lost Iguana vs Altos de Campana"
"220707_14","250607_09","Altos de Campana","Lost Iguana",0.681286232876913,"Lost Iguana vs Altos de Campana"
"220707_15","250607_09","Altos de Campana","Lost Iguana",0.934486344704635,"Lost Iguana vs Altos de Campana"
"220707_16","250607_09","Altos de Campana","Lost Iguana",0.605323196669382,"Lost Iguana vs Altos de Campana"
"220707_17","250607_09","Altos de Campana","Lost Iguana",0.775956863859302,"Lost Iguana vs Altos de Campana"
"220707_18","250607_09","Altos de Campana","Lost Iguana",0.682066988650798,"Lost Iguana vs Altos de Campana"
"220707_19","250607_09","Altos de Campana","Lost Iguana",0.768374326836794,"Lost Iguana vs Altos de Campana"
"220707_20","250607_09","Altos de Campana","Lost Iguana",0.736616390803877,"Lost Iguana vs Altos de Campana"
"220708_01","250607_09","Soberanía","Lost Iguana",0.71654357481754,"Lost Iguana vs Soberanía"
"220708_02","250607_09","Soberanía","Lost Iguana",0.706520760384733,"Lost Iguana vs Soberanía"
"220708_03","250607_09","Soberanía","Lost Iguana",0.717907589266024,"Lost Iguana vs Soberanía"
"220708_04","250607_09","Soberanía","Lost Iguana",0.712455858051323,"Lost Iguana vs Soberanía"
"220708_05","250607_09","Soberanía","Lost Iguana",0.892240804060801,"Lost Iguana vs Soberanía"
"220708_06","250607_09","Soberanía","Lost Iguana",0.527588523162011,"Lost Iguana vs Soberanía"
"220708_07","250607_09","Soberanía","Lost Iguana",0.772049361890638,"Lost Iguana vs Soberanía"
"220708_08","250607_09","Soberanía","Lost Iguana",0.694457229774755,"Lost Iguana vs Soberanía"
"220708_09","250607_09","Soberanía","Lost Iguana",0.914507087052326,"Lost Iguana vs Soberanía"
"220708_10","250607_09","Soberanía","Lost Iguana",0.838297667599324,"Lost Iguana vs Soberanía"
"250607_01","250607_09","Lost Iguana","Lost Iguana",0.423918983382445,"Lost Iguana vs Lost Iguana"
"250607_02","250607_09","Lost Iguana","Lost Iguana",0.629451748677167,"Lost Iguana vs Lost Iguana"
"250607_03","250607_09","Lost Iguana","Lost Iguana",0.456659269163203,"Lost Iguana vs Lost Iguana"
"250607_04","250607_09","Lost Iguana","Lost Iguana",0.56430022511096,"Lost Iguana vs Lost Iguana"
"250607_05","250607_09","Lost Iguana","Lost Iguana",0.291408381228028,"Lost Iguana vs Lost Iguana"
"250607_07","250607_09","Lost Iguana","Lost Iguana",0.290738986534529,"Lost Iguana vs Lost Iguana"
"250607_08","250607_09","Lost Iguana","Lost Iguana",0.262575209249266,"Lost Iguana vs Lost Iguana"
"220604_01","250607_10","Veragua","Lost Iguana",0.626628084278912,"Lost Iguana vs Veragua"
"220604_02","250607_10","Veragua","Lost Iguana",0.425514090433435,"Lost Iguana vs Veragua"
"220604_03","250607_10","Veragua","Lost Iguana",0.627727378660072,"Lost Iguana vs Veragua"
"220604_04","250607_10","Veragua","Lost Iguana",0.603974173455769,"Lost Iguana vs Veragua"
"220604_05","250607_10","Veragua","Lost Iguana",0.642647692373338,"Lost Iguana vs Veragua"
"220604_06","250607_10","Veragua","Lost Iguana",0.568057376043215,"Lost Iguana vs Veragua"
"220604_07","250607_10","Veragua","Lost Iguana",0.789062551365439,"Lost Iguana vs Veragua"
"220606_02","250607_10","Veragua","Lost Iguana",0.681740078399709,"Lost Iguana vs Veragua"
"220606_04","250607_10","Veragua","Lost Iguana",0.858022802772839,"Lost Iguana vs Veragua"
"220607_01","250607_10","Veragua","Lost Iguana",0.933571398581044,"Lost Iguana vs Veragua"
"220607_02","250607_10","Veragua","Lost Iguana",0.522066253541313,"Lost Iguana vs Veragua"
"220607_03","250607_10","Veragua","Lost Iguana",0.675534888186252,"Lost Iguana vs Veragua"
"220607_04","250607_10","Veragua","Lost Iguana",0.687125051300075,"Lost Iguana vs Veragua"
"220609_01","250607_10","Veragua","Lost Iguana",0.472655660266932,"Lost Iguana vs Veragua"
"220609_02","250607_10","Veragua","Lost Iguana",0.588648398288449,"Lost Iguana vs Veragua"
"220609_03","250607_10","Veragua","Lost Iguana",0.634776424802347,"Lost Iguana vs Veragua"
"220609_04","250607_10","Veragua","Lost Iguana",0.585284625986767,"Lost Iguana vs Veragua"
"220609_07","250607_10","Veragua","Lost Iguana",0.873477340300759,"Lost Iguana vs Veragua"
"220707_11","250607_10","Altos de Campana","Lost Iguana",0.715745305867946,"Lost Iguana vs Altos de Campana"
"220707_12","250607_10","Altos de Campana","Lost Iguana",0.747653102550943,"Lost Iguana vs Altos de Campana"
"220707_13","250607_10","Altos de Campana","Lost Iguana",0.941373861569634,"Lost Iguana vs Altos de Campana"
"220707_14","250607_10","Altos de Campana","Lost Iguana",0.702806721470252,"Lost Iguana vs Altos de Campana"
"220707_15","250607_10","Altos de Campana","Lost Iguana",0.773689489704758,"Lost Iguana vs Altos de Campana"
"220707_16","250607_10","Altos de Campana","Lost Iguana",0.861369057745015,"Lost Iguana vs Altos de Campana"
"220707_17","250607_10","Altos de Campana","Lost Iguana",0.500666453153046,"Lost Iguana vs Altos de Campana"
"220707_18","250607_10","Altos de Campana","Lost Iguana",0.815371478686536,"Lost Iguana vs Altos de Campana"
"220707_19","250607_10","Altos de Campana","Lost Iguana",0.834180206250056,"Lost Iguana vs Altos de Campana"
"220707_20","250607_10","Altos de Campana","Lost Iguana",0.862564767863618,"Lost Iguana vs Altos de Campana"
"220708_01","250607_10","Soberanía","Lost Iguana",0.755268581601426,"Lost Iguana vs Soberanía"
"220708_02","250607_10","Soberanía","Lost Iguana",0.895760037278527,"Lost Iguana vs Soberanía"
"220708_03","250607_10","Soberanía","Lost Iguana",0.910188256063402,"Lost Iguana vs Soberanía"
"220708_04","250607_10","Soberanía","Lost Iguana",0.82550533278521,"Lost Iguana vs Soberanía"
"220708_05","250607_10","Soberanía","Lost Iguana",0.841783000869803,"Lost Iguana vs Soberanía"
"220708_06","250607_10","Soberanía","Lost Iguana",0.818651512973043,"Lost Iguana vs Soberanía"
"220708_07","250607_10","Soberanía","Lost Iguana",0.89937135446004,"Lost Iguana vs Soberanía"
"220708_08","250607_10","Soberanía","Lost Iguana",0.819662733259353,"Lost Iguana vs Soberanía"
"220708_09","250607_10","Soberanía","Lost Iguana",0.916978146110382,"Lost Iguana vs Soberanía"
"220708_10","250607_10","Soberanía","Lost Iguana",0.806233533959881,"Lost Iguana vs Soberanía"
"250607_01","250607_10","Lost Iguana","Lost Iguana",0.322523818231313,"Lost Iguana vs Lost Iguana"
"250607_02","250607_10","Lost Iguana","Lost Iguana",0.792284550545711,"Lost Iguana vs Lost Iguana"
"250607_03","250607_10","Lost Iguana","Lost Iguana",0.381925801768959,"Lost Iguana vs Lost Iguana"
"250607_04","250607_10","Lost Iguana","Lost Iguana",0.810445487683516,"Lost Iguana vs Lost Iguana"
"250607_05","250607_10","Lost Iguana","Lost Iguana",0.619772970517637,"Lost Iguana vs Lost Iguana"
"250607_07","250607_10","Lost Iguana","Lost Iguana",0.699602762194451,"Lost Iguana vs Lost Iguana"
"250607_08","250607_10","Lost Iguana","Lost Iguana",0.646904992288891,"Lost Iguana vs Lost Iguana"
"250607_09","250607_10","Lost Iguana","Lost Iguana",0.698335157950294,"Lost Iguana vs Lost Iguana"
