"Sample_1","Sample_2","Site_1","Site_2","Pair","Metric","Distance"
"250607_01","220604_01","Lost","Veragua","Lost vs Veragua","CLR-Aitchison",14.6202128364814
"250607_02","220604_01","Lost","Veragua","Lost vs Veragua","CLR-Aitchison",14.7940933084934
"250607_03","220604_01","Lost","Veragua","Lost vs Veragua","CLR-Aitchison",12.5449908439718
"250607_04","220604_01","Lost","Veragua","Lost vs Veragua","CLR-Aitchison",10.278243778514
"250607_05","220604_01","Lost","Veragua","Lost vs Veragua","CLR-Aitchison",12.0982471696292
"250607_07","220604_01","Lost","Veragua","Lost vs Veragua","CLR-Aitchison",15.3693479014151
"250607_08","220604_01","Lost","Veragua","Lost vs Veragua","CLR-Aitchison",12.3440135001128
"250607_09","220604_01","Lost","Veragua","Lost vs Veragua","CLR-Aitchison",10.6742975492822
"250607_10","220604_01","Lost","Veragua","Lost vs Veragua","CLR-Aitchison",17.3174360591685
"250607_01","220604_02","Lost","Veragua","Lost vs Veragua","CLR-Aitchison",14.5812444995647
"250607_02","220604_02","Lost","Veragua","Lost vs Veragua","CLR-Aitchison",17.4968199375469
"250607_03","220604_02","Lost","Veragua","Lost vs Veragua","CLR-Aitchison",14.3237293156422
"250607_04","220604_02","Lost","Veragua","Lost vs Veragua","CLR-Aitchison",13.8111723026743
"250607_05","220604_02","Lost","Veragua","Lost vs Veragua","CLR-Aitchison",11.9923970882902
"250607_07","220604_02","Lost","Veragua","Lost vs Veragua","CLR-Aitchison",16.4405056074154
"250607_08","220604_02","Lost","Veragua","Lost vs Veragua","CLR-Aitchison",15.6790451088168
"250607_09","220604_02","Lost","Veragua","Lost vs Veragua","CLR-Aitchison",13.1863316063639
"250607_10","220604_02","Lost","Veragua","Lost vs Veragua","CLR-Aitchison",15.584738370249
"250607_01","220604_03","Lost","Veragua","Lost vs Veragua","CLR-Aitchison",16.0039364773321
"250607_02","220604_03","Lost","Veragua","Lost vs Veragua","CLR-Aitchison",18.1745378850362
"250607_03","220604_03","Lost","Veragua","Lost vs Veragua","CLR-Aitchison",18.3472938924672
"250607_04","220604_03","Lost","Veragua","Lost vs Veragua","CLR-Aitchison",16.9707174301289
"250607_05","220604_03","Lost","Veragua","Lost vs Veragua","CLR-Aitchison",18.8563313211727
"250607_07","220604_03","Lost","Veragua","Lost vs Veragua","CLR-Aitchison",23.0344120511433
"250607_08","220604_03","Lost","Veragua","Lost vs Veragua","CLR-Aitchison",17.0770985502608
"250607_09","220604_03","Lost","Veragua","Lost vs Veragua","CLR-Aitchison",16.202201050365
"250607_10","220604_03","Lost","Veragua","Lost vs Veragua","CLR-Aitchison",16.2870890211965
"250607_01","220604_04","Lost","Veragua","Lost vs Veragua","CLR-Aitchison",18.0918560540067
"250607_02","220604_04","Lost","Veragua","Lost vs Veragua","CLR-Aitchison",17.5843753009313
"250607_03","220604_04","Lost","Veragua","Lost vs Veragua","CLR-Aitchison",12.9221026367962
"250607_04","220604_04","Lost","Veragua","Lost vs Veragua","CLR-Aitchison",16.7389880733745
"250607_05","220604_04","Lost","Veragua","Lost vs Veragua","CLR-Aitchison",16.2974135123643
"250607_07","220604_04","Lost","Veragua","Lost vs Veragua","CLR-Aitchison",20.1412663350573
"250607_08","220604_04","Lost","Veragua","Lost vs Veragua","CLR-Aitchison",14.0794735845189
"250607_09","220604_04","Lost","Veragua","Lost vs Veragua","CLR-Aitchison",16.4636850800757
"250607_10","220604_04","Lost","Veragua","Lost vs Veragua","CLR-Aitchison",18.2052695579446
"250607_01","220604_05","Lost","Veragua","Lost vs Veragua","CLR-Aitchison",16.4465518210764
"250607_02","220604_05","Lost","Veragua","Lost vs Veragua","CLR-Aitchison",15.7139187203447
"250607_03","220604_05","Lost","Veragua","Lost vs Veragua","CLR-Aitchison",14.2079066380537
"250607_04","220604_05","Lost","Veragua","Lost vs Veragua","CLR-Aitchison",14.8632247366937
"250607_05","220604_05","Lost","Veragua","Lost vs Veragua","CLR-Aitchison",13.7451138558683
"250607_07","220604_05","Lost","Veragua","Lost vs Veragua","CLR-Aitchison",17.576816274365
"250607_08","220604_05","Lost","Veragua","Lost vs Veragua","CLR-Aitchison",14.3188770927743
"250607_09","220604_05","Lost","Veragua","Lost vs Veragua","CLR-Aitchison",12.6323086954281
"250607_10","220604_05","Lost","Veragua","Lost vs Veragua","CLR-Aitchison",18.835701623757
"250607_01","220604_06","Lost","Veragua","Lost vs Veragua","CLR-Aitchison",15.4840573886958
"250607_02","220604_06","Lost","Veragua","Lost vs Veragua","CLR-Aitchison",17.1843492318681
"250607_03","220604_06","Lost","Veragua","Lost vs Veragua","CLR-Aitchison",15.1102630622038
"250607_04","220604_06","Lost","Veragua","Lost vs Veragua","CLR-Aitchison",13.0782260749768
"250607_05","220604_06","Lost","Veragua","Lost vs Veragua","CLR-Aitchison",13.6235767359937
"250607_07","220604_06","Lost","Veragua","Lost vs Veragua","CLR-Aitchison",16.9889921898101
"250607_08","220604_06","Lost","Veragua","Lost vs Veragua","CLR-Aitchison",15.9960162306269
"250607_09","220604_06","Lost","Veragua","Lost vs Veragua","CLR-Aitchison",15.1715263195054
"250607_10","220604_06","Lost","Veragua","Lost vs Veragua","CLR-Aitchison",17.7366004858731
"250607_01","220604_07","Lost","Veragua","Lost vs Veragua","CLR-Aitchison",16.0289758244547
"250607_02","220604_07","Lost","Veragua","Lost vs Veragua","CLR-Aitchison",18.9402584011946
"250607_03","220604_07","Lost","Veragua","Lost vs Veragua","CLR-Aitchison",13.3570132239907
"250607_04","220604_07","Lost","Veragua","Lost vs Veragua","CLR-Aitchison",14.2683357713302
"250607_05","220604_07","Lost","Veragua","Lost vs Veragua","CLR-Aitchison",13.6104533557356
"250607_07","220604_07","Lost","Veragua","Lost vs Veragua","CLR-Aitchison",19.4056645762638
"250607_08","220604_07","Lost","Veragua","Lost vs Veragua","CLR-Aitchison",14.8829055627609
"250607_09","220604_07","Lost","Veragua","Lost vs Veragua","CLR-Aitchison",14.7906865310646
"250607_10","220604_07","Lost","Veragua","Lost vs Veragua","CLR-Aitchison",16.0809069944867
"250607_01","220606_02","Lost","Veragua","Lost vs Veragua","CLR-Aitchison",15.5764823290217
"250607_02","220606_02","Lost","Veragua","Lost vs Veragua","CLR-Aitchison",19.985614617304
"250607_03","220606_02","Lost","Veragua","Lost vs Veragua","CLR-Aitchison",15.0227361567921
"250607_04","220606_02","Lost","Veragua","Lost vs Veragua","CLR-Aitchison",14.9741205096509
"250607_05","220606_02","Lost","Veragua","Lost vs Veragua","CLR-Aitchison",13.5208902948067
"250607_07","220606_02","Lost","Veragua","Lost vs Veragua","CLR-Aitchison",17.9824202199833
"250607_08","220606_02","Lost","Veragua","Lost vs Veragua","CLR-Aitchison",16.0970057021934
"250607_09","220606_02","Lost","Veragua","Lost vs Veragua","CLR-Aitchison",13.917232985951
"250607_10","220606_02","Lost","Veragua","Lost vs Veragua","CLR-Aitchison",16.5838555369932
"250607_01","220606_04","Lost","Veragua","Lost vs Veragua","CLR-Aitchison",16.6256219016036
"250607_02","220606_04","Lost","Veragua","Lost vs Veragua","CLR-Aitchison",15.7232573262179
"250607_03","220606_04","Lost","Veragua","Lost vs Veragua","CLR-Aitchison",15.9196626778251
"250607_04","220606_04","Lost","Veragua","Lost vs Veragua","CLR-Aitchison",15.5642444057515
"250607_05","220606_04","Lost","Veragua","Lost vs Veragua","CLR-Aitchison",13.4826373845891
"250607_07","220606_04","Lost","Veragua","Lost vs Veragua","CLR-Aitchison",16.369083187515
"250607_08","220606_04","Lost","Veragua","Lost vs Veragua","CLR-Aitchison",15.1897328268
"250607_09","220606_04","Lost","Veragua","Lost vs Veragua","CLR-Aitchison",14.9400917390684
"250607_10","220606_04","Lost","Veragua","Lost vs Veragua","CLR-Aitchison",18.9390905307127
"250607_01","220607_01","Lost","Veragua","Lost vs Veragua","CLR-Aitchison",19.4757399955275
"250607_02","220607_01","Lost","Veragua","Lost vs Veragua","CLR-Aitchison",18.3443687506389
"250607_03","220607_01","Lost","Veragua","Lost vs Veragua","CLR-Aitchison",16.4224152071411
"250607_04","220607_01","Lost","Veragua","Lost vs Veragua","CLR-Aitchison",15.0678841014313
"250607_05","220607_01","Lost","Veragua","Lost vs Veragua","CLR-Aitchison",16.3597021083879
"250607_07","220607_01","Lost","Veragua","Lost vs Veragua","CLR-Aitchison",19.3813000050746
"250607_08","220607_01","Lost","Veragua","Lost vs Veragua","CLR-Aitchison",15.9392549306035
"250607_09","220607_01","Lost","Veragua","Lost vs Veragua","CLR-Aitchison",17.117985541563
"250607_10","220607_01","Lost","Veragua","Lost vs Veragua","CLR-Aitchison",19.2070240361363
"250607_01","220607_02","Lost","Veragua","Lost vs Veragua","CLR-Aitchison",15.7899811352591
"250607_02","220607_02","Lost","Veragua","Lost vs Veragua","CLR-Aitchison",16.5939708157822
"250607_03","220607_02","Lost","Veragua","Lost vs Veragua","CLR-Aitchison",14.0622958207531
"250607_04","220607_02","Lost","Veragua","Lost vs Veragua","CLR-Aitchison",15.3643377066683
"250607_05","220607_02","Lost","Veragua","Lost vs Veragua","CLR-Aitchison",14.5664497027523
"250607_07","220607_02","Lost","Veragua","Lost vs Veragua","CLR-Aitchison",19.4668716107946
"250607_08","220607_02","Lost","Veragua","Lost vs Veragua","CLR-Aitchison",14.931788006031
"250607_09","220607_02","Lost","Veragua","Lost vs Veragua","CLR-Aitchison",14.4473668356613
"250607_10","220607_02","Lost","Veragua","Lost vs Veragua","CLR-Aitchison",17.9691570911352
"250607_01","220607_03","Lost","Veragua","Lost vs Veragua","CLR-Aitchison",16.1796162975366
"250607_02","220607_03","Lost","Veragua","Lost vs Veragua","CLR-Aitchison",19.0848289229752
"250607_03","220607_03","Lost","Veragua","Lost vs Veragua","CLR-Aitchison",12.5607213612871
"250607_04","220607_03","Lost","Veragua","Lost vs Veragua","CLR-Aitchison",13.248943982388
"250607_05","220607_03","Lost","Veragua","Lost vs Veragua","CLR-Aitchison",13.4462305771056
"250607_07","220607_03","Lost","Veragua","Lost vs Veragua","CLR-Aitchison",17.2209442101063
"250607_08","220607_03","Lost","Veragua","Lost vs Veragua","CLR-Aitchison",14.5499977489456
"250607_09","220607_03","Lost","Veragua","Lost vs Veragua","CLR-Aitchison",13.6969532424891
"250607_10","220607_03","Lost","Veragua","Lost vs Veragua","CLR-Aitchison",17.2484563309121
"250607_01","220607_04","Lost","Veragua","Lost vs Veragua","CLR-Aitchison",11.802312104532
"250607_02","220607_04","Lost","Veragua","Lost vs Veragua","CLR-Aitchison",15.8004165707274
"250607_03","220607_04","Lost","Veragua","Lost vs Veragua","CLR-Aitchison",13.9366347186272
"250607_04","220607_04","Lost","Veragua","Lost vs Veragua","CLR-Aitchison",13.5681693979372
"250607_05","220607_04","Lost","Veragua","Lost vs Veragua","CLR-Aitchison",11.4031771505609
"250607_07","220607_04","Lost","Veragua","Lost vs Veragua","CLR-Aitchison",16.6934898192701
"250607_08","220607_04","Lost","Veragua","Lost vs Veragua","CLR-Aitchison",13.8353502198379
"250607_09","220607_04","Lost","Veragua","Lost vs Veragua","CLR-Aitchison",12.6906632197333
"250607_10","220607_04","Lost","Veragua","Lost vs Veragua","CLR-Aitchison",15.0756545800684
"250607_01","220609_01","Lost","Veragua","Lost vs Veragua","CLR-Aitchison",11.9311823702381
"250607_02","220609_01","Lost","Veragua","Lost vs Veragua","CLR-Aitchison",14.6960062789976
"250607_03","220609_01","Lost","Veragua","Lost vs Veragua","CLR-Aitchison",13.4063315903512
"250607_04","220609_01","Lost","Veragua","Lost vs Veragua","CLR-Aitchison",14.7278010834675
"250607_05","220609_01","Lost","Veragua","Lost vs Veragua","CLR-Aitchison",13.0034330023607
"250607_07","220609_01","Lost","Veragua","Lost vs Veragua","CLR-Aitchison",18.7791810527705
"250607_08","220609_01","Lost","Veragua","Lost vs Veragua","CLR-Aitchison",13.8425161740062
"250607_09","220609_01","Lost","Veragua","Lost vs Veragua","CLR-Aitchison",12.3744526710047
"250607_10","220609_01","Lost","Veragua","Lost vs Veragua","CLR-Aitchison",14.2753279330147
"250607_01","220609_02","Lost","Veragua","Lost vs Veragua","CLR-Aitchison",16.2552221542262
"250607_02","220609_02","Lost","Veragua","Lost vs Veragua","CLR-Aitchison",17.5203259674725
"250607_03","220609_02","Lost","Veragua","Lost vs Veragua","CLR-Aitchison",15.1665898734586
"250607_04","220609_02","Lost","Veragua","Lost vs Veragua","CLR-Aitchison",13.3451391347002
"250607_05","220609_02","Lost","Veragua","Lost vs Veragua","CLR-Aitchison",13.1608136614376
"250607_07","220609_02","Lost","Veragua","Lost vs Veragua","CLR-Aitchison",17.3212484483865
"250607_08","220609_02","Lost","Veragua","Lost vs Veragua","CLR-Aitchison",14.8949559570297
"250607_09","220609_02","Lost","Veragua","Lost vs Veragua","CLR-Aitchison",13.7831428598746
"250607_10","220609_02","Lost","Veragua","Lost vs Veragua","CLR-Aitchison",18.2249301974158
"250607_01","220609_03","Lost","Veragua","Lost vs Veragua","CLR-Aitchison",14.7509434731671
"250607_02","220609_03","Lost","Veragua","Lost vs Veragua","CLR-Aitchison",17.9792178175865
"250607_03","220609_03","Lost","Veragua","Lost vs Veragua","CLR-Aitchison",16.7777842324115
"250607_04","220609_03","Lost","Veragua","Lost vs Veragua","CLR-Aitchison",16.9942450559434
"250607_05","220609_03","Lost","Veragua","Lost vs Veragua","CLR-Aitchison",14.4216069419096
"250607_07","220609_03","Lost","Veragua","Lost vs Veragua","CLR-Aitchison",19.9763864960052
"250607_08","220609_03","Lost","Veragua","Lost vs Veragua","CLR-Aitchison",15.1674724650949
"250607_09","220609_03","Lost","Veragua","Lost vs Veragua","CLR-Aitchison",15.959889740984
"250607_10","220609_03","Lost","Veragua","Lost vs Veragua","CLR-Aitchison",16.8647849823455
"250607_01","220609_04","Lost","Veragua","Lost vs Veragua","CLR-Aitchison",13.9052642235197
"250607_02","220609_04","Lost","Veragua","Lost vs Veragua","CLR-Aitchison",16.4808409175554
"250607_03","220609_04","Lost","Veragua","Lost vs Veragua","CLR-Aitchison",14.5789127547252
"250607_04","220609_04","Lost","Veragua","Lost vs Veragua","CLR-Aitchison",13.6016050787669
"250607_05","220609_04","Lost","Veragua","Lost vs Veragua","CLR-Aitchison",13.0956150982261
"250607_07","220609_04","Lost","Veragua","Lost vs Veragua","CLR-Aitchison",17.504575633725
"250607_08","220609_04","Lost","Veragua","Lost vs Veragua","CLR-Aitchison",14.6275130044769
"250607_09","220609_04","Lost","Veragua","Lost vs Veragua","CLR-Aitchison",12.2906481904238
"250607_10","220609_04","Lost","Veragua","Lost vs Veragua","CLR-Aitchison",14.8198600343482
"250607_01","220609_07","Lost","Veragua","Lost vs Veragua","CLR-Aitchison",18.7498280319545
"250607_02","220609_07","Lost","Veragua","Lost vs Veragua","CLR-Aitchison",21.6664437706257
"250607_03","220609_07","Lost","Veragua","Lost vs Veragua","CLR-Aitchison",17.8723004308096
"250607_04","220609_07","Lost","Veragua","Lost vs Veragua","CLR-Aitchison",16.8603030610409
"250607_05","220609_07","Lost","Veragua","Lost vs Veragua","CLR-Aitchison",14.7663708826149
"250607_07","220609_07","Lost","Veragua","Lost vs Veragua","CLR-Aitchison",16.5399599148925
"250607_08","220609_07","Lost","Veragua","Lost vs Veragua","CLR-Aitchison",16.9992438623952
"250607_09","220609_07","Lost","Veragua","Lost vs Veragua","CLR-Aitchison",15.3167784140774
"250607_10","220609_07","Lost","Veragua","Lost vs Veragua","CLR-Aitchison",19.8634262870441
"250607_01","220707_11","Lost","Campana","Lost vs Campana","CLR-Aitchison",19.7591210857771
"250607_02","220707_11","Lost","Campana","Lost vs Campana","CLR-Aitchison",19.7192118785344
"250607_03","220707_11","Lost","Campana","Lost vs Campana","CLR-Aitchison",17.8493114476727
"250607_04","220707_11","Lost","Campana","Lost vs Campana","CLR-Aitchison",16.6202654032339
"250607_05","220707_11","Lost","Campana","Lost vs Campana","CLR-Aitchison",18.192500108927
"250607_07","220707_11","Lost","Campana","Lost vs Campana","CLR-Aitchison",20.7004316372635
"250607_08","220707_11","Lost","Campana","Lost vs Campana","CLR-Aitchison",18.5834329420126
"250607_09","220707_11","Lost","Campana","Lost vs Campana","CLR-Aitchison",17.3668812512386
"250607_10","220707_11","Lost","Campana","Lost vs Campana","CLR-Aitchison",18.7788593053179
"250607_01","220707_12","Lost","Campana","Lost vs Campana","CLR-Aitchison",16.077598565045
"250607_02","220707_12","Lost","Campana","Lost vs Campana","CLR-Aitchison",16.6663261310625
"250607_03","220707_12","Lost","Campana","Lost vs Campana","CLR-Aitchison",16.4154535995731
"250607_04","220707_12","Lost","Campana","Lost vs Campana","CLR-Aitchison",15.3813879244102
"250607_05","220707_12","Lost","Campana","Lost vs Campana","CLR-Aitchison",15.1589052208662
"250607_07","220707_12","Lost","Campana","Lost vs Campana","CLR-Aitchison",19.6026876684295
"250607_08","220707_12","Lost","Campana","Lost vs Campana","CLR-Aitchison",17.5985835246494
"250607_09","220707_12","Lost","Campana","Lost vs Campana","CLR-Aitchison",15.3272892511769
"250607_10","220707_12","Lost","Campana","Lost vs Campana","CLR-Aitchison",16.9704054174511
"250607_01","220707_13","Lost","Campana","Lost vs Campana","CLR-Aitchison",17.4046880851526
"250607_02","220707_13","Lost","Campana","Lost vs Campana","CLR-Aitchison",15.9783023737879
"250607_03","220707_13","Lost","Campana","Lost vs Campana","CLR-Aitchison",16.3723564958001
"250607_04","220707_13","Lost","Campana","Lost vs Campana","CLR-Aitchison",15.5453345811287
"250607_05","220707_13","Lost","Campana","Lost vs Campana","CLR-Aitchison",16.1669294769677
"250607_07","220707_13","Lost","Campana","Lost vs Campana","CLR-Aitchison",19.9693714750625
"250607_08","220707_13","Lost","Campana","Lost vs Campana","CLR-Aitchison",17.2263939896546
"250607_09","220707_13","Lost","Campana","Lost vs Campana","CLR-Aitchison",15.7474365301942
"250607_10","220707_13","Lost","Campana","Lost vs Campana","CLR-Aitchison",19.1663692437136
"250607_01","220707_14","Lost","Campana","Lost vs Campana","CLR-Aitchison",17.0554689881557
"250607_02","220707_14","Lost","Campana","Lost vs Campana","CLR-Aitchison",17.4736761783896
"250607_03","220707_14","Lost","Campana","Lost vs Campana","CLR-Aitchison",16.9299443094615
"250607_04","220707_14","Lost","Campana","Lost vs Campana","CLR-Aitchison",15.8219470026593
"250607_05","220707_14","Lost","Campana","Lost vs Campana","CLR-Aitchison",16.1546047016137
"250607_07","220707_14","Lost","Campana","Lost vs Campana","CLR-Aitchison",19.2921061096746
"250607_08","220707_14","Lost","Campana","Lost vs Campana","CLR-Aitchison",17.5538170333974
"250607_09","220707_14","Lost","Campana","Lost vs Campana","CLR-Aitchison",14.8763051834206
"250607_10","220707_14","Lost","Campana","Lost vs Campana","CLR-Aitchison",19.3477795108506
"250607_01","220707_15","Lost","Campana","Lost vs Campana","CLR-Aitchison",16.1154924080117
"250607_02","220707_15","Lost","Campana","Lost vs Campana","CLR-Aitchison",15.9759537779094
"250607_03","220707_15","Lost","Campana","Lost vs Campana","CLR-Aitchison",15.291962256303
"250607_04","220707_15","Lost","Campana","Lost vs Campana","CLR-Aitchison",12.7126497568011
"250607_05","220707_15","Lost","Campana","Lost vs Campana","CLR-Aitchison",14.4061602431962
"250607_07","220707_15","Lost","Campana","Lost vs Campana","CLR-Aitchison",18.6958363290936
"250607_08","220707_15","Lost","Campana","Lost vs Campana","CLR-Aitchison",16.6665573900706
"250607_09","220707_15","Lost","Campana","Lost vs Campana","CLR-Aitchison",15.1680246175671
"250607_10","220707_15","Lost","Campana","Lost vs Campana","CLR-Aitchison",16.765288385918
"250607_01","220707_16","Lost","Campana","Lost vs Campana","CLR-Aitchison",14.711808659368
"250607_02","220707_16","Lost","Campana","Lost vs Campana","CLR-Aitchison",14.7379752917352
"250607_03","220707_16","Lost","Campana","Lost vs Campana","CLR-Aitchison",14.2016618160511
"250607_04","220707_16","Lost","Campana","Lost vs Campana","CLR-Aitchison",12.6658754455793
"250607_05","220707_16","Lost","Campana","Lost vs Campana","CLR-Aitchison",12.2512064990727
"250607_07","220707_16","Lost","Campana","Lost vs Campana","CLR-Aitchison",16.3830592374394
"250607_08","220707_16","Lost","Campana","Lost vs Campana","CLR-Aitchison",14.8777976108008
"250607_09","220707_16","Lost","Campana","Lost vs Campana","CLR-Aitchison",12.5505490511801
"250607_10","220707_16","Lost","Campana","Lost vs Campana","CLR-Aitchison",16.4872055269965
"250607_01","220707_17","Lost","Campana","Lost vs Campana","CLR-Aitchison",14.3586591048559
"250607_02","220707_17","Lost","Campana","Lost vs Campana","CLR-Aitchison",15.7108759393623
"250607_03","220707_17","Lost","Campana","Lost vs Campana","CLR-Aitchison",14.7026957127455
"250607_04","220707_17","Lost","Campana","Lost vs Campana","CLR-Aitchison",14.5196229257642
"250607_05","220707_17","Lost","Campana","Lost vs Campana","CLR-Aitchison",12.7314418095728
"250607_07","220707_17","Lost","Campana","Lost vs Campana","CLR-Aitchison",17.7314765064182
"250607_08","220707_17","Lost","Campana","Lost vs Campana","CLR-Aitchison",14.2294358465103
"250607_09","220707_17","Lost","Campana","Lost vs Campana","CLR-Aitchison",14.6656402012414
"250607_10","220707_17","Lost","Campana","Lost vs Campana","CLR-Aitchison",15.0536566644287
"250607_01","220707_18","Lost","Campana","Lost vs Campana","CLR-Aitchison",16.3093866437348
"250607_02","220707_18","Lost","Campana","Lost vs Campana","CLR-Aitchison",14.902216640183
"250607_03","220707_18","Lost","Campana","Lost vs Campana","CLR-Aitchison",13.7370729985882
"250607_04","220707_18","Lost","Campana","Lost vs Campana","CLR-Aitchison",13.252852892499
"250607_05","220707_18","Lost","Campana","Lost vs Campana","CLR-Aitchison",14.5784651682736
"250607_07","220707_18","Lost","Campana","Lost vs Campana","CLR-Aitchison",18.8573742711513
"250607_08","220707_18","Lost","Campana","Lost vs Campana","CLR-Aitchison",13.4075996379065
"250607_09","220707_18","Lost","Campana","Lost vs Campana","CLR-Aitchison",13.3322136291131
"250607_10","220707_18","Lost","Campana","Lost vs Campana","CLR-Aitchison",18.077516907916
"250607_01","220707_19","Lost","Campana","Lost vs Campana","CLR-Aitchison",15.727706172054
"250607_02","220707_19","Lost","Campana","Lost vs Campana","CLR-Aitchison",16.8726511256444
"250607_03","220707_19","Lost","Campana","Lost vs Campana","CLR-Aitchison",14.2421920313808
"250607_04","220707_19","Lost","Campana","Lost vs Campana","CLR-Aitchison",12.85379565797
"250607_05","220707_19","Lost","Campana","Lost vs Campana","CLR-Aitchison",13.8858285665729
"250607_07","220707_19","Lost","Campana","Lost vs Campana","CLR-Aitchison",17.8252989676319
"250607_08","220707_19","Lost","Campana","Lost vs Campana","CLR-Aitchison",15.7308938820883
"250607_09","220707_19","Lost","Campana","Lost vs Campana","CLR-Aitchison",14.9282692961063
"250607_10","220707_19","Lost","Campana","Lost vs Campana","CLR-Aitchison",15.8598289054141
"250607_01","220707_20","Lost","Campana","Lost vs Campana","CLR-Aitchison",15.093412807801
"250607_02","220707_20","Lost","Campana","Lost vs Campana","CLR-Aitchison",16.5528844935728
"250607_03","220707_20","Lost","Campana","Lost vs Campana","CLR-Aitchison",12.7124625175747
"250607_04","220707_20","Lost","Campana","Lost vs Campana","CLR-Aitchison",13.0428380746367
"250607_05","220707_20","Lost","Campana","Lost vs Campana","CLR-Aitchison",13.3824526409211
"250607_07","220707_20","Lost","Campana","Lost vs Campana","CLR-Aitchison",17.6151674257858
"250607_08","220707_20","Lost","Campana","Lost vs Campana","CLR-Aitchison",14.7890710893341
"250607_09","220707_20","Lost","Campana","Lost vs Campana","CLR-Aitchison",13.3550288280007
"250607_10","220707_20","Lost","Campana","Lost vs Campana","CLR-Aitchison",15.8258367379795
"250607_01","220708_01","Lost","Soberanía","Lost vs Soberanía","CLR-Aitchison",13.6616808963655
"250607_02","220708_01","Lost","Soberanía","Lost vs Soberanía","CLR-Aitchison",14.7285753395972
"250607_03","220708_01","Lost","Soberanía","Lost vs Soberanía","CLR-Aitchison",13.6240583648439
"250607_04","220708_01","Lost","Soberanía","Lost vs Soberanía","CLR-Aitchison",11.467879298953
"250607_05","220708_01","Lost","Soberanía","Lost vs Soberanía","CLR-Aitchison",13.0107187851068
"250607_07","220708_01","Lost","Soberanía","Lost vs Soberanía","CLR-Aitchison",18.0334820266637
"250607_08","220708_01","Lost","Soberanía","Lost vs Soberanía","CLR-Aitchison",14.7142289935573
"250607_09","220708_01","Lost","Soberanía","Lost vs Soberanía","CLR-Aitchison",14.2548073829154
"250607_10","220708_01","Lost","Soberanía","Lost vs Soberanía","CLR-Aitchison",15.3257793195891
"250607_01","220708_02","Lost","Soberanía","Lost vs Soberanía","CLR-Aitchison",13.4739502963627
"250607_02","220708_02","Lost","Soberanía","Lost vs Soberanía","CLR-Aitchison",14.5945174119912
"250607_03","220708_02","Lost","Soberanía","Lost vs Soberanía","CLR-Aitchison",14.9535713258892
"250607_04","220708_02","Lost","Soberanía","Lost vs Soberanía","CLR-Aitchison",10.2525622854874
"250607_05","220708_02","Lost","Soberanía","Lost vs Soberanía","CLR-Aitchison",10.964161656359
"250607_07","220708_02","Lost","Soberanía","Lost vs Soberanía","CLR-Aitchison",15.3511602424369
"250607_08","220708_02","Lost","Soberanía","Lost vs Soberanía","CLR-Aitchison",13.9269242995603
"250607_09","220708_02","Lost","Soberanía","Lost vs Soberanía","CLR-Aitchison",11.833859824069
"250607_10","220708_02","Lost","Soberanía","Lost vs Soberanía","CLR-Aitchison",17.8530919726667
"250607_01","220708_03","Lost","Soberanía","Lost vs Soberanía","CLR-Aitchison",16.9790134847607
"250607_02","220708_03","Lost","Soberanía","Lost vs Soberanía","CLR-Aitchison",16.1387608497373
"250607_03","220708_03","Lost","Soberanía","Lost vs Soberanía","CLR-Aitchison",15.9445018368687
"250607_04","220708_03","Lost","Soberanía","Lost vs Soberanía","CLR-Aitchison",11.5977838841564
"250607_05","220708_03","Lost","Soberanía","Lost vs Soberanía","CLR-Aitchison",13.4427162211516
"250607_07","220708_03","Lost","Soberanía","Lost vs Soberanía","CLR-Aitchison",16.706620748115
"250607_08","220708_03","Lost","Soberanía","Lost vs Soberanía","CLR-Aitchison",16.0399482462417
"250607_09","220708_03","Lost","Soberanía","Lost vs Soberanía","CLR-Aitchison",13.2289185597972
"250607_10","220708_03","Lost","Soberanía","Lost vs Soberanía","CLR-Aitchison",18.8613756638315
"250607_01","220708_04","Lost","Soberanía","Lost vs Soberanía","CLR-Aitchison",12.0465438463321
"250607_02","220708_04","Lost","Soberanía","Lost vs Soberanía","CLR-Aitchison",13.8527321709382
"250607_03","220708_04","Lost","Soberanía","Lost vs Soberanía","CLR-Aitchison",13.7774723747664
"250607_04","220708_04","Lost","Soberanía","Lost vs Soberanía","CLR-Aitchison",12.0205034051902
"250607_05","220708_04","Lost","Soberanía","Lost vs Soberanía","CLR-Aitchison",11.3680089143687
"250607_07","220708_04","Lost","Soberanía","Lost vs Soberanía","CLR-Aitchison",15.5511293569208
"250607_08","220708_04","Lost","Soberanía","Lost vs Soberanía","CLR-Aitchison",13.4884963933755
"250607_09","220708_04","Lost","Soberanía","Lost vs Soberanía","CLR-Aitchison",10.2686590239436
"250607_10","220708_04","Lost","Soberanía","Lost vs Soberanía","CLR-Aitchison",16.7609396674764
"250607_01","220708_05","Lost","Soberanía","Lost vs Soberanía","CLR-Aitchison",15.8052970725032
"250607_02","220708_05","Lost","Soberanía","Lost vs Soberanía","CLR-Aitchison",14.7104185466277
"250607_03","220708_05","Lost","Soberanía","Lost vs Soberanía","CLR-Aitchison",13.165042490382
"250607_04","220708_05","Lost","Soberanía","Lost vs Soberanía","CLR-Aitchison",9.16249464139901
"250607_05","220708_05","Lost","Soberanía","Lost vs Soberanía","CLR-Aitchison",12.1021048146056
"250607_07","220708_05","Lost","Soberanía","Lost vs Soberanía","CLR-Aitchison",15.6178711703116
"250607_08","220708_05","Lost","Soberanía","Lost vs Soberanía","CLR-Aitchison",13.2148729264763
"250607_09","220708_05","Lost","Soberanía","Lost vs Soberanía","CLR-Aitchison",14.603901635099
"250607_10","220708_05","Lost","Soberanía","Lost vs Soberanía","CLR-Aitchison",15.7942945231773
"250607_01","220708_06","Lost","Soberanía","Lost vs Soberanía","CLR-Aitchison",15.9367528377732
"250607_02","220708_06","Lost","Soberanía","Lost vs Soberanía","CLR-Aitchison",16.1363745613468
"250607_03","220708_06","Lost","Soberanía","Lost vs Soberanía","CLR-Aitchison",17.0039917312714
"250607_04","220708_06","Lost","Soberanía","Lost vs Soberanía","CLR-Aitchison",11.4818461832374
"250607_05","220708_06","Lost","Soberanía","Lost vs Soberanía","CLR-Aitchison",14.6342909074012
"250607_07","220708_06","Lost","Soberanía","Lost vs Soberanía","CLR-Aitchison",16.533981900212
"250607_08","220708_06","Lost","Soberanía","Lost vs Soberanía","CLR-Aitchison",16.5004666834978
"250607_09","220708_06","Lost","Soberanía","Lost vs Soberanía","CLR-Aitchison",14.3485215138351
"250607_10","220708_06","Lost","Soberanía","Lost vs Soberanía","CLR-Aitchison",19.3426003640857
"250607_01","220708_07","Lost","Soberanía","Lost vs Soberanía","CLR-Aitchison",16.2431073640363
"250607_02","220708_07","Lost","Soberanía","Lost vs Soberanía","CLR-Aitchison",16.7868782337211
"250607_03","220708_07","Lost","Soberanía","Lost vs Soberanía","CLR-Aitchison",16.7996982705939
"250607_04","220708_07","Lost","Soberanía","Lost vs Soberanía","CLR-Aitchison",10.9374914603954
"250607_05","220708_07","Lost","Soberanía","Lost vs Soberanía","CLR-Aitchison",13.0117492813704
"250607_07","220708_07","Lost","Soberanía","Lost vs Soberanía","CLR-Aitchison",15.0084850335592
"250607_08","220708_07","Lost","Soberanía","Lost vs Soberanía","CLR-Aitchison",17.3866949068615
"250607_09","220708_07","Lost","Soberanía","Lost vs Soberanía","CLR-Aitchison",15.950182036589
"250607_10","220708_07","Lost","Soberanía","Lost vs Soberanía","CLR-Aitchison",18.3487071345744
"250607_01","220708_08","Lost","Soberanía","Lost vs Soberanía","CLR-Aitchison",13.2328465107113
"250607_02","220708_08","Lost","Soberanía","Lost vs Soberanía","CLR-Aitchison",15.8537272180494
"250607_03","220708_08","Lost","Soberanía","Lost vs Soberanía","CLR-Aitchison",13.6677583667755
"250607_04","220708_08","Lost","Soberanía","Lost vs Soberanía","CLR-Aitchison",9.6859582880931
"250607_05","220708_08","Lost","Soberanía","Lost vs Soberanía","CLR-Aitchison",12.0377169192293
"250607_07","220708_08","Lost","Soberanía","Lost vs Soberanía","CLR-Aitchison",15.9872721432297
"250607_08","220708_08","Lost","Soberanía","Lost vs Soberanía","CLR-Aitchison",14.1110402315675
"250607_09","220708_08","Lost","Soberanía","Lost vs Soberanía","CLR-Aitchison",14.2378026536201
"250607_10","220708_08","Lost","Soberanía","Lost vs Soberanía","CLR-Aitchison",13.2371837513035
"250607_01","220708_09","Lost","Soberanía","Lost vs Soberanía","CLR-Aitchison",20.3986172097266
"250607_02","220708_09","Lost","Soberanía","Lost vs Soberanía","CLR-Aitchison",18.8131617568108
"250607_03","220708_09","Lost","Soberanía","Lost vs Soberanía","CLR-Aitchison",19.8630109316342
"250607_04","220708_09","Lost","Soberanía","Lost vs Soberanía","CLR-Aitchison",14.6653296677545
"250607_05","220708_09","Lost","Soberanía","Lost vs Soberanía","CLR-Aitchison",18.4606417408571
"250607_07","220708_09","Lost","Soberanía","Lost vs Soberanía","CLR-Aitchison",19.9266511123655
"250607_08","220708_09","Lost","Soberanía","Lost vs Soberanía","CLR-Aitchison",20.8889898200819
"250607_09","220708_09","Lost","Soberanía","Lost vs Soberanía","CLR-Aitchison",19.4331464360618
"250607_10","220708_09","Lost","Soberanía","Lost vs Soberanía","CLR-Aitchison",20.0790680172992
"250607_01","220708_10","Lost","Soberanía","Lost vs Soberanía","CLR-Aitchison",17.5542967663474
"250607_02","220708_10","Lost","Soberanía","Lost vs Soberanía","CLR-Aitchison",19.9107871995849
"250607_03","220708_10","Lost","Soberanía","Lost vs Soberanía","CLR-Aitchison",19.9465199406058
"250607_04","220708_10","Lost","Soberanía","Lost vs Soberanía","CLR-Aitchison",16.9317890975717
"250607_05","220708_10","Lost","Soberanía","Lost vs Soberanía","CLR-Aitchison",19.0056789676737
"250607_07","220708_10","Lost","Soberanía","Lost vs Soberanía","CLR-Aitchison",19.4873666239282
"250607_08","220708_10","Lost","Soberanía","Lost vs Soberanía","CLR-Aitchison",20.409975028315
"250607_09","220708_10","Lost","Soberanía","Lost vs Soberanía","CLR-Aitchison",19.1035219265379
"250607_10","220708_10","Lost","Soberanía","Lost vs Soberanía","CLR-Aitchison",14.728747749504
"220604_01","220707_11","Veragua","Campana","Veragua vs Campana","CLR-Aitchison",13.4896155681792
"220604_02","220707_11","Veragua","Campana","Veragua vs Campana","CLR-Aitchison",13.3756400010368
"220604_03","220707_11","Veragua","Campana","Veragua vs Campana","CLR-Aitchison",18.0610575882191
"220604_04","220707_11","Veragua","Campana","Veragua vs Campana","CLR-Aitchison",16.1989410992901
"220604_05","220707_11","Veragua","Campana","Veragua vs Campana","CLR-Aitchison",14.7918215731675
"220604_06","220707_11","Veragua","Campana","Veragua vs Campana","CLR-Aitchison",14.1803325260576
"220604_07","220707_11","Veragua","Campana","Veragua vs Campana","CLR-Aitchison",14.398857959017
"220606_02","220707_11","Veragua","Campana","Veragua vs Campana","CLR-Aitchison",15.0027218681199
"220606_04","220707_11","Veragua","Campana","Veragua vs Campana","CLR-Aitchison",14.9095175518783
"220607_01","220707_11","Veragua","Campana","Veragua vs Campana","CLR-Aitchison",13.0575541279393
"220607_02","220707_11","Veragua","Campana","Veragua vs Campana","CLR-Aitchison",11.7503777099961
"220607_03","220707_11","Veragua","Campana","Veragua vs Campana","CLR-Aitchison",13.0700229000649
"220607_04","220707_11","Veragua","Campana","Veragua vs Campana","CLR-Aitchison",15.995972665265
"220609_01","220707_11","Veragua","Campana","Veragua vs Campana","CLR-Aitchison",16.9797780398285
"220609_02","220707_11","Veragua","Campana","Veragua vs Campana","CLR-Aitchison",14.0851188136294
"220609_03","220707_11","Veragua","Campana","Veragua vs Campana","CLR-Aitchison",17.1613438064581
"220609_04","220707_11","Veragua","Campana","Veragua vs Campana","CLR-Aitchison",10.9579821166682
"220609_07","220707_11","Veragua","Campana","Veragua vs Campana","CLR-Aitchison",15.1403599105248
"220604_01","220707_12","Veragua","Campana","Veragua vs Campana","CLR-Aitchison",13.5185280660647
"220604_02","220707_12","Veragua","Campana","Veragua vs Campana","CLR-Aitchison",12.2478491893795
"220604_03","220707_12","Veragua","Campana","Veragua vs Campana","CLR-Aitchison",16.4263267557346
"220604_04","220707_12","Veragua","Campana","Veragua vs Campana","CLR-Aitchison",17.4088941254049
"220604_05","220707_12","Veragua","Campana","Veragua vs Campana","CLR-Aitchison",14.1096781980752
"220604_06","220707_12","Veragua","Campana","Veragua vs Campana","CLR-Aitchison",14.2980229036772
"220604_07","220707_12","Veragua","Campana","Veragua vs Campana","CLR-Aitchison",13.6298753762432
"220606_02","220707_12","Veragua","Campana","Veragua vs Campana","CLR-Aitchison",13.7677832436113
"220606_04","220707_12","Veragua","Campana","Veragua vs Campana","CLR-Aitchison",15.9650115921874
"220607_01","220707_12","Veragua","Campana","Veragua vs Campana","CLR-Aitchison",14.6279373877856
"220607_02","220707_12","Veragua","Campana","Veragua vs Campana","CLR-Aitchison",12.243186557824
"220607_03","220707_12","Veragua","Campana","Veragua vs Campana","CLR-Aitchison",12.3360649963648
"220607_04","220707_12","Veragua","Campana","Veragua vs Campana","CLR-Aitchison",13.6622724711081
"220609_01","220707_12","Veragua","Campana","Veragua vs Campana","CLR-Aitchison",14.2533376365567
"220609_02","220707_12","Veragua","Campana","Veragua vs Campana","CLR-Aitchison",12.4629129190456
"220609_03","220707_12","Veragua","Campana","Veragua vs Campana","CLR-Aitchison",15.8784350487134
"220609_04","220707_12","Veragua","Campana","Veragua vs Campana","CLR-Aitchison",9.11262486997993
"220609_07","220707_12","Veragua","Campana","Veragua vs Campana","CLR-Aitchison",15.4155469870494
"220604_01","220707_13","Veragua","Campana","Veragua vs Campana","CLR-Aitchison",13.0263215008792
"220604_02","220707_13","Veragua","Campana","Veragua vs Campana","CLR-Aitchison",13.0738428964076
"220604_03","220707_13","Veragua","Campana","Veragua vs Campana","CLR-Aitchison",17.8459797553065
"220604_04","220707_13","Veragua","Campana","Veragua vs Campana","CLR-Aitchison",15.289918414717
"220604_05","220707_13","Veragua","Campana","Veragua vs Campana","CLR-Aitchison",13.9293188259933
"220604_06","220707_13","Veragua","Campana","Veragua vs Campana","CLR-Aitchison",13.0716506787939
"220604_07","220707_13","Veragua","Campana","Veragua vs Campana","CLR-Aitchison",14.3799450872728
"220606_02","220707_13","Veragua","Campana","Veragua vs Campana","CLR-Aitchison",14.7389345374177
"220606_04","220707_13","Veragua","Campana","Veragua vs Campana","CLR-Aitchison",11.5346390919665
"220607_01","220707_13","Veragua","Campana","Veragua vs Campana","CLR-Aitchison",12.5174558762877
"220607_02","220707_13","Veragua","Campana","Veragua vs Campana","CLR-Aitchison",10.4332797847167
"220607_03","220707_13","Veragua","Campana","Veragua vs Campana","CLR-Aitchison",12.6566880244081
"220607_04","220707_13","Veragua","Campana","Veragua vs Campana","CLR-Aitchison",14.6205519415866
"220609_01","220707_13","Veragua","Campana","Veragua vs Campana","CLR-Aitchison",15.3956913651382
"220609_02","220707_13","Veragua","Campana","Veragua vs Campana","CLR-Aitchison",13.5696019041776
"220609_03","220707_13","Veragua","Campana","Veragua vs Campana","CLR-Aitchison",16.150121331314
"220609_04","220707_13","Veragua","Campana","Veragua vs Campana","CLR-Aitchison",11.8007296159297
"220609_07","220707_13","Veragua","Campana","Veragua vs Campana","CLR-Aitchison",15.610827031631
"220604_01","220707_14","Veragua","Campana","Veragua vs Campana","CLR-Aitchison",12.4091061019573
"220604_02","220707_14","Veragua","Campana","Veragua vs Campana","CLR-Aitchison",12.3083522275594
"220604_03","220707_14","Veragua","Campana","Veragua vs Campana","CLR-Aitchison",16.3036386272553
"220604_04","220707_14","Veragua","Campana","Veragua vs Campana","CLR-Aitchison",15.5105900335395
"220604_05","220707_14","Veragua","Campana","Veragua vs Campana","CLR-Aitchison",13.6043943416143
"220604_06","220707_14","Veragua","Campana","Veragua vs Campana","CLR-Aitchison",15.0420485901775
"220604_07","220707_14","Veragua","Campana","Veragua vs Campana","CLR-Aitchison",14.4382155834355
"220606_02","220707_14","Veragua","Campana","Veragua vs Campana","CLR-Aitchison",14.8381563322205
"220606_04","220707_14","Veragua","Campana","Veragua vs Campana","CLR-Aitchison",11.4618227159888
"220607_01","220707_14","Veragua","Campana","Veragua vs Campana","CLR-Aitchison",12.5639525564347
"220607_02","220707_14","Veragua","Campana","Veragua vs Campana","CLR-Aitchison",9.9999899611574
"220607_03","220707_14","Veragua","Campana","Veragua vs Campana","CLR-Aitchison",12.8559486244881
"220607_04","220707_14","Veragua","Campana","Veragua vs Campana","CLR-Aitchison",13.0596129196858
"220609_01","220707_14","Veragua","Campana","Veragua vs Campana","CLR-Aitchison",15.4725430412067
"220609_02","220707_14","Veragua","Campana","Veragua vs Campana","CLR-Aitchison",14.0145842567309
"220609_03","220707_14","Veragua","Campana","Veragua vs Campana","CLR-Aitchison",15.8067841752958
"220609_04","220707_14","Veragua","Campana","Veragua vs Campana","CLR-Aitchison",11.911669291285
"220609_07","220707_14","Veragua","Campana","Veragua vs Campana","CLR-Aitchison",15.8373240526915
"220604_01","220707_15","Veragua","Campana","Veragua vs Campana","CLR-Aitchison",13.3997120421352
"220604_02","220707_15","Veragua","Campana","Veragua vs Campana","CLR-Aitchison",11.2636442146088
"220604_03","220707_15","Veragua","Campana","Veragua vs Campana","CLR-Aitchison",15.6583678603903
"220604_04","220707_15","Veragua","Campana","Veragua vs Campana","CLR-Aitchison",16.2470800692704
"220604_05","220707_15","Veragua","Campana","Veragua vs Campana","CLR-Aitchison",16.0013939619444
"220604_06","220707_15","Veragua","Campana","Veragua vs Campana","CLR-Aitchison",15.7531139775447
"220604_07","220707_15","Veragua","Campana","Veragua vs Campana","CLR-Aitchison",13.0365771690174
"220606_02","220707_15","Veragua","Campana","Veragua vs Campana","CLR-Aitchison",14.670922444832
"220606_04","220707_15","Veragua","Campana","Veragua vs Campana","CLR-Aitchison",15.2259962147594
"220607_01","220707_15","Veragua","Campana","Veragua vs Campana","CLR-Aitchison",13.2448056526601
"220607_02","220707_15","Veragua","Campana","Veragua vs Campana","CLR-Aitchison",12.9667867346412
"220607_03","220707_15","Veragua","Campana","Veragua vs Campana","CLR-Aitchison",12.5414672225647
"220607_04","220707_15","Veragua","Campana","Veragua vs Campana","CLR-Aitchison",13.4744921019134
"220609_01","220707_15","Veragua","Campana","Veragua vs Campana","CLR-Aitchison",13.3093908673629
"220609_02","220707_15","Veragua","Campana","Veragua vs Campana","CLR-Aitchison",13.3155703035721
"220609_03","220707_15","Veragua","Campana","Veragua vs Campana","CLR-Aitchison",16.7859690450953
"220609_04","220707_15","Veragua","Campana","Veragua vs Campana","CLR-Aitchison",11.200759597356
"220609_07","220707_15","Veragua","Campana","Veragua vs Campana","CLR-Aitchison",15.5445291782906
"220604_01","220707_16","Veragua","Campana","Veragua vs Campana","CLR-Aitchison",11.4481356372084
"220604_02","220707_16","Veragua","Campana","Veragua vs Campana","CLR-Aitchison",12.3050746381689
"220604_03","220707_16","Veragua","Campana","Veragua vs Campana","CLR-Aitchison",17.7065824993337
"220604_04","220707_16","Veragua","Campana","Veragua vs Campana","CLR-Aitchison",16.1661061656098
"220604_05","220707_16","Veragua","Campana","Veragua vs Campana","CLR-Aitchison",10.7809965611868
"220604_06","220707_16","Veragua","Campana","Veragua vs Campana","CLR-Aitchison",11.1236523424763
"220604_07","220707_16","Veragua","Campana","Veragua vs Campana","CLR-Aitchison",12.4957652340723
"220606_02","220707_16","Veragua","Campana","Veragua vs Campana","CLR-Aitchison",12.0806481257908
"220606_04","220707_16","Veragua","Campana","Veragua vs Campana","CLR-Aitchison",12.123230887667
"220607_01","220707_16","Veragua","Campana","Veragua vs Campana","CLR-Aitchison",14.0620014021499
"220607_02","220707_16","Veragua","Campana","Veragua vs Campana","CLR-Aitchison",12.5520272941947
"220607_03","220707_16","Veragua","Campana","Veragua vs Campana","CLR-Aitchison",10.5373859057511
"220607_04","220707_16","Veragua","Campana","Veragua vs Campana","CLR-Aitchison",12.3196940610578
"220609_01","220707_16","Veragua","Campana","Veragua vs Campana","CLR-Aitchison",12.7003185388892
"220609_02","220707_16","Veragua","Campana","Veragua vs Campana","CLR-Aitchison",11.804935341048
"220609_03","220707_16","Veragua","Campana","Veragua vs Campana","CLR-Aitchison",15.2714323652065
"220609_04","220707_16","Veragua","Campana","Veragua vs Campana","CLR-Aitchison",9.31726630029502
"220609_07","220707_16","Veragua","Campana","Veragua vs Campana","CLR-Aitchison",13.874037055678
"220604_01","220707_17","Veragua","Campana","Veragua vs Campana","CLR-Aitchison",14.2852809626854
"220604_02","220707_17","Veragua","Campana","Veragua vs Campana","CLR-Aitchison",10.3839268230058
"220604_03","220707_17","Veragua","Campana","Veragua vs Campana","CLR-Aitchison",15.2090426224972
"220604_04","220707_17","Veragua","Campana","Veragua vs Campana","CLR-Aitchison",11.6460635509902
"220604_05","220707_17","Veragua","Campana","Veragua vs Campana","CLR-Aitchison",13.9379794184202
"220604_06","220707_17","Veragua","Campana","Veragua vs Campana","CLR-Aitchison",14.7739944374616
"220604_07","220707_17","Veragua","Campana","Veragua vs Campana","CLR-Aitchison",13.2351523265081
"220606_02","220707_17","Veragua","Campana","Veragua vs Campana","CLR-Aitchison",12.9471017306344
"220606_04","220707_17","Veragua","Campana","Veragua vs Campana","CLR-Aitchison",13.0002252754183
"220607_01","220707_17","Veragua","Campana","Veragua vs Campana","CLR-Aitchison",11.4115740185237
"220607_02","220707_17","Veragua","Campana","Veragua vs Campana","CLR-Aitchison",10.3551643175622
"220607_03","220707_17","Veragua","Campana","Veragua vs Campana","CLR-Aitchison",12.5027301515966
"220607_04","220707_17","Veragua","Campana","Veragua vs Campana","CLR-Aitchison",11.7892901032137
"220609_01","220707_17","Veragua","Campana","Veragua vs Campana","CLR-Aitchison",14.0898933609747
"220609_02","220707_17","Veragua","Campana","Veragua vs Campana","CLR-Aitchison",13.1567141493724
"220609_03","220707_17","Veragua","Campana","Veragua vs Campana","CLR-Aitchison",9.10988546841247
"220609_04","220707_17","Veragua","Campana","Veragua vs Campana","CLR-Aitchison",9.4812756192729
"220609_07","220707_17","Veragua","Campana","Veragua vs Campana","CLR-Aitchison",15.9004668856148
"220604_01","220707_18","Veragua","Campana","Veragua vs Campana","CLR-Aitchison",11.0545898720599
"220604_02","220707_18","Veragua","Campana","Veragua vs Campana","CLR-Aitchison",13.8739215826303
"220604_03","220707_18","Veragua","Campana","Veragua vs Campana","CLR-Aitchison",14.8164461442512
"220604_04","220707_18","Veragua","Campana","Veragua vs Campana","CLR-Aitchison",13.8578212590307
"220604_05","220707_18","Veragua","Campana","Veragua vs Campana","CLR-Aitchison",11.5820198623345
"220604_06","220707_18","Veragua","Campana","Veragua vs Campana","CLR-Aitchison",13.7751668242282
"220604_07","220707_18","Veragua","Campana","Veragua vs Campana","CLR-Aitchison",12.7805798282582
"220606_02","220707_18","Veragua","Campana","Veragua vs Campana","CLR-Aitchison",12.911213061198
"220606_04","220707_18","Veragua","Campana","Veragua vs Campana","CLR-Aitchison",15.2524700793838
"220607_01","220707_18","Veragua","Campana","Veragua vs Campana","CLR-Aitchison",11.6097311179979
"220607_02","220707_18","Veragua","Campana","Veragua vs Campana","CLR-Aitchison",11.5193713532284
"220607_03","220707_18","Veragua","Campana","Veragua vs Campana","CLR-Aitchison",11.1083655330886
"220607_04","220707_18","Veragua","Campana","Veragua vs Campana","CLR-Aitchison",11.6698888184726
"220609_01","220707_18","Veragua","Campana","Veragua vs Campana","CLR-Aitchison",15.6109726465566
"220609_02","220707_18","Veragua","Campana","Veragua vs Campana","CLR-Aitchison",11.9374903605187
"220609_03","220707_18","Veragua","Campana","Veragua vs Campana","CLR-Aitchison",14.2237522525815
"220609_04","220707_18","Veragua","Campana","Veragua vs Campana","CLR-Aitchison",9.72047989532707
"220609_07","220707_18","Veragua","Campana","Veragua vs Campana","CLR-Aitchison",16.3470229166463
"220604_01","220707_19","Veragua","Campana","Veragua vs Campana","CLR-Aitchison",13.965615354222
"220604_02","220707_19","Veragua","Campana","Veragua vs Campana","CLR-Aitchison",13.7231361907807
"220604_03","220707_19","Veragua","Campana","Veragua vs Campana","CLR-Aitchison",15.1098808420004
"220604_04","220707_19","Veragua","Campana","Veragua vs Campana","CLR-Aitchison",17.3351755109835
"220604_05","220707_19","Veragua","Campana","Veragua vs Campana","CLR-Aitchison",14.8455430543611
"220604_06","220707_19","Veragua","Campana","Veragua vs Campana","CLR-Aitchison",15.9560079468092
"220604_07","220707_19","Veragua","Campana","Veragua vs Campana","CLR-Aitchison",14.26828747282
"220606_02","220707_19","Veragua","Campana","Veragua vs Campana","CLR-Aitchison",14.9831163320623
"220606_04","220707_19","Veragua","Campana","Veragua vs Campana","CLR-Aitchison",15.4729456907846
"220607_01","220707_19","Veragua","Campana","Veragua vs Campana","CLR-Aitchison",13.1177376913459
"220607_02","220707_19","Veragua","Campana","Veragua vs Campana","CLR-Aitchison",12.6428565355367
"220607_03","220707_19","Veragua","Campana","Veragua vs Campana","CLR-Aitchison",12.5368187035363
"220607_04","220707_19","Veragua","Campana","Veragua vs Campana","CLR-Aitchison",13.6647674614417
"220609_01","220707_19","Veragua","Campana","Veragua vs Campana","CLR-Aitchison",16.4161347892835
"220609_02","220707_19","Veragua","Campana","Veragua vs Campana","CLR-Aitchison",14.8350451237471
"220609_03","220707_19","Veragua","Campana","Veragua vs Campana","CLR-Aitchison",14.4469345160233
"220609_04","220707_19","Veragua","Campana","Veragua vs Campana","CLR-Aitchison",11.385745081021
"220609_07","220707_19","Veragua","Campana","Veragua vs Campana","CLR-Aitchison",16.6963389828149
"220604_01","220707_20","Veragua","Campana","Veragua vs Campana","CLR-Aitchison",12.7589452657752
"220604_02","220707_20","Veragua","Campana","Veragua vs Campana","CLR-Aitchison",12.9875796833275
"220604_03","220707_20","Veragua","Campana","Veragua vs Campana","CLR-Aitchison",14.9714671442613
"220604_04","220707_20","Veragua","Campana","Veragua vs Campana","CLR-Aitchison",15.8714221001559
"220604_05","220707_20","Veragua","Campana","Veragua vs Campana","CLR-Aitchison",14.1129072232497
"220604_06","220707_20","Veragua","Campana","Veragua vs Campana","CLR-Aitchison",15.0174759470221
"220604_07","220707_20","Veragua","Campana","Veragua vs Campana","CLR-Aitchison",12.2278442242036
"220606_02","220707_20","Veragua","Campana","Veragua vs Campana","CLR-Aitchison",13.4113596619073
"220606_04","220707_20","Veragua","Campana","Veragua vs Campana","CLR-Aitchison",15.3792521052205
"220607_01","220707_20","Veragua","Campana","Veragua vs Campana","CLR-Aitchison",13.6396340340797
"220607_02","220707_20","Veragua","Campana","Veragua vs Campana","CLR-Aitchison",11.4243769327508
"220607_03","220707_20","Veragua","Campana","Veragua vs Campana","CLR-Aitchison",10.8954838844737
"220607_04","220707_20","Veragua","Campana","Veragua vs Campana","CLR-Aitchison",12.8198766453715
"220609_01","220707_20","Veragua","Campana","Veragua vs Campana","CLR-Aitchison",15.0552669800227
"220609_02","220707_20","Veragua","Campana","Veragua vs Campana","CLR-Aitchison",14.3478296626928
"220609_03","220707_20","Veragua","Campana","Veragua vs Campana","CLR-Aitchison",14.6584914386379
"220609_04","220707_20","Veragua","Campana","Veragua vs Campana","CLR-Aitchison",9.75300318621146
"220609_07","220707_20","Veragua","Campana","Veragua vs Campana","CLR-Aitchison",15.5185174599146
"220604_01","220708_01","Veragua","Soberanía","Veragua vs Soberanía","CLR-Aitchison",13.4026434014733
"220604_02","220708_01","Veragua","Soberanía","Veragua vs Soberanía","CLR-Aitchison",11.7922725496786
"220604_03","220708_01","Veragua","Soberanía","Veragua vs Soberanía","CLR-Aitchison",17.2589445804028
"220604_04","220708_01","Veragua","Soberanía","Veragua vs Soberanía","CLR-Aitchison",15.0838021177386
"220604_05","220708_01","Veragua","Soberanía","Veragua vs Soberanía","CLR-Aitchison",14.9243762265744
"220604_06","220708_01","Veragua","Soberanía","Veragua vs Soberanía","CLR-Aitchison",13.9430744089258
"220604_07","220708_01","Veragua","Soberanía","Veragua vs Soberanía","CLR-Aitchison",13.9073498640904
"220606_02","220708_01","Veragua","Soberanía","Veragua vs Soberanía","CLR-Aitchison",15.1226518168606
"220606_04","220708_01","Veragua","Soberanía","Veragua vs Soberanía","CLR-Aitchison",14.9772711890583
"220607_01","220708_01","Veragua","Soberanía","Veragua vs Soberanía","CLR-Aitchison",14.0865254437064
"220607_02","220708_01","Veragua","Soberanía","Veragua vs Soberanía","CLR-Aitchison",13.7608098547663
"220607_03","220708_01","Veragua","Soberanía","Veragua vs Soberanía","CLR-Aitchison",12.3798176310306
"220607_04","220708_01","Veragua","Soberanía","Veragua vs Soberanía","CLR-Aitchison",13.7528212282594
"220609_01","220708_01","Veragua","Soberanía","Veragua vs Soberanía","CLR-Aitchison",13.1134088454458
"220609_02","220708_01","Veragua","Soberanía","Veragua vs Soberanía","CLR-Aitchison",12.2784213726419
"220609_03","220708_01","Veragua","Soberanía","Veragua vs Soberanía","CLR-Aitchison",17.751610847997
"220609_04","220708_01","Veragua","Soberanía","Veragua vs Soberanía","CLR-Aitchison",12.2047272621659
"220609_07","220708_01","Veragua","Soberanía","Veragua vs Soberanía","CLR-Aitchison",17.5843128897235
"220604_01","220708_02","Veragua","Soberanía","Veragua vs Soberanía","CLR-Aitchison",9.94286786981203
"220604_02","220708_02","Veragua","Soberanía","Veragua vs Soberanía","CLR-Aitchison",12.391409750604
"220604_03","220708_02","Veragua","Soberanía","Veragua vs Soberanía","CLR-Aitchison",18.5187265493952
"220604_04","220708_02","Veragua","Soberanía","Veragua vs Soberanía","CLR-Aitchison",17.9237435090449
"220604_05","220708_02","Veragua","Soberanía","Veragua vs Soberanía","CLR-Aitchison",15.1734971014909
"220604_06","220708_02","Veragua","Soberanía","Veragua vs Soberanía","CLR-Aitchison",12.9751994045111
"220604_07","220708_02","Veragua","Soberanía","Veragua vs Soberanía","CLR-Aitchison",14.7662582021482
"220606_02","220708_02","Veragua","Soberanía","Veragua vs Soberanía","CLR-Aitchison",12.6173190401915
"220606_04","220708_02","Veragua","Soberanía","Veragua vs Soberanía","CLR-Aitchison",14.7410160823286
"220607_01","220708_02","Veragua","Soberanía","Veragua vs Soberanía","CLR-Aitchison",15.7232751923
"220607_02","220708_02","Veragua","Soberanía","Veragua vs Soberanía","CLR-Aitchison",15.2560173049733
"220607_03","220708_02","Veragua","Soberanía","Veragua vs Soberanía","CLR-Aitchison",13.9203376799871
"220607_04","220708_02","Veragua","Soberanía","Veragua vs Soberanía","CLR-Aitchison",12.789458629501
"220609_01","220708_02","Veragua","Soberanía","Veragua vs Soberanía","CLR-Aitchison",15.3408844215602
"220609_02","220708_02","Veragua","Soberanía","Veragua vs Soberanía","CLR-Aitchison",12.4844851887292
"220609_03","220708_02","Veragua","Soberanía","Veragua vs Soberanía","CLR-Aitchison",15.7580422929532
"220609_04","220708_02","Veragua","Soberanía","Veragua vs Soberanía","CLR-Aitchison",13.4373346367395
"220609_07","220708_02","Veragua","Soberanía","Veragua vs Soberanía","CLR-Aitchison",14.4927337020922
"220604_01","220708_03","Veragua","Soberanía","Veragua vs Soberanía","CLR-Aitchison",9.79003342309685
"220604_02","220708_03","Veragua","Soberanía","Veragua vs Soberanía","CLR-Aitchison",13.3776327099114
"220604_03","220708_03","Veragua","Soberanía","Veragua vs Soberanía","CLR-Aitchison",18.6416990229863
"220604_04","220708_03","Veragua","Soberanía","Veragua vs Soberanía","CLR-Aitchison",19.3842060989629
"220604_05","220708_03","Veragua","Soberanía","Veragua vs Soberanía","CLR-Aitchison",12.1475024821856
"220604_06","220708_03","Veragua","Soberanía","Veragua vs Soberanía","CLR-Aitchison",13.6545879229036
"220604_07","220708_03","Veragua","Soberanía","Veragua vs Soberanía","CLR-Aitchison",14.1220915417071
"220606_02","220708_03","Veragua","Soberanía","Veragua vs Soberanía","CLR-Aitchison",15.0290745734652
"220606_04","220708_03","Veragua","Soberanía","Veragua vs Soberanía","CLR-Aitchison",16.548993284176
"220607_01","220708_03","Veragua","Soberanía","Veragua vs Soberanía","CLR-Aitchison",15.3000318823213
"220607_02","220708_03","Veragua","Soberanía","Veragua vs Soberanía","CLR-Aitchison",14.3649651822273
"220607_03","220708_03","Veragua","Soberanía","Veragua vs Soberanía","CLR-Aitchison",12.7184984698413
"220607_04","220708_03","Veragua","Soberanía","Veragua vs Soberanía","CLR-Aitchison",14.8290137855531
"220609_01","220708_03","Veragua","Soberanía","Veragua vs Soberanía","CLR-Aitchison",15.6859050581456
"220609_02","220708_03","Veragua","Soberanía","Veragua vs Soberanía","CLR-Aitchison",11.1854296542484
"220609_03","220708_03","Veragua","Soberanía","Veragua vs Soberanía","CLR-Aitchison",17.7246810029949
"220609_04","220708_03","Veragua","Soberanía","Veragua vs Soberanía","CLR-Aitchison",11.0423953239652
"220609_07","220708_03","Veragua","Soberanía","Veragua vs Soberanía","CLR-Aitchison",14.0376842318689
"220604_01","220708_04","Veragua","Soberanía","Veragua vs Soberanía","CLR-Aitchison",10.4771628710967
"220604_02","220708_04","Veragua","Soberanía","Veragua vs Soberanía","CLR-Aitchison",12.9618937704173
"220604_03","220708_04","Veragua","Soberanía","Veragua vs Soberanía","CLR-Aitchison",18.9428297593161
"220604_04","220708_04","Veragua","Soberanía","Veragua vs Soberanía","CLR-Aitchison",17.7362566122941
"220604_05","220708_04","Veragua","Soberanía","Veragua vs Soberanía","CLR-Aitchison",13.5518209525528
"220604_06","220708_04","Veragua","Soberanía","Veragua vs Soberanía","CLR-Aitchison",11.4216917563499
"220604_07","220708_04","Veragua","Soberanía","Veragua vs Soberanía","CLR-Aitchison",16.4793451594766
"220606_02","220708_04","Veragua","Soberanía","Veragua vs Soberanía","CLR-Aitchison",14.5492742382
"220606_04","220708_04","Veragua","Soberanía","Veragua vs Soberanía","CLR-Aitchison",15.529362357983
"220607_01","220708_04","Veragua","Soberanía","Veragua vs Soberanía","CLR-Aitchison",16.738881138707
"220607_02","220708_04","Veragua","Soberanía","Veragua vs Soberanía","CLR-Aitchison",14.0478305117434
"220607_03","220708_04","Veragua","Soberanía","Veragua vs Soberanía","CLR-Aitchison",13.7714235367524
"220607_04","220708_04","Veragua","Soberanía","Veragua vs Soberanía","CLR-Aitchison",13.3551334203393
"220609_01","220708_04","Veragua","Soberanía","Veragua vs Soberanía","CLR-Aitchison",13.9372281423623
"220609_02","220708_04","Veragua","Soberanía","Veragua vs Soberanía","CLR-Aitchison",11.9750738005004
"220609_03","220708_04","Veragua","Soberanía","Veragua vs Soberanía","CLR-Aitchison",15.0026816191483
"220609_04","220708_04","Veragua","Soberanía","Veragua vs Soberanía","CLR-Aitchison",12.4185474634148
"220609_07","220708_04","Veragua","Soberanía","Veragua vs Soberanía","CLR-Aitchison",15.487432264016
"220604_01","220708_05","Veragua","Soberanía","Veragua vs Soberanía","CLR-Aitchison",12.7169010869832
"220604_02","220708_05","Veragua","Soberanía","Veragua vs Soberanía","CLR-Aitchison",15.3500579483089
"220604_03","220708_05","Veragua","Soberanía","Veragua vs Soberanía","CLR-Aitchison",18.2608557998288
"220604_04","220708_05","Veragua","Soberanía","Veragua vs Soberanía","CLR-Aitchison",17.7224917925263
"220604_05","220708_05","Veragua","Soberanía","Veragua vs Soberanía","CLR-Aitchison",18.4892309729261
"220604_06","220708_05","Veragua","Soberanía","Veragua vs Soberanía","CLR-Aitchison",16.9813499024209
"220604_07","220708_05","Veragua","Soberanía","Veragua vs Soberanía","CLR-Aitchison",14.528827009569
"220606_02","220708_05","Veragua","Soberanía","Veragua vs Soberanía","CLR-Aitchison",17.9187260600207
"220606_04","220708_05","Veragua","Soberanía","Veragua vs Soberanía","CLR-Aitchison",16.8451051256289
"220607_01","220708_05","Veragua","Soberanía","Veragua vs Soberanía","CLR-Aitchison",15.9682233778379
"220607_02","220708_05","Veragua","Soberanía","Veragua vs Soberanía","CLR-Aitchison",15.8467770066822
"220607_03","220708_05","Veragua","Soberanía","Veragua vs Soberanía","CLR-Aitchison",16.1658408818148
"220607_04","220708_05","Veragua","Soberanía","Veragua vs Soberanía","CLR-Aitchison",16.8521850827922
"220609_01","220708_05","Veragua","Soberanía","Veragua vs Soberanía","CLR-Aitchison",17.4852264031989
"220609_02","220708_05","Veragua","Soberanía","Veragua vs Soberanía","CLR-Aitchison",16.2399521558272
"220609_03","220708_05","Veragua","Soberanía","Veragua vs Soberanía","CLR-Aitchison",18.9239715940883
"220609_04","220708_05","Veragua","Soberanía","Veragua vs Soberanía","CLR-Aitchison",15.7263777276731
"220609_07","220708_05","Veragua","Soberanía","Veragua vs Soberanía","CLR-Aitchison",16.4516346038607
"220604_01","220708_06","Veragua","Soberanía","Veragua vs Soberanía","CLR-Aitchison",9.99680888582119
"220604_02","220708_06","Veragua","Soberanía","Veragua vs Soberanía","CLR-Aitchison",14.3036985485259
"220604_03","220708_06","Veragua","Soberanía","Veragua vs Soberanía","CLR-Aitchison",17.9737515097086
"220604_04","220708_06","Veragua","Soberanía","Veragua vs Soberanía","CLR-Aitchison",19.4167697635055
"220604_05","220708_06","Veragua","Soberanía","Veragua vs Soberanía","CLR-Aitchison",15.0565400361711
"220604_06","220708_06","Veragua","Soberanía","Veragua vs Soberanía","CLR-Aitchison",11.9694951064382
"220604_07","220708_06","Veragua","Soberanía","Veragua vs Soberanía","CLR-Aitchison",16.8137459757284
"220606_02","220708_06","Veragua","Soberanía","Veragua vs Soberanía","CLR-Aitchison",13.6903336283508
"220606_04","220708_06","Veragua","Soberanía","Veragua vs Soberanía","CLR-Aitchison",14.785081522262
"220607_01","220708_06","Veragua","Soberanía","Veragua vs Soberanía","CLR-Aitchison",14.9272221687108
"220607_02","220708_06","Veragua","Soberanía","Veragua vs Soberanía","CLR-Aitchison",14.1580560883186
"220607_03","220708_06","Veragua","Soberanía","Veragua vs Soberanía","CLR-Aitchison",13.1490917528563
"220607_04","220708_06","Veragua","Soberanía","Veragua vs Soberanía","CLR-Aitchison",12.7124441417877
"220609_01","220708_06","Veragua","Soberanía","Veragua vs Soberanía","CLR-Aitchison",15.9610241984612
"220609_02","220708_06","Veragua","Soberanía","Veragua vs Soberanía","CLR-Aitchison",13.2953446412195
"220609_03","220708_06","Veragua","Soberanía","Veragua vs Soberanía","CLR-Aitchison",16.7011313250349
"220609_04","220708_06","Veragua","Soberanía","Veragua vs Soberanía","CLR-Aitchison",12.6354864227646
"220609_07","220708_06","Veragua","Soberanía","Veragua vs Soberanía","CLR-Aitchison",16.3076340734701
"220604_01","220708_07","Veragua","Soberanía","Veragua vs Soberanía","CLR-Aitchison",13.8416404058211
"220604_02","220708_07","Veragua","Soberanía","Veragua vs Soberanía","CLR-Aitchison",16.1140740532159
"220604_03","220708_07","Veragua","Soberanía","Veragua vs Soberanía","CLR-Aitchison",20.1777661479088
"220604_04","220708_07","Veragua","Soberanía","Veragua vs Soberanía","CLR-Aitchison",21.5793235337212
"220604_05","220708_07","Veragua","Soberanía","Veragua vs Soberanía","CLR-Aitchison",17.6063101136955
"220604_06","220708_07","Veragua","Soberanía","Veragua vs Soberanía","CLR-Aitchison",15.9919899243298
"220604_07","220708_07","Veragua","Soberanía","Veragua vs Soberanía","CLR-Aitchison",17.6416161173703
"220606_02","220708_07","Veragua","Soberanía","Veragua vs Soberanía","CLR-Aitchison",17.299093444668
"220606_04","220708_07","Veragua","Soberanía","Veragua vs Soberanía","CLR-Aitchison",15.5576908994679
"220607_01","220708_07","Veragua","Soberanía","Veragua vs Soberanía","CLR-Aitchison",15.847778847103
"220607_02","220708_07","Veragua","Soberanía","Veragua vs Soberanía","CLR-Aitchison",17.4421760704376
"220607_03","220708_07","Veragua","Soberanía","Veragua vs Soberanía","CLR-Aitchison",16.1064112787789
"220607_04","220708_07","Veragua","Soberanía","Veragua vs Soberanía","CLR-Aitchison",15.0146912965849
"220609_01","220708_07","Veragua","Soberanía","Veragua vs Soberanía","CLR-Aitchison",19.5253337160675
"220609_02","220708_07","Veragua","Soberanía","Veragua vs Soberanía","CLR-Aitchison",15.5499442452439
"220609_03","220708_07","Veragua","Soberanía","Veragua vs Soberanía","CLR-Aitchison",20.8395937774096
"220609_04","220708_07","Veragua","Soberanía","Veragua vs Soberanía","CLR-Aitchison",15.7224261457967
"220609_07","220708_07","Veragua","Soberanía","Veragua vs Soberanía","CLR-Aitchison",17.2160524919691
"220604_01","220708_08","Veragua","Soberanía","Veragua vs Soberanía","CLR-Aitchison",12.1846050931187
"220604_02","220708_08","Veragua","Soberanía","Veragua vs Soberanía","CLR-Aitchison",14.969427687475
"220604_03","220708_08","Veragua","Soberanía","Veragua vs Soberanía","CLR-Aitchison",17.2938458993423
"220604_04","220708_08","Veragua","Soberanía","Veragua vs Soberanía","CLR-Aitchison",17.9430861204596
"220604_05","220708_08","Veragua","Soberanía","Veragua vs Soberanía","CLR-Aitchison",16.3648668461675
"220604_06","220708_08","Veragua","Soberanía","Veragua vs Soberanía","CLR-Aitchison",12.8573578212532
"220604_07","220708_08","Veragua","Soberanía","Veragua vs Soberanía","CLR-Aitchison",12.6618827095058
"220606_02","220708_08","Veragua","Soberanía","Veragua vs Soberanía","CLR-Aitchison",15.1713681914954
"220606_04","220708_08","Veragua","Soberanía","Veragua vs Soberanía","CLR-Aitchison",16.0376137699319
"220607_01","220708_08","Veragua","Soberanía","Veragua vs Soberanía","CLR-Aitchison",14.1442578186984
"220607_02","220708_08","Veragua","Soberanía","Veragua vs Soberanía","CLR-Aitchison",15.7947320287436
"220607_03","220708_08","Veragua","Soberanía","Veragua vs Soberanía","CLR-Aitchison",12.6310269100201
"220607_04","220708_08","Veragua","Soberanía","Veragua vs Soberanía","CLR-Aitchison",13.6193236622375
"220609_01","220708_08","Veragua","Soberanía","Veragua vs Soberanía","CLR-Aitchison",15.7702670492194
"220609_02","220708_08","Veragua","Soberanía","Veragua vs Soberanía","CLR-Aitchison",13.3959205588041
"220609_03","220708_08","Veragua","Soberanía","Veragua vs Soberanía","CLR-Aitchison",17.3335320457696
"220609_04","220708_08","Veragua","Soberanía","Veragua vs Soberanía","CLR-Aitchison",11.8690079161646
"220609_07","220708_08","Veragua","Soberanía","Veragua vs Soberanía","CLR-Aitchison",15.3898473544523
"220604_01","220708_09","Veragua","Soberanía","Veragua vs Soberanía","CLR-Aitchison",15.1897842281221
"220604_02","220708_09","Veragua","Soberanía","Veragua vs Soberanía","CLR-Aitchison",17.1841303239086
"220604_03","220708_09","Veragua","Soberanía","Veragua vs Soberanía","CLR-Aitchison",20.2895016818849
"220604_04","220708_09","Veragua","Soberanía","Veragua vs Soberanía","CLR-Aitchison",20.1987860972523
"220604_05","220708_09","Veragua","Soberanía","Veragua vs Soberanía","CLR-Aitchison",17.0668375538006
"220604_06","220708_09","Veragua","Soberanía","Veragua vs Soberanía","CLR-Aitchison",13.592094671519
"220604_07","220708_09","Veragua","Soberanía","Veragua vs Soberanía","CLR-Aitchison",17.4609610875506
"220606_02","220708_09","Veragua","Soberanía","Veragua vs Soberanía","CLR-Aitchison",18.1125190817533
"220606_04","220708_09","Veragua","Soberanía","Veragua vs Soberanía","CLR-Aitchison",17.7327890394291
"220607_01","220708_09","Veragua","Soberanía","Veragua vs Soberanía","CLR-Aitchison",16.2916052342212
"220607_02","220708_09","Veragua","Soberanía","Veragua vs Soberanía","CLR-Aitchison",16.8021978872966
"220607_03","220708_09","Veragua","Soberanía","Veragua vs Soberanía","CLR-Aitchison",14.8391441427648
"220607_04","220708_09","Veragua","Soberanía","Veragua vs Soberanía","CLR-Aitchison",18.1681122082519
"220609_01","220708_09","Veragua","Soberanía","Veragua vs Soberanía","CLR-Aitchison",19.6303865114986
"220609_02","220708_09","Veragua","Soberanía","Veragua vs Soberanía","CLR-Aitchison",15.5922708350143
"220609_03","220708_09","Veragua","Soberanía","Veragua vs Soberanía","CLR-Aitchison",21.0346642344461
"220609_04","220708_09","Veragua","Soberanía","Veragua vs Soberanía","CLR-Aitchison",14.5703727950239
"220609_07","220708_09","Veragua","Soberanía","Veragua vs Soberanía","CLR-Aitchison",18.8059956785826
"220604_01","220708_10","Veragua","Soberanía","Veragua vs Soberanía","CLR-Aitchison",20.4319282985658
"220604_02","220708_10","Veragua","Soberanía","Veragua vs Soberanía","CLR-Aitchison",18.0890434868123
"220604_03","220708_10","Veragua","Soberanía","Veragua vs Soberanía","CLR-Aitchison",16.6211264348398
"220604_04","220708_10","Veragua","Soberanía","Veragua vs Soberanía","CLR-Aitchison",20.7286310710047
"220604_05","220708_10","Veragua","Soberanía","Veragua vs Soberanía","CLR-Aitchison",21.6755648232549
"220604_06","220708_10","Veragua","Soberanía","Veragua vs Soberanía","CLR-Aitchison",18.7555372283471
"220604_07","220708_10","Veragua","Soberanía","Veragua vs Soberanía","CLR-Aitchison",21.3042862989975
"220606_02","220708_10","Veragua","Soberanía","Veragua vs Soberanía","CLR-Aitchison",18.5306095408649
"220606_04","220708_10","Veragua","Soberanía","Veragua vs Soberanía","CLR-Aitchison",19.7807730314004
"220607_01","220708_10","Veragua","Soberanía","Veragua vs Soberanía","CLR-Aitchison",19.5027019168858
"220607_02","220708_10","Veragua","Soberanía","Veragua vs Soberanía","CLR-Aitchison",19.5532403725213
"220607_03","220708_10","Veragua","Soberanía","Veragua vs Soberanía","CLR-Aitchison",19.2992589986513
"220607_04","220708_10","Veragua","Soberanía","Veragua vs Soberanía","CLR-Aitchison",17.6993735758022
"220609_01","220708_10","Veragua","Soberanía","Veragua vs Soberanía","CLR-Aitchison",18.9927319559224
"220609_02","220708_10","Veragua","Soberanía","Veragua vs Soberanía","CLR-Aitchison",21.0899019304708
"220609_03","220708_10","Veragua","Soberanía","Veragua vs Soberanía","CLR-Aitchison",20.7967813034675
"220609_04","220708_10","Veragua","Soberanía","Veragua vs Soberanía","CLR-Aitchison",16.2313731900152
"220609_07","220708_10","Veragua","Soberanía","Veragua vs Soberanía","CLR-Aitchison",22.7406371248673
"220707_11","220708_01","Campana","Soberanía","Campana vs Soberanía","CLR-Aitchison",14.1453118975048
"220707_12","220708_01","Campana","Soberanía","Campana vs Soberanía","CLR-Aitchison",10.4320720427913
"220707_13","220708_01","Campana","Soberanía","Campana vs Soberanía","CLR-Aitchison",11.8883564744264
"220707_14","220708_01","Campana","Soberanía","Campana vs Soberanía","CLR-Aitchison",13.8135542526802
"220707_15","220708_01","Campana","Soberanía","Campana vs Soberanía","CLR-Aitchison",9.3676174932005
"220707_16","220708_01","Campana","Soberanía","Campana vs Soberanía","CLR-Aitchison",10.9870961367036
"220707_17","220708_01","Campana","Soberanía","Campana vs Soberanía","CLR-Aitchison",12.8293044131131
"220707_18","220708_01","Campana","Soberanía","Campana vs Soberanía","CLR-Aitchison",12.8931266900811
"220707_19","220708_01","Campana","Soberanía","Campana vs Soberanía","CLR-Aitchison",14.3199326578835
"220707_20","220708_01","Campana","Soberanía","Campana vs Soberanía","CLR-Aitchison",13.2924401366365
"220707_11","220708_02","Campana","Soberanía","Campana vs Soberanía","CLR-Aitchison",16.5159075037104
"220707_12","220708_02","Campana","Soberanía","Campana vs Soberanía","CLR-Aitchison",15.2364230367448
"220707_13","220708_02","Campana","Soberanía","Campana vs Soberanía","CLR-Aitchison",14.1153285192256
"220707_14","220708_02","Campana","Soberanía","Campana vs Soberanía","CLR-Aitchison",14.6348674896187
"220707_15","220708_02","Campana","Soberanía","Campana vs Soberanía","CLR-Aitchison",14.3406867890146
"220707_16","220708_02","Campana","Soberanía","Campana vs Soberanía","CLR-Aitchison",12.9548406005544
"220707_17","220708_02","Campana","Soberanía","Campana vs Soberanía","CLR-Aitchison",14.2502374932609
"220707_18","220708_02","Campana","Soberanía","Campana vs Soberanía","CLR-Aitchison",12.3604496996437
"220707_19","220708_02","Campana","Soberanía","Campana vs Soberanía","CLR-Aitchison",15.3037386304493
"220707_20","220708_02","Campana","Soberanía","Campana vs Soberanía","CLR-Aitchison",15.2688234934736
"220707_11","220708_03","Campana","Soberanía","Campana vs Soberanía","CLR-Aitchison",12.8760099465781
"220707_12","220708_03","Campana","Soberanía","Campana vs Soberanía","CLR-Aitchison",11.0966733676286
"220707_13","220708_03","Campana","Soberanía","Campana vs Soberanía","CLR-Aitchison",13.7278688952292
"220707_14","220708_03","Campana","Soberanía","Campana vs Soberanía","CLR-Aitchison",12.929840124839
"220707_15","220708_03","Campana","Soberanía","Campana vs Soberanía","CLR-Aitchison",10.6794598817386
"220707_16","220708_03","Campana","Soberanía","Campana vs Soberanía","CLR-Aitchison",9.94673134106375
"220707_17","220708_03","Campana","Soberanía","Campana vs Soberanía","CLR-Aitchison",14.6905438914798
"220707_18","220708_03","Campana","Soberanía","Campana vs Soberanía","CLR-Aitchison",12.139376667291
"220707_19","220708_03","Campana","Soberanía","Campana vs Soberanía","CLR-Aitchison",13.7486874094264
"220707_20","220708_03","Campana","Soberanía","Campana vs Soberanía","CLR-Aitchison",12.8147997515675
"220707_11","220708_04","Campana","Soberanía","Campana vs Soberanía","CLR-Aitchison",16.4795748348143
"220707_12","220708_04","Campana","Soberanía","Campana vs Soberanía","CLR-Aitchison",14.1785577148808
"220707_13","220708_04","Campana","Soberanía","Campana vs Soberanía","CLR-Aitchison",14.4761998272546
"220707_14","220708_04","Campana","Soberanía","Campana vs Soberanía","CLR-Aitchison",15.7483659459377
"220707_15","220708_04","Campana","Soberanía","Campana vs Soberanía","CLR-Aitchison",14.62370782751
"220707_16","220708_04","Campana","Soberanía","Campana vs Soberanía","CLR-Aitchison",12.8409053059482
"220707_17","220708_04","Campana","Soberanía","Campana vs Soberanía","CLR-Aitchison",13.5978465495667
"220707_18","220708_04","Campana","Soberanía","Campana vs Soberanía","CLR-Aitchison",12.3871967841303
"220707_19","220708_04","Campana","Soberanía","Campana vs Soberanía","CLR-Aitchison",15.388579617731
"220707_20","220708_04","Campana","Soberanía","Campana vs Soberanía","CLR-Aitchison",14.6208390417828
"220707_11","220708_05","Campana","Soberanía","Campana vs Soberanía","CLR-Aitchison",16.360924364868
"220707_12","220708_05","Campana","Soberanía","Campana vs Soberanía","CLR-Aitchison",15.1036833654918
"220707_13","220708_05","Campana","Soberanía","Campana vs Soberanía","CLR-Aitchison",15.4691797517849
"220707_14","220708_05","Campana","Soberanía","Campana vs Soberanía","CLR-Aitchison",15.7172438561729
"220707_15","220708_05","Campana","Soberanía","Campana vs Soberanía","CLR-Aitchison",11.5616018125348
"220707_16","220708_05","Campana","Soberanía","Campana vs Soberanía","CLR-Aitchison",14.9268367876424
"220707_17","220708_05","Campana","Soberanía","Campana vs Soberanía","CLR-Aitchison",15.001223338981
"220707_18","220708_05","Campana","Soberanía","Campana vs Soberanía","CLR-Aitchison",14.7625889576494
"220707_19","220708_05","Campana","Soberanía","Campana vs Soberanía","CLR-Aitchison",14.2183164273233
"220707_20","220708_05","Campana","Soberanía","Campana vs Soberanía","CLR-Aitchison",13.2960506528279
"220707_11","220708_06","Campana","Soberanía","Campana vs Soberanía","CLR-Aitchison",15.0081747659033
"220707_12","220708_06","Campana","Soberanía","Campana vs Soberanía","CLR-Aitchison",14.7766325670192
"220707_13","220708_06","Campana","Soberanía","Campana vs Soberanía","CLR-Aitchison",13.6444796369862
"220707_14","220708_06","Campana","Soberanía","Campana vs Soberanía","CLR-Aitchison",12.8392957944056
"220707_15","220708_06","Campana","Soberanía","Campana vs Soberanía","CLR-Aitchison",14.3030307080063
"220707_16","220708_06","Campana","Soberanía","Campana vs Soberanía","CLR-Aitchison",12.4176603210091
"220707_17","220708_06","Campana","Soberanía","Campana vs Soberanía","CLR-Aitchison",15.8314515983232
"220707_18","220708_06","Campana","Soberanía","Campana vs Soberanía","CLR-Aitchison",13.2817919779375
"220707_19","220708_06","Campana","Soberanía","Campana vs Soberanía","CLR-Aitchison",14.2615369396781
"220707_20","220708_06","Campana","Soberanía","Campana vs Soberanía","CLR-Aitchison",13.8700287226808
"220707_11","220708_07","Campana","Soberanía","Campana vs Soberanía","CLR-Aitchison",16.9877992664275
"220707_12","220708_07","Campana","Soberanía","Campana vs Soberanía","CLR-Aitchison",15.7350795954128
"220707_13","220708_07","Campana","Soberanía","Campana vs Soberanía","CLR-Aitchison",15.521775651782
"220707_14","220708_07","Campana","Soberanía","Campana vs Soberanía","CLR-Aitchison",14.2917784563041
"220707_15","220708_07","Campana","Soberanía","Campana vs Soberanía","CLR-Aitchison",13.7673885496578
"220707_16","220708_07","Campana","Soberanía","Campana vs Soberanía","CLR-Aitchison",13.8962336831696
"220707_17","220708_07","Campana","Soberanía","Campana vs Soberanía","CLR-Aitchison",17.3266663794983
"220707_18","220708_07","Campana","Soberanía","Campana vs Soberanía","CLR-Aitchison",15.9637893278139
"220707_19","220708_07","Campana","Soberanía","Campana vs Soberanía","CLR-Aitchison",14.1595302395662
"220707_20","220708_07","Campana","Soberanía","Campana vs Soberanía","CLR-Aitchison",14.7010183901662
"220707_11","220708_08","Campana","Soberanía","Campana vs Soberanía","CLR-Aitchison",14.0449615917995
"220707_12","220708_08","Campana","Soberanía","Campana vs Soberanía","CLR-Aitchison",12.426975860626
"220707_13","220708_08","Campana","Soberanía","Campana vs Soberanía","CLR-Aitchison",12.913412071301
"220707_14","220708_08","Campana","Soberanía","Campana vs Soberanía","CLR-Aitchison",13.9288449099996
"220707_15","220708_08","Campana","Soberanía","Campana vs Soberanía","CLR-Aitchison",11.3859816664151
"220707_16","220708_08","Campana","Soberanía","Campana vs Soberanía","CLR-Aitchison",10.5034076111606
"220707_17","220708_08","Campana","Soberanía","Campana vs Soberanía","CLR-Aitchison",14.376605563048
"220707_18","220708_08","Campana","Soberanía","Campana vs Soberanía","CLR-Aitchison",13.9536269504726
"220707_19","220708_08","Campana","Soberanía","Campana vs Soberanía","CLR-Aitchison",13.1248764182116
"220707_20","220708_08","Campana","Soberanía","Campana vs Soberanía","CLR-Aitchison",12.593534150849
"220707_11","220708_09","Campana","Soberanía","Campana vs Soberanía","CLR-Aitchison",12.104470755771
"220707_12","220708_09","Campana","Soberanía","Campana vs Soberanía","CLR-Aitchison",12.0126980171252
"220707_13","220708_09","Campana","Soberanía","Campana vs Soberanía","CLR-Aitchison",11.761785653109
"220707_14","220708_09","Campana","Soberanía","Campana vs Soberanía","CLR-Aitchison",14.2320394604748
"220707_15","220708_09","Campana","Soberanía","Campana vs Soberanía","CLR-Aitchison",12.7416561009952
"220707_16","220708_09","Campana","Soberanía","Campana vs Soberanía","CLR-Aitchison",11.4300731991289
"220707_17","220708_09","Campana","Soberanía","Campana vs Soberanía","CLR-Aitchison",16.4169854200646
"220707_18","220708_09","Campana","Soberanía","Campana vs Soberanía","CLR-Aitchison",15.0659988129109
"220707_19","220708_09","Campana","Soberanía","Campana vs Soberanía","CLR-Aitchison",15.5398412289939
"220707_20","220708_09","Campana","Soberanía","Campana vs Soberanía","CLR-Aitchison",15.0085023960573
"220707_11","220708_10","Campana","Soberanía","Campana vs Soberanía","CLR-Aitchison",17.3178411110684
"220707_12","220708_10","Campana","Soberanía","Campana vs Soberanía","CLR-Aitchison",17.0610503774475
"220707_13","220708_10","Campana","Soberanía","Campana vs Soberanía","CLR-Aitchison",17.7276128594526
"220707_14","220708_10","Campana","Soberanía","Campana vs Soberanía","CLR-Aitchison",18.7589584966219
"220707_15","220708_10","Campana","Soberanía","Campana vs Soberanía","CLR-Aitchison",16.9255892348752
"220707_16","220708_10","Campana","Soberanía","Campana vs Soberanía","CLR-Aitchison",17.2897757933436
"220707_17","220708_10","Campana","Soberanía","Campana vs Soberanía","CLR-Aitchison",16.5356060770134
"220707_18","220708_10","Campana","Soberanía","Campana vs Soberanía","CLR-Aitchison",18.3548159284893
"220707_19","220708_10","Campana","Soberanía","Campana vs Soberanía","CLR-Aitchison",16.480525047345
"220707_20","220708_10","Campana","Soberanía","Campana vs Soberanía","CLR-Aitchison",16.5885431126635
"250607_01","220604_01","Lost","Veragua","Lost vs Veragua","Robust Aitchison",5.87012231499664
"250607_02","220604_01","Lost","Veragua","Lost vs Veragua","Robust Aitchison",3.94114752432286
"250607_03","220604_01","Lost","Veragua","Lost vs Veragua","Robust Aitchison",4.35070952655109
"250607_04","220604_01","Lost","Veragua","Lost vs Veragua","Robust Aitchison",3.0687022426551
"250607_05","220604_01","Lost","Veragua","Lost vs Veragua","Robust Aitchison",2.07842842749916
"250607_07","220604_01","Lost","Veragua","Lost vs Veragua","Robust Aitchison",1.71778231888823
"250607_08","220604_01","Lost","Veragua","Lost vs Veragua","Robust Aitchison",3.41852200788902
"250607_09","220604_01","Lost","Veragua","Lost vs Veragua","Robust Aitchison",1.7005184742749
"250607_10","220604_01","Lost","Veragua","Lost vs Veragua","Robust Aitchison",8.22769091137872
"250607_01","220604_02","Lost","Veragua","Lost vs Veragua","Robust Aitchison",7.25122193516323
"250607_02","220604_02","Lost","Veragua","Lost vs Veragua","Robust Aitchison",1.77309650416775
"250607_03","220604_02","Lost","Veragua","Lost vs Veragua","Robust Aitchison",5.92519990109237
"250607_04","220604_02","Lost","Veragua","Lost vs Veragua","Robust Aitchison",2.12377068695011
"250607_05","220604_02","Lost","Veragua","Lost vs Veragua","Robust Aitchison",3.98739634176252
"250607_07","220604_02","Lost","Veragua","Lost vs Veragua","Robust Aitchison",3.92955741996076
"250607_08","220604_02","Lost","Veragua","Lost vs Veragua","Robust Aitchison",5.65445945387439
"250607_09","220604_02","Lost","Veragua","Lost vs Veragua","Robust Aitchison",3.6724292944779
"250607_10","220604_02","Lost","Veragua","Lost vs Veragua","Robust Aitchison",9.3666594326403
"250607_01","220604_03","Lost","Veragua","Lost vs Veragua","Robust Aitchison",8.21734891064821
"250607_02","220604_03","Lost","Veragua","Lost vs Veragua","Robust Aitchison",9.95004817307017
"250607_03","220604_03","Lost","Veragua","Lost vs Veragua","Robust Aitchison",9.73289602776856
"250607_04","220604_03","Lost","Veragua","Lost vs Veragua","Robust Aitchison",12.6774509584911
"250607_05","220604_03","Lost","Veragua","Lost vs Veragua","Robust Aitchison",9.75147704413421
"250607_07","220604_03","Lost","Veragua","Lost vs Veragua","Robust Aitchison",12.2345896634071
"250607_08","220604_03","Lost","Veragua","Lost vs Veragua","Robust Aitchison",11.8570803677223
"250607_09","220604_03","Lost","Veragua","Lost vs Veragua","Robust Aitchison",10.7852880272758
"250607_10","220604_03","Lost","Veragua","Lost vs Veragua","Robust Aitchison",6.36546728674476
"250607_01","220604_04","Lost","Veragua","Lost vs Veragua","Robust Aitchison",5.98037753597422
"250607_02","220604_04","Lost","Veragua","Lost vs Veragua","Robust Aitchison",2.274038473383
"250607_03","220604_04","Lost","Veragua","Lost vs Veragua","Robust Aitchison",5.30539062834134
"250607_04","220604_04","Lost","Veragua","Lost vs Veragua","Robust Aitchison",3.96523750793515
"250607_05","220604_04","Lost","Veragua","Lost vs Veragua","Robust Aitchison",3.12339026980505
"250607_07","220604_04","Lost","Veragua","Lost vs Veragua","Robust Aitchison",4.43943813845724
"250607_08","220604_04","Lost","Veragua","Lost vs Veragua","Robust Aitchison",5.75392826755158
"250607_09","220604_04","Lost","Veragua","Lost vs Veragua","Robust Aitchison",3.79446171149956
"250607_10","220604_04","Lost","Veragua","Lost vs Veragua","Robust Aitchison",7.54255881855053
"250607_01","220604_05","Lost","Veragua","Lost vs Veragua","Robust Aitchison",5.31696319229328
"250607_02","220604_05","Lost","Veragua","Lost vs Veragua","Robust Aitchison",7.62248802901335
"250607_03","220604_05","Lost","Veragua","Lost vs Veragua","Robust Aitchison",4.69948324870335
"250607_04","220604_05","Lost","Veragua","Lost vs Veragua","Robust Aitchison",6.69988206818836
"250607_05","220604_05","Lost","Veragua","Lost vs Veragua","Robust Aitchison",2.90324675685427
"250607_07","220604_05","Lost","Veragua","Lost vs Veragua","Robust Aitchison",3.36598300320865
"250607_08","220604_05","Lost","Veragua","Lost vs Veragua","Robust Aitchison",3.54622938305354
"250607_09","220604_05","Lost","Veragua","Lost vs Veragua","Robust Aitchison",3.96516639540529
"250607_10","220604_05","Lost","Veragua","Lost vs Veragua","Robust Aitchison",6.97924782143457
"250607_01","220604_06","Lost","Veragua","Lost vs Veragua","Robust Aitchison",3.70336792316199
"250607_02","220604_06","Lost","Veragua","Lost vs Veragua","Robust Aitchison",5.1845437882051
"250607_03","220604_06","Lost","Veragua","Lost vs Veragua","Robust Aitchison",3.04358952903932
"250607_04","220604_06","Lost","Veragua","Lost vs Veragua","Robust Aitchison",5.53347105194565
"250607_05","220604_06","Lost","Veragua","Lost vs Veragua","Robust Aitchison",0.76851297759813
"250607_07","220604_06","Lost","Veragua","Lost vs Veragua","Robust Aitchison",3.33766439083472
"250607_08","220604_06","Lost","Veragua","Lost vs Veragua","Robust Aitchison",3.31520859954389
"250607_09","220604_06","Lost","Veragua","Lost vs Veragua","Robust Aitchison",2.30283932053269
"250607_10","220604_06","Lost","Veragua","Lost vs Veragua","Robust Aitchison",5.64198704945916
"250607_01","220604_07","Lost","Veragua","Lost vs Veragua","Robust Aitchison",6.28917054695889
"250607_02","220604_07","Lost","Veragua","Lost vs Veragua","Robust Aitchison",5.9671358440073
"250607_03","220604_07","Lost","Veragua","Lost vs Veragua","Robust Aitchison",4.73393263189449
"250607_04","220604_07","Lost","Veragua","Lost vs Veragua","Robust Aitchison",4.24556866899044
"250607_05","220604_07","Lost","Veragua","Lost vs Veragua","Robust Aitchison",2.66015698395691
"250607_07","220604_07","Lost","Veragua","Lost vs Veragua","Robust Aitchison",0.646880851826845
"250607_08","220604_07","Lost","Veragua","Lost vs Veragua","Robust Aitchison",2.7481962497821
"250607_09","220604_07","Lost","Veragua","Lost vs Veragua","Robust Aitchison",2.45619956518438
"250607_10","220604_07","Lost","Veragua","Lost vs Veragua","Robust Aitchison",8.67856990802491
"250607_01","220606_02","Lost","Veragua","Lost vs Veragua","Robust Aitchison",5.53908505694856
"250607_02","220606_02","Lost","Veragua","Lost vs Veragua","Robust Aitchison",6.71197449260446
"250607_03","220606_02","Lost","Veragua","Lost vs Veragua","Robust Aitchison",4.53572998291682
"250607_04","220606_02","Lost","Veragua","Lost vs Veragua","Robust Aitchison",5.54512048088252
"250607_05","220606_02","Lost","Veragua","Lost vs Veragua","Robust Aitchison",2.25534600292696
"250607_07","220606_02","Lost","Veragua","Lost vs Veragua","Robust Aitchison",2.15416677460156
"250607_08","220606_02","Lost","Veragua","Lost vs Veragua","Robust Aitchison",3.06717159318016
"250607_09","220606_02","Lost","Veragua","Lost vs Veragua","Robust Aitchison",3.12827215209271
"250607_10","220606_02","Lost","Veragua","Lost vs Veragua","Robust Aitchison",7.51247956005237
"250607_01","220606_04","Lost","Veragua","Lost vs Veragua","Robust Aitchison",9.1190917579537
"250607_02","220606_04","Lost","Veragua","Lost vs Veragua","Robust Aitchison",8.39320331232185
"250607_03","220606_04","Lost","Veragua","Lost vs Veragua","Robust Aitchison",8.71277841412072
"250607_04","220606_04","Lost","Veragua","Lost vs Veragua","Robust Aitchison",6.87136022940503
"250607_05","220606_04","Lost","Veragua","Lost vs Veragua","Robust Aitchison",5.75211787080353
"250607_07","220606_04","Lost","Veragua","Lost vs Veragua","Robust Aitchison",5.42653217476832
"250607_08","220606_04","Lost","Veragua","Lost vs Veragua","Robust Aitchison",7.67430767891393
"250607_09","220606_04","Lost","Veragua","Lost vs Veragua","Robust Aitchison",7.18043005551019
"250607_10","220606_04","Lost","Veragua","Lost vs Veragua","Robust Aitchison",10.0842220888936
"250607_01","220607_01","Lost","Veragua","Lost vs Veragua","Robust Aitchison",8.82384672100001
"250607_02","220607_01","Lost","Veragua","Lost vs Veragua","Robust Aitchison",8.90741318569247
"250607_03","220607_01","Lost","Veragua","Lost vs Veragua","Robust Aitchison",8.38099274224719
"250607_04","220607_01","Lost","Veragua","Lost vs Veragua","Robust Aitchison",7.25808071289518
"250607_05","220607_01","Lost","Veragua","Lost vs Veragua","Robust Aitchison",5.64594306842726
"250607_07","220607_01","Lost","Veragua","Lost vs Veragua","Robust Aitchison",5.20466475675332
"250607_08","220607_01","Lost","Veragua","Lost vs Veragua","Robust Aitchison",7.15004424517625
"250607_09","220607_01","Lost","Veragua","Lost vs Veragua","Robust Aitchison",6.98790976859002
"250607_10","220607_01","Lost","Veragua","Lost vs Veragua","Robust Aitchison",9.87881199890393
"250607_01","220607_02","Lost","Veragua","Lost vs Veragua","Robust Aitchison",6.59294990548008
"250607_02","220607_02","Lost","Veragua","Lost vs Veragua","Robust Aitchison",1.87055910464046
"250607_03","220607_02","Lost","Veragua","Lost vs Veragua","Robust Aitchison",5.84957856728382
"250607_04","220607_02","Lost","Veragua","Lost vs Veragua","Robust Aitchison",3.59617261695505
"250607_05","220607_02","Lost","Veragua","Lost vs Veragua","Robust Aitchison",3.59755338735334
"250607_07","220607_02","Lost","Veragua","Lost vs Veragua","Robust Aitchison",4.59406651414372
"250607_08","220607_02","Lost","Veragua","Lost vs Veragua","Robust Aitchison",6.16447339363877
"250607_09","220607_02","Lost","Veragua","Lost vs Veragua","Robust Aitchison",4.16870792387828
"250607_10","220607_02","Lost","Veragua","Lost vs Veragua","Robust Aitchison",8.158057115426
"250607_01","220607_03","Lost","Veragua","Lost vs Veragua","Robust Aitchison",6.61545247525603
"250607_02","220607_03","Lost","Veragua","Lost vs Veragua","Robust Aitchison",3.31415139187278
"250607_03","220607_03","Lost","Veragua","Lost vs Veragua","Robust Aitchison",5.88108998687077
"250607_04","220607_03","Lost","Veragua","Lost vs Veragua","Robust Aitchison",3.4859186017764
"250607_05","220607_03","Lost","Veragua","Lost vs Veragua","Robust Aitchison",2.96280965499071
"250607_07","220607_03","Lost","Veragua","Lost vs Veragua","Robust Aitchison",3.70298341816604
"250607_08","220607_03","Lost","Veragua","Lost vs Veragua","Robust Aitchison",5.74770633741692
"250607_09","220607_03","Lost","Veragua","Lost vs Veragua","Robust Aitchison",4.00598382216166
"250607_10","220607_03","Lost","Veragua","Lost vs Veragua","Robust Aitchison",8.15025702142264
"250607_01","220607_04","Lost","Veragua","Lost vs Veragua","Robust Aitchison",7.05251693813937
"250607_02","220607_04","Lost","Veragua","Lost vs Veragua","Robust Aitchison",7.56753985688959
"250607_03","220607_04","Lost","Veragua","Lost vs Veragua","Robust Aitchison",6.17309066134231
"250607_04","220607_04","Lost","Veragua","Lost vs Veragua","Robust Aitchison",5.84894219509654
"250607_05","220607_04","Lost","Veragua","Lost vs Veragua","Robust Aitchison",3.66228454310075
"250607_07","220607_04","Lost","Veragua","Lost vs Veragua","Robust Aitchison",2.83910134768071
"250607_08","220607_04","Lost","Veragua","Lost vs Veragua","Robust Aitchison",4.55801367704012
"250607_09","220607_04","Lost","Veragua","Lost vs Veragua","Robust Aitchison",4.62052744955374
"250607_10","220607_04","Lost","Veragua","Lost vs Veragua","Robust Aitchison",8.75971324770655
"250607_01","220609_01","Lost","Veragua","Lost vs Veragua","Robust Aitchison",6.463358462065
"250607_02","220609_01","Lost","Veragua","Lost vs Veragua","Robust Aitchison",3.85682952147132
"250607_03","220609_01","Lost","Veragua","Lost vs Veragua","Robust Aitchison",6.23254115984585
"250607_04","220609_01","Lost","Veragua","Lost vs Veragua","Robust Aitchison",5.00440479686073
"250607_05","220609_01","Lost","Veragua","Lost vs Veragua","Robust Aitchison",3.68671374355781
"250607_07","220609_01","Lost","Veragua","Lost vs Veragua","Robust Aitchison",5.12416472426301
"250607_08","220609_01","Lost","Veragua","Lost vs Veragua","Robust Aitchison",6.66535140696147
"250607_09","220609_01","Lost","Veragua","Lost vs Veragua","Robust Aitchison",4.98975418789892
"250607_10","220609_01","Lost","Veragua","Lost vs Veragua","Robust Aitchison",7.44664308986289
"250607_01","220609_02","Lost","Veragua","Lost vs Veragua","Robust Aitchison",5.04505973866724
"250607_02","220609_02","Lost","Veragua","Lost vs Veragua","Robust Aitchison",4.51031550231491
"250607_03","220609_02","Lost","Veragua","Lost vs Veragua","Robust Aitchison",5.35899606864735
"250607_04","220609_02","Lost","Veragua","Lost vs Veragua","Robust Aitchison",6.56816465415051
"250607_05","220609_02","Lost","Veragua","Lost vs Veragua","Robust Aitchison",3.95107051328426
"250607_07","220609_02","Lost","Veragua","Lost vs Veragua","Robust Aitchison",6.1759532327582
"250607_08","220609_02","Lost","Veragua","Lost vs Veragua","Robust Aitchison",6.63980075092906
"250607_09","220609_02","Lost","Veragua","Lost vs Veragua","Robust Aitchison",5.11356990139101
"250607_10","220609_02","Lost","Veragua","Lost vs Veragua","Robust Aitchison",5.61920344019289
"250607_01","220609_03","Lost","Veragua","Lost vs Veragua","Robust Aitchison",5.46194724584936
"250607_02","220609_03","Lost","Veragua","Lost vs Veragua","Robust Aitchison",4.49052859207026
"250607_03","220609_03","Lost","Veragua","Lost vs Veragua","Robust Aitchison",4.9324088016331
"250607_04","220609_03","Lost","Veragua","Lost vs Veragua","Robust Aitchison",4.63260972939942
"250607_05","220609_03","Lost","Veragua","Lost vs Veragua","Robust Aitchison",1.92458306969876
"250607_07","220609_03","Lost","Veragua","Lost vs Veragua","Robust Aitchison",3.42327638904965
"250607_08","220609_03","Lost","Veragua","Lost vs Veragua","Robust Aitchison",4.88682532774914
"250607_09","220609_03","Lost","Veragua","Lost vs Veragua","Robust Aitchison",3.49831907659588
"250607_10","220609_03","Lost","Veragua","Lost vs Veragua","Robust Aitchison",6.92727413690021
"250607_01","220609_04","Lost","Veragua","Lost vs Veragua","Robust Aitchison",5.8171023573757
"250607_02","220609_04","Lost","Veragua","Lost vs Veragua","Robust Aitchison",5.84804859546532
"250607_03","220609_04","Lost","Veragua","Lost vs Veragua","Robust Aitchison",5.44525879621891
"250607_04","220609_04","Lost","Veragua","Lost vs Veragua","Robust Aitchison",5.46514809319508
"250607_05","220609_04","Lost","Veragua","Lost vs Veragua","Robust Aitchison",2.50208000762766
"250607_07","220609_04","Lost","Veragua","Lost vs Veragua","Robust Aitchison",3.60720183480345
"250607_08","220609_04","Lost","Veragua","Lost vs Veragua","Robust Aitchison",5.08682226017232
"250607_09","220609_04","Lost","Veragua","Lost vs Veragua","Robust Aitchison",4.20811346983799
"250607_10","220609_04","Lost","Veragua","Lost vs Veragua","Robust Aitchison",7.06850458876749
"250607_01","220609_07","Lost","Veragua","Lost vs Veragua","Robust Aitchison",8.93758566962206
"250607_02","220609_07","Lost","Veragua","Lost vs Veragua","Robust Aitchison",3.39229582919559
"250607_03","220609_07","Lost","Veragua","Lost vs Veragua","Robust Aitchison",7.67219668338344
"250607_04","220609_07","Lost","Veragua","Lost vs Veragua","Robust Aitchison",1.01727693533656
"250607_05","220609_07","Lost","Veragua","Lost vs Veragua","Robust Aitchison",4.99875263773795
"250607_07","220609_07","Lost","Veragua","Lost vs Veragua","Robust Aitchison",4.0814410739896
"250607_08","220609_07","Lost","Veragua","Lost vs Veragua","Robust Aitchison",6.85356114096659
"250607_09","220609_07","Lost","Veragua","Lost vs Veragua","Robust Aitchison",5.14552655031858
"250607_10","220609_07","Lost","Veragua","Lost vs Veragua","Robust Aitchison",10.8866260945318
"250607_01","220707_11","Lost","Campana","Lost vs Campana","Robust Aitchison",7.64878728746752
"250607_02","220707_11","Lost","Campana","Lost vs Campana","Robust Aitchison",5.10613060883878
"250607_03","220707_11","Lost","Campana","Lost vs Campana","Robust Aitchison",6.62541196076915
"250607_04","220707_11","Lost","Campana","Lost vs Campana","Robust Aitchison",3.26589180007331
"250607_05","220707_11","Lost","Campana","Lost vs Campana","Robust Aitchison",3.44443658895782
"250607_07","220707_11","Lost","Campana","Lost vs Campana","Robust Aitchison",2.55565747195024
"250607_08","220707_11","Lost","Campana","Lost vs Campana","Robust Aitchison",5.51797588046387
"250607_09","220707_11","Lost","Campana","Lost vs Campana","Robust Aitchison",4.34798544520533
"250607_10","220707_11","Lost","Campana","Lost vs Campana","Robust Aitchison",9.40836138733456
"250607_01","220707_12","Lost","Campana","Lost vs Campana","Robust Aitchison",7.18590747559475
"250607_02","220707_12","Lost","Campana","Lost vs Campana","Robust Aitchison",6.00222601918092
"250607_03","220707_12","Lost","Campana","Lost vs Campana","Robust Aitchison",7.0294377578454
"250607_04","220707_12","Lost","Campana","Lost vs Campana","Robust Aitchison",5.83188875645647
"250607_05","220707_12","Lost","Campana","Lost vs Campana","Robust Aitchison",4.0936406910449
"250607_07","220707_12","Lost","Campana","Lost vs Campana","Robust Aitchison",5.00389368511671
"250607_08","220707_12","Lost","Campana","Lost vs Campana","Robust Aitchison",6.87366264690076
"250607_09","220707_12","Lost","Campana","Lost vs Campana","Robust Aitchison",5.74703573552876
"250607_10","220707_12","Lost","Campana","Lost vs Campana","Robust Aitchison",7.98469286913649
"250607_01","220707_13","Lost","Campana","Lost vs Campana","Robust Aitchison",8.03006967524466
"250607_02","220707_13","Lost","Campana","Lost vs Campana","Robust Aitchison",9.01042781394085
"250607_03","220707_13","Lost","Campana","Lost vs Campana","Robust Aitchison",8.42322382614641
"250607_04","220707_13","Lost","Campana","Lost vs Campana","Robust Aitchison",8.78852465891766
"250607_05","220707_13","Lost","Campana","Lost vs Campana","Robust Aitchison",6.09620005818768
"250607_07","220707_13","Lost","Campana","Lost vs Campana","Robust Aitchison",7.13597448362193
"250607_08","220707_13","Lost","Campana","Lost vs Campana","Robust Aitchison",8.33957948249368
"250607_09","220707_13","Lost","Campana","Lost vs Campana","Robust Aitchison",7.85324067830564
"250607_10","220707_13","Lost","Campana","Lost vs Campana","Robust Aitchison",8.01852565516479
"250607_01","220707_14","Lost","Campana","Lost vs Campana","Robust Aitchison",6.57143246573354
"250607_02","220707_14","Lost","Campana","Lost vs Campana","Robust Aitchison",3.89399116816083
"250607_03","220707_14","Lost","Campana","Lost vs Campana","Robust Aitchison",6.18424945049066
"250607_04","220707_14","Lost","Campana","Lost vs Campana","Robust Aitchison",4.54743248692613
"250607_05","220707_14","Lost","Campana","Lost vs Campana","Robust Aitchison",3.39039685692943
"250607_07","220707_14","Lost","Campana","Lost vs Campana","Robust Aitchison",4.57701002579492
"250607_08","220707_14","Lost","Campana","Lost vs Campana","Robust Aitchison",6.35479052340822
"250607_09","220707_14","Lost","Campana","Lost vs Campana","Robust Aitchison",4.71415277185835
"250607_10","220707_14","Lost","Campana","Lost vs Campana","Robust Aitchison",7.7224633916719
"250607_01","220707_15","Lost","Campana","Lost vs Campana","Robust Aitchison",8.72014435756496
"250607_02","220707_15","Lost","Campana","Lost vs Campana","Robust Aitchison",8.21961683278319
"250607_03","220707_15","Lost","Campana","Lost vs Campana","Robust Aitchison",8.82167563517495
"250607_04","220707_15","Lost","Campana","Lost vs Campana","Robust Aitchison",7.77427753764266
"250607_05","220707_15","Lost","Campana","Lost vs Campana","Robust Aitchison",6.05524669733885
"250607_07","220707_15","Lost","Campana","Lost vs Campana","Robust Aitchison",6.73542037378163
"250607_08","220707_15","Lost","Campana","Lost vs Campana","Robust Aitchison",8.54942213961172
"250607_09","220707_15","Lost","Campana","Lost vs Campana","Robust Aitchison",7.76136447454878
"250607_10","220707_15","Lost","Campana","Lost vs Campana","Robust Aitchison",9.03361500742716
"250607_01","220707_16","Lost","Campana","Lost vs Campana","Robust Aitchison",7.39793617124832
"250607_02","220707_16","Lost","Campana","Lost vs Campana","Robust Aitchison",5.50528164912563
"250607_03","220707_16","Lost","Campana","Lost vs Campana","Robust Aitchison",6.77219709958808
"250607_04","220707_16","Lost","Campana","Lost vs Campana","Robust Aitchison",4.48199025940189
"250607_05","220707_16","Lost","Campana","Lost vs Campana","Robust Aitchison",3.55783370455785
"250607_07","220707_16","Lost","Campana","Lost vs Campana","Robust Aitchison",3.63410809340921
"250607_08","220707_16","Lost","Campana","Lost vs Campana","Robust Aitchison",6.0805653041174
"250607_09","220707_16","Lost","Campana","Lost vs Campana","Robust Aitchison",4.94365644569918
"250607_10","220707_16","Lost","Campana","Lost vs Campana","Robust Aitchison",8.7387399198722
"250607_01","220707_17","Lost","Campana","Lost vs Campana","Robust Aitchison",4.44713119368843
"250607_02","220707_17","Lost","Campana","Lost vs Campana","Robust Aitchison",6.52596089437425
"250607_03","220707_17","Lost","Campana","Lost vs Campana","Robust Aitchison",5.46171744762406
"250607_04","220707_17","Lost","Campana","Lost vs Campana","Robust Aitchison",8.25823816549599
"250607_05","220707_17","Lost","Campana","Lost vs Campana","Robust Aitchison",4.62360544172258
"250607_07","220707_17","Lost","Campana","Lost vs Campana","Robust Aitchison",7.08115803450749
"250607_08","220707_17","Lost","Campana","Lost vs Campana","Robust Aitchison",6.97832647061397
"250607_09","220707_17","Lost","Campana","Lost vs Campana","Robust Aitchison",5.97739934491059
"250607_10","220707_17","Lost","Campana","Lost vs Campana","Robust Aitchison",4.10666282712449
"250607_01","220707_18","Lost","Campana","Lost vs Campana","Robust Aitchison",5.13268866922562
"250607_02","220707_18","Lost","Campana","Lost vs Campana","Robust Aitchison",3.66637036655788
"250607_03","220707_18","Lost","Campana","Lost vs Campana","Robust Aitchison",4.64390224807648
"250607_04","220707_18","Lost","Campana","Lost vs Campana","Robust Aitchison",4.63509707482813
"250607_05","220707_18","Lost","Campana","Lost vs Campana","Robust Aitchison",2.13662213545804
"250607_07","220707_18","Lost","Campana","Lost vs Campana","Robust Aitchison",3.97162353043814
"250607_08","220707_18","Lost","Campana","Lost vs Campana","Robust Aitchison",5.06471091769667
"250607_09","220707_18","Lost","Campana","Lost vs Campana","Robust Aitchison",3.39079224962459
"250607_10","220707_18","Lost","Campana","Lost vs Campana","Robust Aitchison",6.61305959182786
"250607_01","220707_19","Lost","Campana","Lost vs Campana","Robust Aitchison",7.35666729444745
"250607_02","220707_19","Lost","Campana","Lost vs Campana","Robust Aitchison",4.74807766235144
"250607_03","220707_19","Lost","Campana","Lost vs Campana","Robust Aitchison",6.72386978283257
"250607_04","220707_19","Lost","Campana","Lost vs Campana","Robust Aitchison",4.06202476683034
"250607_05","220707_19","Lost","Campana","Lost vs Campana","Robust Aitchison",3.54120628084912
"250607_07","220707_19","Lost","Campana","Lost vs Campana","Robust Aitchison",3.81858574670955
"250607_08","220707_19","Lost","Campana","Lost vs Campana","Robust Aitchison",6.24152863066344
"250607_09","220707_19","Lost","Campana","Lost vs Campana","Robust Aitchison",4.85105253458241
"250607_10","220707_19","Lost","Campana","Lost vs Campana","Robust Aitchison",8.70388372707028
"250607_01","220707_20","Lost","Campana","Lost vs Campana","Robust Aitchison",9.5406562483717
"250607_02","220707_20","Lost","Campana","Lost vs Campana","Robust Aitchison",6.30447346647678
"250607_03","220707_20","Lost","Campana","Lost vs Campana","Robust Aitchison",8.91771239519034
"250607_04","220707_20","Lost","Campana","Lost vs Campana","Robust Aitchison",4.9205511136405
"250607_05","220707_20","Lost","Campana","Lost vs Campana","Robust Aitchison",5.69016536372664
"250607_07","220707_20","Lost","Campana","Lost vs Campana","Robust Aitchison",5.29953785453213
"250607_08","220707_20","Lost","Campana","Lost vs Campana","Robust Aitchison",8.13771933967048
"250607_09","220707_20","Lost","Campana","Lost vs Campana","Robust Aitchison",6.90822287813933
"250607_10","220707_20","Lost","Campana","Lost vs Campana","Robust Aitchison",10.7122324512617
"250607_01","220708_01","Lost","Soberanía","Lost vs Soberanía","Robust Aitchison",6.70720259152802
"250607_02","220708_01","Lost","Soberanía","Lost vs Soberanía","Robust Aitchison",4.67580892363037
"250607_03","220708_01","Lost","Soberanía","Lost vs Soberanía","Robust Aitchison",5.79030573337205
"250607_04","220708_01","Lost","Soberanía","Lost vs Soberanía","Robust Aitchison",3.55812049123388
"250607_05","220708_01","Lost","Soberanía","Lost vs Soberanía","Robust Aitchison",2.56400846445329
"250607_07","220708_01","Lost","Soberanía","Lost vs Soberanía","Robust Aitchison",2.46897747696575
"250607_08","220708_01","Lost","Soberanía","Lost vs Soberanía","Robust Aitchison",4.98816760403679
"250607_09","220708_01","Lost","Soberanía","Lost vs Soberanía","Robust Aitchison",3.69549973825968
"250607_10","220708_01","Lost","Soberanía","Lost vs Soberanía","Robust Aitchison",8.42784734935156
"250607_01","220708_02","Lost","Soberanía","Lost vs Soberanía","Robust Aitchison",8.97251010178939
"250607_02","220708_02","Lost","Soberanía","Lost vs Soberanía","Robust Aitchison",1.79138315556821
"250607_03","220708_02","Lost","Soberanía","Lost vs Soberanía","Robust Aitchison",7.88724466877285
"250607_04","220708_02","Lost","Soberanía","Lost vs Soberanía","Robust Aitchison",2.65971145588917
"250607_05","220708_02","Lost","Soberanía","Lost vs Soberanía","Robust Aitchison",5.7367395299788
"250607_07","220708_02","Lost","Soberanía","Lost vs Soberanía","Robust Aitchison",5.65497165099424
"250607_08","220708_02","Lost","Soberanía","Lost vs Soberanía","Robust Aitchison",7.75391887902876
"250607_09","220708_02","Lost","Soberanía","Lost vs Soberanía","Robust Aitchison",5.75969716465994
"250607_10","220708_02","Lost","Soberanía","Lost vs Soberanía","Robust Aitchison",10.7453427241457
"250607_01","220708_03","Lost","Soberanía","Lost vs Soberanía","Robust Aitchison",9.19761746984663
"250607_02","220708_03","Lost","Soberanía","Lost vs Soberanía","Robust Aitchison",3.82852493588049
"250607_03","220708_03","Lost","Soberanía","Lost vs Soberanía","Robust Aitchison",8.51872913998325
"250607_04","220708_03","Lost","Soberanía","Lost vs Soberanía","Robust Aitchison",3.8261029225435
"250607_05","220708_03","Lost","Soberanía","Lost vs Soberanía","Robust Aitchison",5.66020852178328
"250607_07","220708_03","Lost","Soberanía","Lost vs Soberanía","Robust Aitchison",5.77757136650737
"250607_08","220708_03","Lost","Soberanía","Lost vs Soberanía","Robust Aitchison",8.31419140395501
"250607_09","220708_03","Lost","Soberanía","Lost vs Soberanía","Robust Aitchison",6.51315220363726
"250607_10","220708_03","Lost","Soberanía","Lost vs Soberanía","Robust Aitchison",10.4610019745924
"250607_01","220708_04","Lost","Soberanía","Lost vs Soberanía","Robust Aitchison",8.18791837838952
"250607_02","220708_04","Lost","Soberanía","Lost vs Soberanía","Robust Aitchison",0.922549004431667
"250607_03","220708_04","Lost","Soberanía","Lost vs Soberanía","Robust Aitchison",7.05789335570828
"250607_04","220708_04","Lost","Soberanía","Lost vs Soberanía","Robust Aitchison",2.92950494647145
"250607_05","220708_04","Lost","Soberanía","Lost vs Soberanía","Robust Aitchison",5.28509731120688
"250607_07","220708_04","Lost","Soberanía","Lost vs Soberanía","Robust Aitchison",5.45044316448206
"250607_08","220708_04","Lost","Soberanía","Lost vs Soberanía","Robust Aitchison",7.1171177285166
"250607_09","220708_04","Lost","Soberanía","Lost vs Soberanía","Robust Aitchison",5.08672026102777
"250607_10","220708_04","Lost","Soberanía","Lost vs Soberanía","Robust Aitchison",10.0657300363889
"250607_01","220708_05","Lost","Soberanía","Lost vs Soberanía","Robust Aitchison",8.77635512250406
"250607_02","220708_05","Lost","Soberanía","Lost vs Soberanía","Robust Aitchison",8.89897913332501
"250607_03","220708_05","Lost","Soberanía","Lost vs Soberanía","Robust Aitchison",8.09819464853431
"250607_04","220708_05","Lost","Soberanía","Lost vs Soberanía","Robust Aitchison",6.92178685143145
"250607_05","220708_05","Lost","Soberanía","Lost vs Soberanía","Robust Aitchison",5.46730908146712
"250607_07","220708_05","Lost","Soberanía","Lost vs Soberanía","Robust Aitchison",4.57343925142556
"250607_08","220708_05","Lost","Soberanía","Lost vs Soberanía","Robust Aitchison",6.53881388475219
"250607_09","220708_05","Lost","Soberanía","Lost vs Soberanía","Robust Aitchison",6.56829943833809
"250607_10","220708_05","Lost","Soberanía","Lost vs Soberanía","Robust Aitchison",10.1297387252
"250607_01","220708_06","Lost","Soberanía","Lost vs Soberanía","Robust Aitchison",7.7530338288622
"250607_02","220708_06","Lost","Soberanía","Lost vs Soberanía","Robust Aitchison",2.36198174588678
"250607_03","220708_06","Lost","Soberanía","Lost vs Soberanía","Robust Aitchison",6.51257044852915
"250607_04","220708_06","Lost","Soberanía","Lost vs Soberanía","Robust Aitchison",1.45514598101497
"250607_05","220708_06","Lost","Soberanía","Lost vs Soberanía","Robust Aitchison",4.0456462817639
"250607_07","220708_06","Lost","Soberanía","Lost vs Soberanía","Robust Aitchison",3.6759987176185
"250607_08","220708_06","Lost","Soberanía","Lost vs Soberanía","Robust Aitchison",5.9969424098338
"250607_09","220708_06","Lost","Soberanía","Lost vs Soberanía","Robust Aitchison",4.11407151255887
"250607_10","220708_06","Lost","Soberanía","Lost vs Soberanía","Robust Aitchison",9.73949716896137
"250607_01","220708_07","Lost","Soberanía","Lost vs Soberanía","Robust Aitchison",8.8525897497867
"250607_02","220708_07","Lost","Soberanía","Lost vs Soberanía","Robust Aitchison",3.1974387395341
"250607_03","220708_07","Lost","Soberanía","Lost vs Soberanía","Robust Aitchison",8.12745984275994
"250607_04","220708_07","Lost","Soberanía","Lost vs Soberanía","Robust Aitchison",3.51571487052943
"250607_05","220708_07","Lost","Soberanía","Lost vs Soberanía","Robust Aitchison",5.3871853810502
"250607_07","220708_07","Lost","Soberanía","Lost vs Soberanía","Robust Aitchison",5.58486582644229
"250607_08","220708_07","Lost","Soberanía","Lost vs Soberanía","Robust Aitchison",8.00110438510392
"250607_09","220708_07","Lost","Soberanía","Lost vs Soberanía","Robust Aitchison",6.13020035273776
"250607_10","220708_07","Lost","Soberanía","Lost vs Soberanía","Robust Aitchison",10.1972434910359
"250607_01","220708_08","Lost","Soberanía","Lost vs Soberanía","Robust Aitchison",7.24514183807394
"250607_02","220708_08","Lost","Soberanía","Lost vs Soberanía","Robust Aitchison",7.26611769891003
"250607_03","220708_08","Lost","Soberanía","Lost vs Soberanía","Robust Aitchison",6.75294019826368
"250607_04","220708_08","Lost","Soberanía","Lost vs Soberanía","Robust Aitchison",6.01147973809127
"250607_05","220708_08","Lost","Soberanía","Lost vs Soberanía","Robust Aitchison",3.87879822669025
"250607_07","220708_08","Lost","Soberanía","Lost vs Soberanía","Robust Aitchison",3.86384360145867
"250607_08","220708_08","Lost","Soberanía","Lost vs Soberanía","Robust Aitchison",5.76248193925774
"250607_09","220708_08","Lost","Soberanía","Lost vs Soberanía","Robust Aitchison",5.33137922263982
"250607_10","220708_08","Lost","Soberanía","Lost vs Soberanía","Robust Aitchison",8.47835815982024
"250607_01","220708_09","Lost","Soberanía","Lost vs Soberanía","Robust Aitchison",8.86113435682287
"250607_02","220708_09","Lost","Soberanía","Lost vs Soberanía","Robust Aitchison",6.37007551976604
"250607_03","220708_09","Lost","Soberanía","Lost vs Soberanía","Robust Aitchison",8.85375563199844
"250607_04","220708_09","Lost","Soberanía","Lost vs Soberanía","Robust Aitchison",6.65041281275538
"250607_05","220708_09","Lost","Soberanía","Lost vs Soberanía","Robust Aitchison",6.02441007891542
"250607_07","220708_09","Lost","Soberanía","Lost vs Soberanía","Robust Aitchison",6.88289583184691
"250607_08","220708_09","Lost","Soberanía","Lost vs Soberanía","Robust Aitchison",8.9423350339783
"250607_09","220708_09","Lost","Soberanía","Lost vs Soberanía","Robust Aitchison",7.55779761300367
"250607_10","220708_09","Lost","Soberanía","Lost vs Soberanía","Robust Aitchison",9.29102757066749
"250607_01","220708_10","Lost","Soberanía","Lost vs Soberanía","Robust Aitchison",8.37285133428607
"250607_02","220708_10","Lost","Soberanía","Lost vs Soberanía","Robust Aitchison",8.83217746579686
"250607_03","220708_10","Lost","Soberanía","Lost vs Soberanía","Robust Aitchison",9.48946451102035
"250607_04","220708_10","Lost","Soberanía","Lost vs Soberanía","Robust Aitchison",10.6933580989283
"250607_05","220708_10","Lost","Soberanía","Lost vs Soberanía","Robust Aitchison",8.17980139065427
"250607_07","220708_10","Lost","Soberanía","Lost vs Soberanía","Robust Aitchison",10.2703892839997
"250607_08","220708_10","Lost","Soberanía","Lost vs Soberanía","Robust Aitchison",10.8390113618493
"250607_09","220708_10","Lost","Soberanía","Lost vs Soberanía","Robust Aitchison",9.68860874397534
"250607_10","220708_10","Lost","Soberanía","Lost vs Soberanía","Robust Aitchison",7.14809245526861
"220604_01","220707_11","Veragua","Campana","Veragua vs Campana","Robust Aitchison",2.96821382798295
"220604_02","220707_11","Veragua","Campana","Veragua vs Campana","Robust Aitchison",3.94551520722173
"220604_03","220707_11","Veragua","Campana","Veragua vs Campana","Robust Aitchison",11.5731135182205
"220604_04","220707_11","Veragua","Campana","Veragua vs Campana","Robust Aitchison",3.82279180989485
"220604_05","220707_11","Veragua","Campana","Veragua vs Campana","Robust Aitchison",4.16885436635943
"220604_06","220707_11","Veragua","Campana","Veragua vs Campana","Robust Aitchison",3.95093596926356
"220604_07","220707_11","Veragua","Campana","Veragua vs Campana","Robust Aitchison",3.12497250624099
"220606_02","220707_11","Veragua","Campana","Veragua vs Campana","Robust Aitchison",3.26487727110352
"220606_04","220707_11","Veragua","Campana","Veragua vs Campana","Robust Aitchison",3.71553184157591
"220607_01","220707_11","Veragua","Campana","Veragua vs Campana","Robust Aitchison",4.06137540705781
"220607_02","220707_11","Veragua","Campana","Veragua vs Campana","Robust Aitchison",3.79154819893184
"220607_03","220707_11","Veragua","Campana","Veragua vs Campana","Robust Aitchison",2.37790146630079
"220607_04","220707_11","Veragua","Campana","Veragua vs Campana","Robust Aitchison",3.05959166343876
"220609_01","220707_11","Veragua","Campana","Veragua vs Campana","Robust Aitchison",3.73102775533584
"220609_02","220707_11","Veragua","Campana","Veragua vs Campana","Robust Aitchison",5.51366108476047
"220609_03","220707_11","Veragua","Campana","Veragua vs Campana","Robust Aitchison",2.6395000809913
"220609_04","220707_11","Veragua","Campana","Veragua vs Campana","Robust Aitchison",2.69142306269899
"220609_07","220707_11","Veragua","Campana","Veragua vs Campana","Robust Aitchison",2.99150502690113
"220604_01","220707_12","Veragua","Campana","Veragua vs Campana","Robust Aitchison",4.97679814642437
"220604_02","220707_12","Veragua","Campana","Veragua vs Campana","Robust Aitchison",5.67611987481018
"220604_03","220707_12","Veragua","Campana","Veragua vs Campana","Robust Aitchison",9.20052773011
"220604_04","220707_12","Veragua","Campana","Veragua vs Campana","Robust Aitchison",4.0007241808803
"220604_05","220707_12","Veragua","Campana","Veragua vs Campana","Robust Aitchison",4.52292924123983
"220604_06","220707_12","Veragua","Campana","Veragua vs Campana","Robust Aitchison",4.00725724535375
"220604_07","220707_12","Veragua","Campana","Veragua vs Campana","Robust Aitchison",5.38517947892724
"220606_02","220707_12","Veragua","Campana","Veragua vs Campana","Robust Aitchison",4.36854675303046
"220606_04","220707_12","Veragua","Campana","Veragua vs Campana","Robust Aitchison",3.18363068550602
"220607_01","220707_12","Veragua","Campana","Veragua vs Campana","Robust Aitchison",3.89025564252801
"220607_02","220707_12","Veragua","Campana","Veragua vs Campana","Robust Aitchison",4.16892443166194
"220607_03","220707_12","Veragua","Campana","Veragua vs Campana","Robust Aitchison",2.81211013246609
"220607_04","220707_12","Veragua","Campana","Veragua vs Campana","Robust Aitchison",4.23804851895427
"220609_01","220707_12","Veragua","Campana","Veragua vs Campana","Robust Aitchison",2.49112360392595
"220609_02","220707_12","Veragua","Campana","Veragua vs Campana","Robust Aitchison",4.01637613922589
"220609_03","220707_12","Veragua","Campana","Veragua vs Campana","Robust Aitchison",2.32537765623882
"220609_04","220707_12","Veragua","Campana","Veragua vs Campana","Robust Aitchison",1.84242593361914
"220609_07","220707_12","Veragua","Campana","Veragua vs Campana","Robust Aitchison",5.22870490945751
"220604_01","220707_13","Veragua","Campana","Veragua vs Campana","Robust Aitchison",7.50919064984815
"220604_02","220707_13","Veragua","Campana","Veragua vs Campana","Robust Aitchison",8.66878648126704
"220604_03","220707_13","Veragua","Campana","Veragua vs Campana","Robust Aitchison",9.45431380897025
"220604_04","220707_13","Veragua","Campana","Veragua vs Campana","Robust Aitchison",6.8593762330412
"220604_05","220707_13","Veragua","Campana","Veragua vs Campana","Robust Aitchison",5.1240113788909
"220604_06","220707_13","Veragua","Campana","Veragua vs Campana","Robust Aitchison",5.77982713724784
"220604_07","220707_13","Veragua","Campana","Veragua vs Campana","Robust Aitchison",7.31185679948312
"220606_02","220707_13","Veragua","Campana","Veragua vs Campana","Robust Aitchison",5.6674552969031
"220606_04","220707_13","Veragua","Campana","Veragua vs Campana","Robust Aitchison",3.41857003029557
"220607_01","220707_13","Veragua","Campana","Veragua vs Campana","Robust Aitchison",3.72459456632537
"220607_02","220707_13","Veragua","Campana","Veragua vs Campana","Robust Aitchison",7.14318947218779
"220607_03","220707_13","Veragua","Campana","Veragua vs Campana","Robust Aitchison",5.85128309906065
"220607_04","220707_13","Veragua","Campana","Veragua vs Campana","Robust Aitchison",5.19173178692766
"220609_01","220707_13","Veragua","Campana","Veragua vs Campana","Robust Aitchison",5.28400765950261
"220609_02","220707_13","Veragua","Campana","Veragua vs Campana","Robust Aitchison",5.96360124438734
"220609_03","220707_13","Veragua","Campana","Veragua vs Campana","Robust Aitchison",4.87980665589141
"220609_04","220707_13","Veragua","Campana","Veragua vs Campana","Robust Aitchison",3.76613889708753
"220609_07","220707_13","Veragua","Campana","Veragua vs Campana","Robust Aitchison",8.25040147470761
"220604_01","220707_14","Veragua","Campana","Veragua vs Campana","Robust Aitchison",3.83657581372206
"220604_02","220707_14","Veragua","Campana","Veragua vs Campana","Robust Aitchison",3.85205435469679
"220604_03","220707_14","Veragua","Campana","Veragua vs Campana","Robust Aitchison",8.66818752569896
"220604_04","220707_14","Veragua","Campana","Veragua vs Campana","Robust Aitchison",1.92156361715807
"220604_05","220707_14","Veragua","Campana","Veragua vs Campana","Robust Aitchison",5.16571646321098
"220604_06","220707_14","Veragua","Campana","Veragua vs Campana","Robust Aitchison",3.40142047917385
"220604_07","220707_14","Veragua","Campana","Veragua vs Campana","Robust Aitchison",5.04157702822148
"220606_02","220707_14","Veragua","Campana","Veragua vs Campana","Robust Aitchison",4.64441435990853
"220606_04","220707_14","Veragua","Campana","Veragua vs Campana","Robust Aitchison",5.01434325215006
"220607_01","220707_14","Veragua","Campana","Veragua vs Campana","Robust Aitchison",5.63595893875502
"220607_02","220707_14","Veragua","Campana","Veragua vs Campana","Robust Aitchison",2.04849415032408
"220607_03","220707_14","Veragua","Campana","Veragua vs Campana","Robust Aitchison",1.11775397596178
"220607_04","220707_14","Veragua","Campana","Veragua vs Campana","Robust Aitchison",5.08526762112563
"220609_01","220707_14","Veragua","Campana","Veragua vs Campana","Robust Aitchison",0.66708275748123
"220609_02","220707_14","Veragua","Campana","Veragua vs Campana","Robust Aitchison",2.73319212412037
"220609_03","220707_14","Veragua","Campana","Veragua vs Campana","Robust Aitchison",1.60256356442349
"220609_04","220707_14","Veragua","Campana","Veragua vs Campana","Robust Aitchison",2.54707309122758
"220609_07","220707_14","Veragua","Campana","Veragua vs Campana","Robust Aitchison",3.96298187573088
"220604_01","220707_15","Veragua","Campana","Veragua vs Campana","Robust Aitchison",7.06307426828125
"220604_02","220707_15","Veragua","Campana","Veragua vs Campana","Robust Aitchison",7.895053670356
"220604_03","220707_15","Veragua","Campana","Veragua vs Campana","Robust Aitchison",9.94177556534063
"220604_04","220707_15","Veragua","Campana","Veragua vs Campana","Robust Aitchison",6.26462089328068
"220604_05","220707_15","Veragua","Campana","Veragua vs Campana","Robust Aitchison",5.52382095976928
"220604_06","220707_15","Veragua","Campana","Veragua vs Campana","Robust Aitchison",5.89864707085469
"220604_07","220707_15","Veragua","Campana","Veragua vs Campana","Robust Aitchison",7.04525754293212
"220606_02","220707_15","Veragua","Campana","Veragua vs Campana","Robust Aitchison",5.72664625785891
"220606_04","220707_15","Veragua","Campana","Veragua vs Campana","Robust Aitchison",2.59625566142077
"220607_01","220707_15","Veragua","Campana","Veragua vs Campana","Robust Aitchison",3.42862528338796
"220607_02","220707_15","Veragua","Campana","Veragua vs Campana","Robust Aitchison",6.41092252063071
"220607_03","220707_15","Veragua","Campana","Veragua vs Campana","Robust Aitchison",5.05916465883026
"220607_04","220707_15","Veragua","Campana","Veragua vs Campana","Robust Aitchison",5.08369279729394
"220609_01","220707_15","Veragua","Campana","Veragua vs Campana","Robust Aitchison",4.61273446557065
"220609_02","220707_15","Veragua","Campana","Veragua vs Campana","Robust Aitchison",5.85832906469821
"220609_03","220707_15","Veragua","Campana","Veragua vs Campana","Robust Aitchison",4.50518098933155
"220609_04","220707_15","Veragua","Campana","Veragua vs Campana","Robust Aitchison",3.56631121142213
"220609_07","220707_15","Veragua","Campana","Veragua vs Campana","Robust Aitchison",7.12018863646286
"220604_01","220707_16","Veragua","Campana","Veragua vs Campana","Robust Aitchison",3.8617020467468
"220604_02","220707_16","Veragua","Campana","Veragua vs Campana","Robust Aitchison",4.74500427173604
"220604_03","220707_16","Veragua","Campana","Veragua vs Campana","Robust Aitchison",10.5310432508133
"220604_04","220707_16","Veragua","Campana","Veragua vs Campana","Robust Aitchison",3.77882975086239
"220604_05","220707_16","Veragua","Campana","Veragua vs Campana","Robust Aitchison",4.04046100599227
"220604_06","220707_16","Veragua","Campana","Veragua vs Campana","Robust Aitchison",3.7909527327259
"220604_07","220707_16","Veragua","Campana","Veragua vs Campana","Robust Aitchison",4.0966694237901
"220606_02","220707_16","Veragua","Campana","Veragua vs Campana","Robust Aitchison",3.50635758172178
"220606_04","220707_16","Veragua","Campana","Veragua vs Campana","Robust Aitchison",2.90269099393943
"220607_01","220707_16","Veragua","Campana","Veragua vs Campana","Robust Aitchison",3.47865767597304
"220607_02","220707_16","Veragua","Campana","Veragua vs Campana","Robust Aitchison",3.84537682836957
"220607_03","220707_16","Veragua","Campana","Veragua vs Campana","Robust Aitchison",2.25637497598677
"220607_04","220707_16","Veragua","Campana","Veragua vs Campana","Robust Aitchison",3.23190583765155
"220609_01","220707_16","Veragua","Campana","Veragua vs Campana","Robust Aitchison",2.96722802342153
"220609_02","220707_16","Veragua","Campana","Veragua vs Campana","Robust Aitchison",4.77559113523762
"220609_03","220707_16","Veragua","Campana","Veragua vs Campana","Robust Aitchison",2.11220850687155
"220609_04","220707_16","Veragua","Campana","Veragua vs Campana","Robust Aitchison",1.77603417437259
"220609_07","220707_16","Veragua","Campana","Veragua vs Campana","Robust Aitchison",3.98995190059331
"220604_01","220707_17","Veragua","Campana","Veragua vs Campana","Robust Aitchison",6.31144924478906
"220604_02","220707_17","Veragua","Campana","Veragua vs Campana","Robust Aitchison",6.88633250415365
"220604_03","220707_17","Veragua","Campana","Veragua vs Campana","Robust Aitchison",5.32682364396122
"220604_04","220707_17","Veragua","Campana","Veragua vs Campana","Robust Aitchison",4.53297173372064
"220604_05","220707_17","Veragua","Campana","Veragua vs Campana","Robust Aitchison",5.87023411363864
"220604_06","220707_17","Veragua","Campana","Veragua vs Campana","Robust Aitchison",3.94079037979876
"220604_07","220707_17","Veragua","Campana","Veragua vs Campana","Robust Aitchison",7.21504398601104
"220606_02","220707_17","Veragua","Campana","Veragua vs Campana","Robust Aitchison",6.08306166082735
"220606_04","220707_17","Veragua","Campana","Veragua vs Campana","Robust Aitchison",7.28236378117365
"220607_01","220707_17","Veragua","Campana","Veragua vs Campana","Robust Aitchison",7.53334638002375
"220607_02","220707_17","Veragua","Campana","Veragua vs Campana","Robust Aitchison",5.05766160727831
"220607_03","220707_17","Veragua","Campana","Veragua vs Campana","Robust Aitchison",4.93796930369186
"220607_04","220707_17","Veragua","Campana","Veragua vs Campana","Robust Aitchison",6.9869299730702
"220609_01","220707_17","Veragua","Campana","Veragua vs Campana","Robust Aitchison",3.74794334114826
"220609_02","220707_17","Veragua","Campana","Veragua vs Campana","Robust Aitchison",2.07064507886311
"220609_03","220707_17","Veragua","Campana","Veragua vs Campana","Robust Aitchison",4.00599833575895
"220609_04","220707_17","Veragua","Campana","Veragua vs Campana","Robust Aitchison",4.33798676902456
"220609_07","220707_17","Veragua","Campana","Veragua vs Campana","Robust Aitchison",7.90301870246632
"220604_01","220707_18","Veragua","Campana","Veragua vs Campana","Robust Aitchison",2.95960215425679
"220604_02","220707_18","Veragua","Campana","Veragua vs Campana","Robust Aitchison",3.45288432332342
"220604_03","220707_18","Veragua","Campana","Veragua vs Campana","Robust Aitchison",8.44703141047554
"220604_04","220707_18","Veragua","Campana","Veragua vs Campana","Robust Aitchison",1.42137127238275
"220604_05","220707_18","Veragua","Campana","Veragua vs Campana","Robust Aitchison",4.49573664860229
"220604_06","220707_18","Veragua","Campana","Veragua vs Campana","Robust Aitchison",2.07464721098604
"220604_07","220707_18","Veragua","Campana","Veragua vs Campana","Robust Aitchison",4.30806674662943
"220606_02","220707_18","Veragua","Campana","Veragua vs Campana","Robust Aitchison",3.95709730436485
"220606_04","220707_18","Veragua","Campana","Veragua vs Campana","Robust Aitchison",5.74622116860904
"220607_01","220707_18","Veragua","Campana","Veragua vs Campana","Robust Aitchison",6.07473455509609
"220607_02","220707_18","Veragua","Campana","Veragua vs Campana","Robust Aitchison",1.95290657338011
"220607_03","220707_18","Veragua","Campana","Veragua vs Campana","Robust Aitchison",1.5610244891394
"220607_04","220707_18","Veragua","Campana","Veragua vs Campana","Robust Aitchison",4.880780657296
"220609_01","220707_18","Veragua","Campana","Veragua vs Campana","Robust Aitchison",1.64981950540486
"220609_02","220707_18","Veragua","Campana","Veragua vs Campana","Robust Aitchison",2.2505645008111
"220609_03","220707_18","Veragua","Campana","Veragua vs Campana","Robust Aitchison",1.14139539800678
"220609_04","220707_18","Veragua","Campana","Veragua vs Campana","Robust Aitchison",2.49342266957921
"220609_07","220707_18","Veragua","Campana","Veragua vs Campana","Robust Aitchison",4.36890615054059
"220604_01","220707_19","Veragua","Campana","Veragua vs Campana","Robust Aitchison",3.67637317772313
"220604_02","220707_19","Veragua","Campana","Veragua vs Campana","Robust Aitchison",4.15130030886506
"220604_03","220707_19","Veragua","Campana","Veragua vs Campana","Robust Aitchison",10.1431911838473
"220604_04","220707_19","Veragua","Campana","Veragua vs Campana","Robust Aitchison",3.08579395570201
"220604_05","220707_19","Veragua","Campana","Veragua vs Campana","Robust Aitchison",4.59518226900137
"220604_06","220707_19","Veragua","Campana","Veragua vs Campana","Robust Aitchison",3.77329541834448
"220604_07","220707_19","Veragua","Campana","Veragua vs Campana","Robust Aitchison",4.33759796039267
"220606_02","220707_19","Veragua","Campana","Veragua vs Campana","Robust Aitchison",3.97528384752676
"220606_04","220707_19","Veragua","Campana","Veragua vs Campana","Robust Aitchison",3.67024287144395
"220607_01","220707_19","Veragua","Campana","Veragua vs Campana","Robust Aitchison",4.32261185609688
"220607_02","220707_19","Veragua","Campana","Veragua vs Campana","Robust Aitchison",3.08569682174864
"220607_03","220707_19","Veragua","Campana","Veragua vs Campana","Robust Aitchison",1.53705933650763
"220607_04","220707_19","Veragua","Campana","Veragua vs Campana","Robust Aitchison",3.94847230884017
"220609_01","220707_19","Veragua","Campana","Veragua vs Campana","Robust Aitchison",2.29597434846127
"220609_02","220707_19","Veragua","Campana","Veragua vs Campana","Robust Aitchison",4.27962850008774
"220609_03","220707_19","Veragua","Campana","Veragua vs Campana","Robust Aitchison",1.89786619232209
"220609_04","220707_19","Veragua","Campana","Veragua vs Campana","Robust Aitchison",2.12955914753678
"220609_07","220707_19","Veragua","Campana","Veragua vs Campana","Robust Aitchison",3.47338561790133
"220604_01","220707_20","Veragua","Campana","Veragua vs Campana","Robust Aitchison",5.54964039193449
"220604_02","220707_20","Veragua","Campana","Veragua vs Campana","Robust Aitchison",5.74114008117503
"220604_03","220707_20","Veragua","Campana","Veragua vs Campana","Robust Aitchison",11.60669353756
"220604_04","220707_20","Veragua","Campana","Veragua vs Campana","Robust Aitchison",5.09684439851896
"220604_05","220707_20","Veragua","Campana","Veragua vs Campana","Robust Aitchison",6.0696005926379
"220604_06","220707_20","Veragua","Campana","Veragua vs Campana","Robust Aitchison",5.95263469506132
"220604_07","220707_20","Veragua","Campana","Veragua vs Campana","Robust Aitchison",5.8410214954742
"220606_02","220707_20","Veragua","Campana","Veragua vs Campana","Robust Aitchison",5.53821945192047
"220606_04","220707_20","Veragua","Campana","Veragua vs Campana","Robust Aitchison",3.06997265742593
"220607_01","220707_20","Veragua","Campana","Veragua vs Campana","Robust Aitchison",4.12121366045552
"220607_02","220707_20","Veragua","Campana","Veragua vs Campana","Robust Aitchison",4.91764462407093
"220607_03","220707_20","Veragua","Campana","Veragua vs Campana","Robust Aitchison",3.59464109637657
"220607_04","220707_20","Veragua","Campana","Veragua vs Campana","Robust Aitchison",4.84999054015787
"220609_01","220707_20","Veragua","Campana","Veragua vs Campana","Robust Aitchison",4.09768029911771
"220609_02","220707_20","Veragua","Campana","Veragua vs Campana","Robust Aitchison",6.21712903936967
"220609_03","220707_20","Veragua","Campana","Veragua vs Campana","Robust Aitchison",4.12529604722409
"220609_04","220707_20","Veragua","Campana","Veragua vs Campana","Robust Aitchison",3.90015270229095
"220609_07","220707_20","Veragua","Campana","Veragua vs Campana","Robust Aitchison",4.14601398062098
"220604_01","220708_01","Veragua","Soberanía","Veragua vs Soberanía","Robust Aitchison",2.50903214099176
"220604_02","220708_01","Veragua","Soberanía","Veragua vs Soberanía","Robust Aitchison",3.65224432609226
"220604_03","220708_01","Veragua","Soberanía","Veragua vs Soberanía","Robust Aitchison",10.6686458007982
"220604_04","220708_01","Veragua","Soberanía","Veragua vs Soberanía","Robust Aitchison",3.07018143149658
"220604_05","220708_01","Veragua","Soberanía","Veragua vs Soberanía","Robust Aitchison",3.70326809336636
"220604_06","220708_01","Veragua","Soberanía","Veragua vs Soberanía","Robust Aitchison",3.00567691808154
"220604_07","220708_01","Veragua","Soberanía","Veragua vs Soberanía","Robust Aitchison",2.98138815034288
"220606_02","220708_01","Veragua","Soberanía","Veragua vs Soberanía","Robust Aitchison",2.85202132966487
"220606_04","220708_01","Veragua","Soberanía","Veragua vs Soberanía","Robust Aitchison",3.99542471517282
"220607_01","220708_01","Veragua","Soberanía","Veragua vs Soberanía","Robust Aitchison",4.28858909057925
"220607_02","220708_01","Veragua","Soberanía","Veragua vs Soberanía","Robust Aitchison",3.17247697462372
"220607_03","220708_01","Veragua","Soberanía","Veragua vs Soberanía","Robust Aitchison",1.70832568944428
"220607_04","220708_01","Veragua","Soberanía","Veragua vs Soberanía","Robust Aitchison",3.08111893093146
"220609_01","220708_01","Veragua","Soberanía","Veragua vs Soberanía","Robust Aitchison",2.9939849206297
"220609_02","220708_01","Veragua","Soberanía","Veragua vs Soberanía","Robust Aitchison",4.5864745370253
"220609_03","220708_01","Veragua","Soberanía","Veragua vs Soberanía","Robust Aitchison",1.64821307492694
"220609_04","220708_01","Veragua","Soberanía","Veragua vs Soberanía","Robust Aitchison",1.94357293691348
"220609_07","220708_01","Veragua","Soberanía","Veragua vs Soberanía","Robust Aitchison",3.30759995715581
"220604_01","220708_02","Veragua","Soberanía","Veragua vs Soberanía","Robust Aitchison",4.43464382751343
"220604_02","220708_02","Veragua","Soberanía","Veragua vs Soberanía","Robust Aitchison",2.14922077284142
"220604_03","220708_02","Veragua","Soberanía","Veragua vs Soberanía","Robust Aitchison",11.2348031608149
"220604_04","220708_02","Veragua","Soberanía","Veragua vs Soberanía","Robust Aitchison",3.28004188545248
"220604_05","220708_02","Veragua","Soberanía","Veragua vs Soberanía","Robust Aitchison",8.12785069575493
"220604_06","220708_02","Veragua","Soberanía","Veragua vs Soberanía","Robust Aitchison",6.1497768712114
"220604_07","220708_02","Veragua","Soberanía","Veragua vs Soberanía","Robust Aitchison",6.22204802123622
"220606_02","220708_02","Veragua","Soberanía","Veragua vs Soberanía","Robust Aitchison",7.12328101772073
"220606_04","220708_02","Veragua","Soberanía","Veragua vs Soberanía","Robust Aitchison",8.07415635425736
"220607_01","220708_02","Veragua","Soberanía","Veragua vs Soberanía","Robust Aitchison",8.70989077581526
"220607_02","220708_02","Veragua","Soberanía","Veragua vs Soberanía","Robust Aitchison",2.68525775797969
"220607_03","220708_02","Veragua","Soberanía","Veragua vs Soberanía","Robust Aitchison",3.55890219607637
"220607_04","220708_02","Veragua","Soberanía","Veragua vs Soberanía","Robust Aitchison",7.63488304943128
"220609_01","220708_02","Veragua","Soberanía","Veragua vs Soberanía","Robust Aitchison",4.38303087006965
"220609_02","220708_02","Veragua","Soberanía","Veragua vs Soberanía","Robust Aitchison",5.69238108300814
"220609_03","220708_02","Veragua","Soberanía","Veragua vs Soberanía","Robust Aitchison",5.04744793724223
"220609_04","220708_02","Veragua","Soberanía","Veragua vs Soberanía","Robust Aitchison",6.22426598394597
"220609_07","220708_02","Veragua","Soberanía","Veragua vs Soberanía","Robust Aitchison",2.27001609246741
"220604_01","220708_03","Veragua","Soberanía","Veragua vs Soberanía","Robust Aitchison",5.09827535630303
"220604_02","220708_03","Veragua","Soberanía","Veragua vs Soberanía","Robust Aitchison",3.98001865024646
"220604_03","220708_03","Veragua","Soberanía","Veragua vs Soberanía","Robust Aitchison",10.4830714154758
"220604_04","220708_03","Veragua","Soberanía","Veragua vs Soberanía","Robust Aitchison",3.44561319979776
"220604_05","220708_03","Veragua","Soberanía","Veragua vs Soberanía","Robust Aitchison",7.35993980241623
"220604_06","220708_03","Veragua","Soberanía","Veragua vs Soberanía","Robust Aitchison",5.91940705620461
"220604_07","220708_03","Veragua","Soberanía","Veragua vs Soberanía","Robust Aitchison",6.39545523209783
"220606_02","220708_03","Veragua","Soberanía","Veragua vs Soberanía","Robust Aitchison",6.59815146229066
"220606_04","220708_03","Veragua","Soberanía","Veragua vs Soberanía","Robust Aitchison",5.90105555894621
"220607_01","220708_03","Veragua","Soberanía","Veragua vs Soberanía","Robust Aitchison",6.81374107653338
"220607_02","220708_03","Veragua","Soberanía","Veragua vs Soberanía","Robust Aitchison",2.97352977090493
"220607_03","220708_03","Veragua","Soberanía","Veragua vs Soberanía","Robust Aitchison",2.71071017619093
"220607_04","220708_03","Veragua","Soberanía","Veragua vs Soberanía","Robust Aitchison",6.63663206552939
"220609_01","220708_03","Veragua","Soberanía","Veragua vs Soberanía","Robust Aitchison",3.0429009290179
"220609_02","220708_03","Veragua","Soberanía","Veragua vs Soberanía","Robust Aitchison",5.07043765818316
"220609_03","220708_03","Veragua","Soberanía","Veragua vs Soberanía","Robust Aitchison",4.12554021549842
"220609_04","220708_03","Veragua","Soberanía","Veragua vs Soberanía","Robust Aitchison",4.86930834316054
"220609_07","220708_03","Veragua","Soberanía","Veragua vs Soberanía","Robust Aitchison",2.84514610242546
"220604_01","220708_04","Veragua","Soberanía","Veragua vs Soberanía","Robust Aitchison",3.99887598661227
"220604_02","220708_04","Veragua","Soberanía","Veragua vs Soberanía","Robust Aitchison",1.5587205011093
"220604_03","220708_04","Veragua","Soberanía","Veragua vs Soberanía","Robust Aitchison",10.847458884449
"220604_04","220708_04","Veragua","Soberanía","Veragua vs Soberanía","Robust Aitchison",2.90553213281718
"220604_05","220708_04","Veragua","Soberanía","Veragua vs Soberanía","Robust Aitchison",7.89789334455619
"220604_06","220708_04","Veragua","Soberanía","Veragua vs Soberanía","Robust Aitchison",5.67814663926547
"220604_07","220708_04","Veragua","Soberanía","Veragua vs Soberanía","Robust Aitchison",5.94781672217454
"220606_02","220708_04","Veragua","Soberanía","Veragua vs Soberanía","Robust Aitchison",6.89984681669418
"220606_04","220708_04","Veragua","Soberanía","Veragua vs Soberanía","Robust Aitchison",8.47662666283172
"220607_01","220708_04","Veragua","Soberanía","Veragua vs Soberanía","Robust Aitchison",8.99894643400491
"220607_02","220708_04","Veragua","Soberanía","Veragua vs Soberanía","Robust Aitchison",2.42442507845461
"220607_03","220708_04","Veragua","Soberanía","Veragua vs Soberanía","Robust Aitchison",3.60843134139557
"220607_04","220708_04","Veragua","Soberanía","Veragua vs Soberanía","Robust Aitchison",7.64553149746341
"220609_01","220708_04","Veragua","Soberanía","Veragua vs Soberanía","Robust Aitchison",4.40876370372655
"220609_02","220708_04","Veragua","Soberanía","Veragua vs Soberanía","Robust Aitchison",5.32743467114701
"220609_03","220708_04","Veragua","Soberanía","Veragua vs Soberanía","Robust Aitchison",4.90949481626637
"220609_04","220708_04","Veragua","Soberanía","Veragua vs Soberanía","Robust Aitchison",6.19980553804481
"220609_07","220708_04","Veragua","Soberanía","Veragua vs Soberanía","Robust Aitchison",2.85661459492833
"220604_01","220708_05","Veragua","Soberanía","Veragua vs Soberanía","Robust Aitchison",5.92969757811274
"220604_02","220708_05","Veragua","Soberanía","Veragua vs Soberanía","Robust Aitchison",7.69740064689986
"220604_03","220708_05","Veragua","Soberanía","Veragua vs Soberanía","Robust Aitchison",13.1964861996442
"220604_04","220708_05","Veragua","Soberanía","Veragua vs Soberanía","Robust Aitchison",7.21890458588789
"220604_05","220708_05","Veragua","Soberanía","Veragua vs Soberanía","Robust Aitchison",3.57708763863324
"220604_06","220708_05","Veragua","Soberanía","Veragua vs Soberanía","Robust Aitchison",5.71601013415516
"220604_07","220708_05","Veragua","Soberanía","Veragua vs Soberanía","Robust Aitchison",4.642594281357
"220606_02","220708_05","Veragua","Soberanía","Veragua vs Soberanía","Robust Aitchison",3.61664455912384
"220606_04","220708_05","Veragua","Soberanía","Veragua vs Soberanía","Robust Aitchison",2.19724160503601
"220607_01","220708_05","Veragua","Soberanía","Veragua vs Soberanía","Robust Aitchison",1.20321363085411
"220607_02","220708_05","Veragua","Soberanía","Veragua vs Soberanía","Robust Aitchison",7.37613858733963
"220607_03","220708_05","Veragua","Soberanía","Veragua vs Soberanía","Robust Aitchison",5.82196389297396
"220607_04","220708_05","Veragua","Soberanía","Veragua vs Soberanía","Robust Aitchison",2.00248796036609
"220609_01","220708_05","Veragua","Soberanía","Veragua vs Soberanía","Robust Aitchison",6.57714280812689
"220609_02","220708_05","Veragua","Soberanía","Veragua vs Soberanía","Robust Aitchison",7.93749613859983
"220609_03","220708_05","Veragua","Soberanía","Veragua vs Soberanía","Robust Aitchison",5.11279675555572
"220609_04","220708_05","Veragua","Soberanía","Veragua vs Soberanía","Robust Aitchison",3.95682782486237
"220609_07","220708_05","Veragua","Soberanía","Veragua vs Soberanía","Robust Aitchison",6.77586230023022
"220604_01","220708_06","Veragua","Soberanía","Veragua vs Soberanía","Robust Aitchison",2.58672272260169
"220604_02","220708_06","Veragua","Soberanía","Veragua vs Soberanía","Robust Aitchison",1.16946473622591
"220604_03","220708_06","Veragua","Soberanía","Veragua vs Soberanía","Robust Aitchison",11.2300862540528
"220604_04","220708_06","Veragua","Soberanía","Veragua vs Soberanía","Robust Aitchison",2.53192324980546
"220604_05","220708_06","Veragua","Soberanía","Veragua vs Soberanía","Robust Aitchison",6.25701346675969
"220604_06","220708_06","Veragua","Soberanía","Veragua vs Soberanía","Robust Aitchison",4.58272369868377
"220604_07","220708_06","Veragua","Soberanía","Veragua vs Soberanía","Robust Aitchison",4.25484406661485
"220606_02","220708_06","Veragua","Soberanía","Veragua vs Soberanía","Robust Aitchison",5.19783490898593
"220606_04","220708_06","Veragua","Soberanía","Veragua vs Soberanía","Robust Aitchison",6.63320361975636
"220607_01","220708_06","Veragua","Soberanía","Veragua vs Soberanía","Robust Aitchison",7.08625292875369
"220607_02","220708_06","Veragua","Soberanía","Veragua vs Soberanía","Robust Aitchison",2.14280077391579
"220607_03","220708_06","Veragua","Soberanía","Veragua vs Soberanía","Robust Aitchison",2.30198843941468
"220607_04","220708_06","Veragua","Soberanía","Veragua vs Soberanía","Robust Aitchison",5.7292234509401
"220609_01","220708_06","Veragua","Soberanía","Veragua vs Soberanía","Robust Aitchison",3.70263032991227
"220609_02","220708_06","Veragua","Soberanía","Veragua vs Soberanía","Robust Aitchison",5.15761800230596
"220609_03","220708_06","Veragua","Soberanía","Veragua vs Soberanía","Robust Aitchison",3.5862735163112
"220609_04","220708_06","Veragua","Soberanía","Veragua vs Soberanía","Robust Aitchison",4.65818548283862
"220609_07","220708_06","Veragua","Soberanía","Veragua vs Soberanía","Robust Aitchison",1.32733700125216
"220604_01","220708_07","Veragua","Soberanía","Veragua vs Soberanía","Robust Aitchison",4.7440966245377
"220604_02","220708_07","Veragua","Soberanía","Veragua vs Soberanía","Robust Aitchison",3.4374944399017
"220604_03","220708_07","Veragua","Soberanía","Veragua vs Soberanía","Robust Aitchison",10.3056891990424
"220604_04","220708_07","Veragua","Soberanía","Veragua vs Soberanía","Robust Aitchison",2.97819271807314
"220604_05","220708_07","Veragua","Soberanía","Veragua vs Soberanía","Robust Aitchison",7.30066717426789
"220604_06","220708_07","Veragua","Soberanía","Veragua vs Soberanía","Robust Aitchison",5.65861703540522
"220604_07","220708_07","Veragua","Soberanía","Veragua vs Soberanía","Robust Aitchison",6.19594964980213
"220606_02","220708_07","Veragua","Soberanía","Veragua vs Soberanía","Robust Aitchison",6.49671072620329
"220606_04","220708_07","Veragua","Soberanía","Veragua vs Soberanía","Robust Aitchison",6.24825400338126
"220607_01","220708_07","Veragua","Soberanía","Veragua vs Soberanía","Robust Aitchison",7.0906957294735
"220607_02","220708_07","Veragua","Soberanía","Veragua vs Soberanía","Robust Aitchison",2.45525508737333
"220607_03","220708_07","Veragua","Soberanía","Veragua vs Soberanía","Robust Aitchison",2.46706436341257
"220607_04","220708_07","Veragua","Soberanía","Veragua vs Soberanía","Robust Aitchison",6.68282560896388
"220609_01","220708_07","Veragua","Soberanía","Veragua vs Soberanía","Robust Aitchison",2.88149929925859
"220609_02","220708_07","Veragua","Soberanía","Veragua vs Soberanía","Robust Aitchison",4.79307328959541
"220609_03","220708_07","Veragua","Soberanía","Veragua vs Soberanía","Robust Aitchison",3.97197926623745
"220609_04","220708_07","Veragua","Soberanía","Veragua vs Soberanía","Robust Aitchison",4.87323361977363
"220609_07","220708_07","Veragua","Soberanía","Veragua vs Soberanía","Robust Aitchison",2.58900182518098
"220604_01","220708_08","Veragua","Soberanía","Veragua vs Soberanía","Robust Aitchison",4.71158370881887
"220604_02","220708_08","Veragua","Soberanía","Veragua vs Soberanía","Robust Aitchison",6.31666926955617
"220604_03","220708_08","Veragua","Soberanía","Veragua vs Soberanía","Robust Aitchison",11.1557596007641
"220604_04","220708_08","Veragua","Soberanía","Veragua vs Soberanía","Robust Aitchison",5.3618162255368
"220604_05","220708_08","Veragua","Soberanía","Veragua vs Soberanía","Robust Aitchison",2.74863663780928
"220604_06","220708_08","Veragua","Soberanía","Veragua vs Soberanía","Robust Aitchison",4.00075477572401
"220604_07","220708_08","Veragua","Soberanía","Veragua vs Soberanía","Robust Aitchison",4.05561789580223
"220606_02","220708_08","Veragua","Soberanía","Veragua vs Soberanía","Robust Aitchison",2.72535301380907
"220606_04","220708_08","Veragua","Soberanía","Veragua vs Soberanía","Robust Aitchison",1.9739557908696
"220607_01","220708_08","Veragua","Soberanía","Veragua vs Soberanía","Robust Aitchison",1.82499096817137
"220607_02","220708_08","Veragua","Soberanía","Veragua vs Soberanía","Robust Aitchison",5.58216515186259
"220607_03","220708_08","Veragua","Soberanía","Veragua vs Soberanía","Robust Aitchison",4.03309768598773
"220607_04","220708_08","Veragua","Soberanía","Veragua vs Soberanía","Robust Aitchison",1.86479638112647
"220609_01","220708_08","Veragua","Soberanía","Veragua vs Soberanía","Robust Aitchison",4.55786440446022
"220609_02","220708_08","Veragua","Soberanía","Veragua vs Soberanía","Robust Aitchison",5.83810565108325
"220609_03","220708_08","Veragua","Soberanía","Veragua vs Soberanía","Robust Aitchison",3.14123800668848
"220609_04","220708_08","Veragua","Soberanía","Veragua vs Soberanía","Robust Aitchison",1.89001549509494
"220609_07","220708_08","Veragua","Soberanía","Veragua vs Soberanía","Robust Aitchison",5.73487048296575
"220604_01","220708_09","Veragua","Soberanía","Veragua vs Soberanía","Robust Aitchison",6.60373404838534
"220604_02","220708_09","Veragua","Soberanía","Veragua vs Soberanía","Robust Aitchison",6.53327556689588
"220604_03","220708_09","Veragua","Soberanía","Veragua vs Soberanía","Robust Aitchison",8.93798497811838
"220604_04","220708_09","Veragua","Soberanía","Veragua vs Soberanía","Robust Aitchison",4.80151128521895
"220604_05","220708_09","Veragua","Soberanía","Veragua vs Soberanía","Robust Aitchison",6.77925188496074
"220604_06","220708_09","Veragua","Soberanía","Veragua vs Soberanía","Robust Aitchison",5.92339023993703
"220604_07","220708_09","Veragua","Soberanía","Veragua vs Soberanía","Robust Aitchison",7.35633403367725
"220606_02","220708_09","Veragua","Soberanía","Veragua vs Soberanía","Robust Aitchison",6.5755364749315
"220606_04","220708_09","Veragua","Soberanía","Veragua vs Soberanía","Robust Aitchison",4.46295712060949
"220607_01","220708_09","Veragua","Soberanía","Veragua vs Soberanía","Robust Aitchison",5.50437631637268
"220607_02","220708_09","Veragua","Soberanía","Veragua vs Soberanía","Robust Aitchison",4.7642684255977
"220607_03","220708_09","Veragua","Soberanía","Veragua vs Soberanía","Robust Aitchison",3.86886366776998
"220607_04","220708_09","Veragua","Soberanía","Veragua vs Soberanía","Robust Aitchison",6.35684294877371
"220609_01","220708_09","Veragua","Soberanía","Veragua vs Soberanía","Robust Aitchison",3.02731737270027
"220609_02","220708_09","Veragua","Soberanía","Veragua vs Soberanía","Robust Aitchison",4.6229995079905
"220609_03","220708_09","Veragua","Soberanía","Veragua vs Soberanía","Robust Aitchison",4.10677592386188
"220609_04","220708_09","Veragua","Soberanía","Veragua vs Soberanía","Robust Aitchison",4.06083332754368
"220609_07","220708_09","Veragua","Soberanía","Veragua vs Soberanía","Robust Aitchison",5.79658487583976
"220604_01","220708_10","Veragua","Soberanía","Veragua vs Soberanía","Robust Aitchison",9.58734942302523
"220604_02","220708_10","Veragua","Soberanía","Veragua vs Soberanía","Robust Aitchison",9.60352825824017
"220604_03","220708_10","Veragua","Soberanía","Veragua vs Soberanía","Robust Aitchison",4.24625060835
"220604_04","220708_10","Veragua","Soberanía","Veragua vs Soberanía","Robust Aitchison",7.16941111109385
"220604_05","220708_10","Veragua","Soberanía","Veragua vs Soberanía","Robust Aitchison",9.05301490902383
"220604_06","220708_10","Veragua","Soberanía","Veragua vs Soberanía","Robust Aitchison",7.60931193662623
"220604_07","220708_10","Veragua","Soberanía","Veragua vs Soberanía","Robust Aitchison",10.5390450743856
"220606_02","220708_10","Veragua","Soberanía","Veragua vs Soberanía","Robust Aitchison",9.32567599623909
"220606_04","220708_10","Veragua","Soberanía","Veragua vs Soberanía","Robust Aitchison",8.58356884242487
"220607_01","220708_10","Veragua","Soberanía","Veragua vs Soberanía","Robust Aitchison",9.20311464405718
"220607_02","220708_10","Veragua","Soberanía","Veragua vs Soberanía","Robust Aitchison",7.44262901097069
"220607_03","220708_10","Veragua","Soberanía","Veragua vs Soberanía","Robust Aitchison",7.30517330348602
"220607_04","220708_10","Veragua","Soberanía","Veragua vs Soberanía","Robust Aitchison",9.72084422874605
"220609_01","220708_10","Veragua","Soberanía","Veragua vs Soberanía","Robust Aitchison",5.70353026292136
"220609_02","220708_10","Veragua","Soberanía","Veragua vs Soberanía","Robust Aitchison",4.85848708199971
"220609_03","220708_10","Veragua","Soberanía","Veragua vs Soberanía","Robust Aitchison",6.86705527879837
"220609_04","220708_10","Veragua","Soberanía","Veragua vs Soberanía","Robust Aitchison",6.9601936676736
"220609_07","220708_10","Veragua","Soberanía","Veragua vs Soberanía","Robust Aitchison",10.0223105701426
"220707_11","220708_01","Campana","Soberanía","Campana vs Soberanía","Robust Aitchison",1.0115500707153
"220707_12","220708_01","Campana","Soberanía","Campana vs Soberanía","Robust Aitchison",2.70279965881305
"220707_13","220708_01","Campana","Soberanía","Campana vs Soberanía","Robust Aitchison",5.37569884858078
"220707_14","220708_01","Campana","Soberanía","Campana vs Soberanía","Robust Aitchison",2.35706010432061
"220707_15","220708_01","Campana","Soberanía","Campana vs Soberanía","Robust Aitchison",4.66837688830477
"220707_16","220708_01","Campana","Soberanía","Campana vs Soberanía","Robust Aitchison",1.35539385832294
"220707_17","220708_01","Campana","Soberanía","Campana vs Soberanía","Robust Aitchison",5.63720882681954
"220707_18","220708_01","Campana","Soberanía","Campana vs Soberanía","Robust Aitchison",2.47534971983861
"220707_19","220708_01","Campana","Soberanía","Campana vs Soberanía","Robust Aitchison",1.35973695751655
"220707_20","220708_01","Campana","Soberanía","Campana vs Soberanía","Robust Aitchison",3.22571075445675
"220707_11","220708_02","Campana","Soberanía","Campana vs Soberanía","Robust Aitchison",4.78129600442327
"220707_12","220708_02","Campana","Soberanía","Campana vs Soberanía","Robust Aitchison",6.10576755719365
"220707_13","220708_02","Campana","Soberanía","Campana vs Soberanía","Robust Aitchison",9.22849530349709
"220707_14","220708_02","Campana","Soberanía","Campana vs Soberanía","Robust Aitchison",4.24898674178464
"220707_15","220708_02","Campana","Soberanía","Campana vs Soberanía","Robust Aitchison",8.15782111648407
"220707_16","220708_02","Campana","Soberanía","Campana vs Soberanía","Robust Aitchison",5.36389552795873
"220707_17","220708_02","Campana","Soberanía","Campana vs Soberanía","Robust Aitchison",7.69624674077614
"220707_18","220708_02","Campana","Soberanía","Campana vs Soberanía","Robust Aitchison",4.54634698648979
"220707_19","220708_02","Campana","Soberanía","Campana vs Soberanía","Robust Aitchison",4.61131057814477
"220707_20","220708_02","Campana","Soberanía","Campana vs Soberanía","Robust Aitchison",5.57651601300133
"220707_11","220708_03","Campana","Soberanía","Campana vs Soberanía","Robust Aitchison",3.7236887965029
"220707_12","220708_03","Campana","Soberanía","Campana vs Soberanía","Robust Aitchison",3.97190595694437
"220707_13","220708_03","Campana","Soberanía","Campana vs Soberanía","Robust Aitchison",6.94814817424457
"220707_14","220708_03","Campana","Soberanía","Campana vs Soberanía","Robust Aitchison",2.82137249934514
"220707_15","220708_03","Campana","Soberanía","Campana vs Soberanía","Robust Aitchison",5.6240537981941
"220707_16","220708_03","Campana","Soberanía","Campana vs Soberanía","Robust Aitchison",3.60143867686156
"220707_17","220708_03","Campana","Soberanía","Campana vs Soberanía","Robust Aitchison",6.75941314697677
"220707_18","220708_03","Campana","Soberanía","Campana vs Soberanía","Robust Aitchison",4.07488717442997
"220707_19","220708_03","Campana","Soberanía","Campana vs Soberanía","Robust Aitchison",2.84673055358601
"220707_20","220708_03","Campana","Soberanía","Campana vs Soberanía","Robust Aitchison",3.08784842447453
"220707_11","220708_04","Campana","Soberanía","Campana vs Soberanía","Robust Aitchison",5.04411516732419
"220707_12","220708_04","Campana","Soberanía","Campana vs Soberanía","Robust Aitchison",6.34535351105757
"220707_13","220708_04","Campana","Soberanía","Campana vs Soberanía","Robust Aitchison",9.42326326265461
"220707_14","220708_04","Campana","Soberanía","Campana vs Soberanía","Robust Aitchison",4.33644765428828
"220707_15","220708_04","Campana","Soberanía","Campana vs Soberanía","Robust Aitchison",8.52564242918861
"220707_16","220708_04","Campana","Soberanía","Campana vs Soberanía","Robust Aitchison",5.64460998669092
"220707_17","220708_04","Campana","Soberanía","Campana vs Soberanía","Robust Aitchison",7.32948159265279
"220707_18","220708_04","Campana","Soberanía","Campana vs Soberanía","Robust Aitchison",4.23861286102383
"220707_19","220708_04","Campana","Soberanía","Campana vs Soberanía","Robust Aitchison",4.91117622017835
"220707_20","220708_04","Campana","Soberanía","Campana vs Soberanía","Robust Aitchison",6.25163495108826
"220707_11","220708_05","Campana","Soberanía","Campana vs Soberanía","Robust Aitchison",3.90687821803109
"220707_12","220708_05","Campana","Soberanía","Campana vs Soberanía","Robust Aitchison",4.56949710128452
"220707_13","220708_05","Campana","Soberanía","Campana vs Soberanía","Robust Aitchison",4.79340955322132
"220707_14","220708_05","Campana","Soberanía","Campana vs Soberanía","Robust Aitchison",6.00211213958242
"220707_15","220708_05","Campana","Soberanía","Campana vs Soberanía","Robust Aitchison",4.5332862896933
"220707_16","220708_05","Campana","Soberanía","Campana vs Soberanía","Robust Aitchison",3.7664993521404
"220707_17","220708_05","Campana","Soberanía","Campana vs Soberanía","Robust Aitchison",8.05803438341044
"220707_18","220708_05","Campana","Soberanía","Campana vs Soberanía","Robust Aitchison",6.24423689546767
"220707_19","220708_05","Campana","Soberanía","Campana vs Soberanía","Robust Aitchison",4.60937192129947
"220707_20","220708_05","Campana","Soberanía","Campana vs Soberanía","Robust Aitchison",4.58181866080722
"220707_11","220708_06","Campana","Soberanía","Campana vs Soberanía","Robust Aitchison",3.05427956631717
"220707_12","220708_06","Campana","Soberanía","Campana vs Soberanía","Robust Aitchison",4.96002107317296
"220707_13","220708_06","Campana","Soberanía","Campana vs Soberanía","Robust Aitchison",8.01276677719879
"220707_14","220708_06","Campana","Soberanía","Campana vs Soberanía","Robust Aitchison",3.33351149076251
"220707_15","220708_06","Campana","Soberanía","Campana vs Soberanía","Robust Aitchison",7.08395220702211
"220707_16","220708_06","Campana","Soberanía","Campana vs Soberanía","Robust Aitchison",3.89864116947627
"220707_17","220708_06","Campana","Soberanía","Campana vs Soberanía","Robust Aitchison",6.92873020789681
"220707_18","220708_06","Campana","Soberanía","Campana vs Soberanía","Robust Aitchison",3.36317790891047
"220707_19","220708_06","Campana","Soberanía","Campana vs Soberanía","Robust Aitchison",3.2979757261999
"220707_20","220708_06","Campana","Soberanía","Campana vs Soberanía","Robust Aitchison",4.64718056646291
"220707_11","220708_07","Campana","Soberanía","Campana vs Soberanía","Robust Aitchison",3.7553154029285
"220707_12","220708_07","Campana","Soberanía","Campana vs Soberanía","Robust Aitchison",4.16427783044884
"220707_13","220708_07","Campana","Soberanía","Campana vs Soberanía","Robust Aitchison",7.21638345510703
"220707_14","220708_07","Campana","Soberanía","Campana vs Soberanía","Robust Aitchison",2.69895370507739
"220707_15","220708_07","Campana","Soberanía","Campana vs Soberanía","Robust Aitchison",5.98621068018935
"220707_16","220708_07","Campana","Soberanía","Campana vs Soberanía","Robust Aitchison",3.74965090751897
"220707_17","220708_07","Campana","Soberanía","Campana vs Soberanía","Robust Aitchison",6.59035512085546
"220707_18","220708_07","Campana","Soberanía","Campana vs Soberanía","Robust Aitchison",3.7780900170615
"220707_19","220708_07","Campana","Soberanía","Campana vs Soberanía","Robust Aitchison",2.94346321505553
"220707_20","220708_07","Campana","Soberanía","Campana vs Soberanía","Robust Aitchison",3.55754312267943
"220707_11","220708_08","Campana","Soberanía","Campana vs Soberanía","Robust Aitchison",2.7738578060986
"220707_12","220708_08","Campana","Soberanía","Campana vs Soberanía","Robust Aitchison",2.60157639918336
"220707_13","220708_08","Campana","Soberanía","Campana vs Soberanía","Robust Aitchison",3.5299582757306
"220707_14","220708_08","Campana","Soberanía","Campana vs Soberanía","Robust Aitchison",4.03241291732161
"220707_15","220708_08","Campana","Soberanía","Campana vs Soberanía","Robust Aitchison",3.22884512556286
"220707_16","220708_08","Campana","Soberanía","Campana vs Soberanía","Robust Aitchison",2.06050615593034
"220707_17","220708_08","Campana","Soberanía","Campana vs Soberanía","Robust Aitchison",6.01542026287099
"220707_18","220708_08","Campana","Soberanía","Campana vs Soberanía","Robust Aitchison",4.28164791501903
"220707_19","220708_08","Campana","Soberanía","Campana vs Soberanía","Robust Aitchison",2.88147482442802
"220707_20","220708_08","Campana","Soberanía","Campana vs Soberanía","Robust Aitchison",3.59655856117505
"220707_11","220708_09","Campana","Soberanía","Campana vs Soberanía","Robust Aitchison",4.65792500667556
"220707_12","220708_09","Campana","Soberanía","Campana vs Soberanía","Robust Aitchison",2.25646295416293
"220707_13","220708_09","Campana","Soberanía","Campana vs Soberanía","Robust Aitchison",4.08244228723288
"220707_14","220708_09","Campana","Soberanía","Campana vs Soberanía","Robust Aitchison",3.00462046835245
"220707_15","220708_09","Campana","Soberanía","Campana vs Soberanía","Robust Aitchison",2.79213155805946
"220707_16","220708_09","Campana","Soberanía","Campana vs Soberanía","Robust Aitchison",3.38280301958415
"220707_17","220708_09","Campana","Soberanía","Campana vs Soberanía","Robust Aitchison",5.33099188857004
"220707_18","220708_09","Campana","Soberanía","Campana vs Soberanía","Robust Aitchison",4.4468117333131
"220707_19","220708_09","Campana","Soberanía","Campana vs Soberanía","Robust Aitchison",3.10088532667645
"220707_20","220708_09","Campana","Soberanía","Campana vs Soberanía","Robust Aitchison",3.03450831662991
"220707_11","220708_10","Campana","Soberanía","Campana vs Soberanía","Robust Aitchison",8.92645875648754
"220707_12","220708_10","Campana","Soberanía","Campana vs Soberanía","Robust Aitchison",6.01192845022711
"220707_13","220708_10","Campana","Soberanía","Campana vs Soberanía","Robust Aitchison",5.89140209192655
"220707_14","220708_10","Campana","Soberanía","Campana vs Soberanía","Robust Aitchison",6.2128261096253
"220707_15","220708_10","Campana","Soberanía","Campana vs Soberanía","Robust Aitchison",6.16160361345383
"220707_16","220708_10","Campana","Soberanía","Campana vs Soberanía","Robust Aitchison",7.60157734275119
"220707_17","220708_10","Campana","Soberanía","Campana vs Soberanía","Robust Aitchison",4.03143679457421
"220707_18","220708_10","Campana","Soberanía","Campana vs Soberanía","Robust Aitchison",6.64377556347259
"220707_19","220708_10","Campana","Soberanía","Campana vs Soberanía","Robust Aitchison",7.33143307414648
"220707_20","220708_10","Campana","Soberanía","Campana vs Soberanía","Robust Aitchison",8.23529580525957
