"Sample_1","Sample_2","Site_1","Site_2","Pair","Metric","Distance"
"250607_01","220604_01","Lost","Veragua","Lost vs Veragua","CLR-Aitchison",36.0039705053082
"250607_02","220604_01","Lost","Veragua","Lost vs Veragua","CLR-Aitchison",35.4253705115582
"250607_03","220604_01","Lost","Veragua","Lost vs Veragua","CLR-Aitchison",41.1703961503792
"250607_04","220604_01","Lost","Veragua","Lost vs Veragua","CLR-Aitchison",29.3812186854286
"250607_05","220604_01","Lost","Veragua","Lost vs Veragua","CLR-Aitchison",30.4249374533413
"250607_07","220604_01","Lost","Veragua","Lost vs Veragua","CLR-Aitchison",46.7127596134048
"250607_08","220604_01","Lost","Veragua","Lost vs Veragua","CLR-Aitchison",37.6317962239455
"250607_09","220604_01","Lost","Veragua","Lost vs Veragua","CLR-Aitchison",31.2626342242868
"250607_10","220604_01","Lost","Veragua","Lost vs Veragua","CLR-Aitchison",35.2037973016387
"250607_01","220604_02","Lost","Veragua","Lost vs Veragua","CLR-Aitchison",32.7119038097746
"250607_02","220604_02","Lost","Veragua","Lost vs Veragua","CLR-Aitchison",35.6356361593047
"250607_03","220604_02","Lost","Veragua","Lost vs Veragua","CLR-Aitchison",40.9852403550735
"250607_04","220604_02","Lost","Veragua","Lost vs Veragua","CLR-Aitchison",28.7745561653116
"250607_05","220604_02","Lost","Veragua","Lost vs Veragua","CLR-Aitchison",29.1377768874311
"250607_07","220604_02","Lost","Veragua","Lost vs Veragua","CLR-Aitchison",46.3101352854694
"250607_08","220604_02","Lost","Veragua","Lost vs Veragua","CLR-Aitchison",37.2302435254987
"250607_09","220604_02","Lost","Veragua","Lost vs Veragua","CLR-Aitchison",31.3296254759666
"250607_10","220604_02","Lost","Veragua","Lost vs Veragua","CLR-Aitchison",31.1812524790089
"250607_01","220604_03","Lost","Veragua","Lost vs Veragua","CLR-Aitchison",44.769855493405
"250607_02","220604_03","Lost","Veragua","Lost vs Veragua","CLR-Aitchison",43.2521507743984
"250607_03","220604_03","Lost","Veragua","Lost vs Veragua","CLR-Aitchison",49.797503466169
"250607_04","220604_03","Lost","Veragua","Lost vs Veragua","CLR-Aitchison",40.3906274242195
"250607_05","220604_03","Lost","Veragua","Lost vs Veragua","CLR-Aitchison",43.8711875440225
"250607_07","220604_03","Lost","Veragua","Lost vs Veragua","CLR-Aitchison",51.1004716129842
"250607_08","220604_03","Lost","Veragua","Lost vs Veragua","CLR-Aitchison",49.0433473036244
"250607_09","220604_03","Lost","Veragua","Lost vs Veragua","CLR-Aitchison",45.2838384910087
"250607_10","220604_03","Lost","Veragua","Lost vs Veragua","CLR-Aitchison",40.5513584389466
"250607_01","220604_04","Lost","Veragua","Lost vs Veragua","CLR-Aitchison",40.1103946492533
"250607_02","220604_04","Lost","Veragua","Lost vs Veragua","CLR-Aitchison",41.2536509373678
"250607_03","220604_04","Lost","Veragua","Lost vs Veragua","CLR-Aitchison",41.4781328795447
"250607_04","220604_04","Lost","Veragua","Lost vs Veragua","CLR-Aitchison",39.3737427987975
"250607_05","220604_04","Lost","Veragua","Lost vs Veragua","CLR-Aitchison",38.3605356485707
"250607_07","220604_04","Lost","Veragua","Lost vs Veragua","CLR-Aitchison",51.3388692661905
"250607_08","220604_04","Lost","Veragua","Lost vs Veragua","CLR-Aitchison",41.285865073175
"250607_09","220604_04","Lost","Veragua","Lost vs Veragua","CLR-Aitchison",39.426899581431
"250607_10","220604_04","Lost","Veragua","Lost vs Veragua","CLR-Aitchison",39.1268561086285
"250607_01","220604_05","Lost","Veragua","Lost vs Veragua","CLR-Aitchison",39.8812086865456
"250607_02","220604_05","Lost","Veragua","Lost vs Veragua","CLR-Aitchison",40.2833194072943
"250607_03","220604_05","Lost","Veragua","Lost vs Veragua","CLR-Aitchison",45.1829233381818
"250607_04","220604_05","Lost","Veragua","Lost vs Veragua","CLR-Aitchison",39.1243924880116
"250607_05","220604_05","Lost","Veragua","Lost vs Veragua","CLR-Aitchison",39.5781170158921
"250607_07","220604_05","Lost","Veragua","Lost vs Veragua","CLR-Aitchison",49.8816357270689
"250607_08","220604_05","Lost","Veragua","Lost vs Veragua","CLR-Aitchison",43.3500049973165
"250607_09","220604_05","Lost","Veragua","Lost vs Veragua","CLR-Aitchison",36.9555210992221
"250607_10","220604_05","Lost","Veragua","Lost vs Veragua","CLR-Aitchison",40.7194203591258
"250607_01","220604_06","Lost","Veragua","Lost vs Veragua","CLR-Aitchison",43.8078999101916
"250607_02","220604_06","Lost","Veragua","Lost vs Veragua","CLR-Aitchison",39.8418168724602
"250607_03","220604_06","Lost","Veragua","Lost vs Veragua","CLR-Aitchison",41.8126616384612
"250607_04","220604_06","Lost","Veragua","Lost vs Veragua","CLR-Aitchison",39.9942688327653
"250607_05","220604_06","Lost","Veragua","Lost vs Veragua","CLR-Aitchison",40.0568674611499
"250607_07","220604_06","Lost","Veragua","Lost vs Veragua","CLR-Aitchison",49.866574729214
"250607_08","220604_06","Lost","Veragua","Lost vs Veragua","CLR-Aitchison",40.4668120962263
"250607_09","220604_06","Lost","Veragua","Lost vs Veragua","CLR-Aitchison",39.0566444398497
"250607_10","220604_06","Lost","Veragua","Lost vs Veragua","CLR-Aitchison",42.3360433614208
"250607_01","220604_07","Lost","Veragua","Lost vs Veragua","CLR-Aitchison",47.7530123099532
"250607_02","220604_07","Lost","Veragua","Lost vs Veragua","CLR-Aitchison",46.4208666126875
"250607_03","220604_07","Lost","Veragua","Lost vs Veragua","CLR-Aitchison",44.2441139308309
"250607_04","220604_07","Lost","Veragua","Lost vs Veragua","CLR-Aitchison",48.0292861326647
"250607_05","220604_07","Lost","Veragua","Lost vs Veragua","CLR-Aitchison",49.7608418611097
"250607_07","220604_07","Lost","Veragua","Lost vs Veragua","CLR-Aitchison",55.8687036233113
"250607_08","220604_07","Lost","Veragua","Lost vs Veragua","CLR-Aitchison",49.2718793928382
"250607_09","220604_07","Lost","Veragua","Lost vs Veragua","CLR-Aitchison",48.1529049214167
"250607_10","220604_07","Lost","Veragua","Lost vs Veragua","CLR-Aitchison",49.7304736068943
"250607_01","220606_02","Lost","Veragua","Lost vs Veragua","CLR-Aitchison",44.3127879454796
"250607_02","220606_02","Lost","Veragua","Lost vs Veragua","CLR-Aitchison",42.9310713306617
"250607_03","220606_02","Lost","Veragua","Lost vs Veragua","CLR-Aitchison",42.62658727391
"250607_04","220606_02","Lost","Veragua","Lost vs Veragua","CLR-Aitchison",40.8122071099222
"250607_05","220606_02","Lost","Veragua","Lost vs Veragua","CLR-Aitchison",42.6272984464798
"250607_07","220606_02","Lost","Veragua","Lost vs Veragua","CLR-Aitchison",47.7572217265386
"250607_08","220606_02","Lost","Veragua","Lost vs Veragua","CLR-Aitchison",42.1351576090314
"250607_09","220606_02","Lost","Veragua","Lost vs Veragua","CLR-Aitchison",41.1034319472867
"250607_10","220606_02","Lost","Veragua","Lost vs Veragua","CLR-Aitchison",42.3429549798176
"250607_01","220606_04","Lost","Veragua","Lost vs Veragua","CLR-Aitchison",32.7634933352927
"250607_02","220606_04","Lost","Veragua","Lost vs Veragua","CLR-Aitchison",33.9077702929021
"250607_03","220606_04","Lost","Veragua","Lost vs Veragua","CLR-Aitchison",38.2235364477383
"250607_04","220606_04","Lost","Veragua","Lost vs Veragua","CLR-Aitchison",25.9724126682021
"250607_05","220606_04","Lost","Veragua","Lost vs Veragua","CLR-Aitchison",28.1409741506491
"250607_07","220606_04","Lost","Veragua","Lost vs Veragua","CLR-Aitchison",44.1155284185507
"250607_08","220606_04","Lost","Veragua","Lost vs Veragua","CLR-Aitchison",35.4060628947458
"250607_09","220606_04","Lost","Veragua","Lost vs Veragua","CLR-Aitchison",30.9962138842423
"250607_10","220606_04","Lost","Veragua","Lost vs Veragua","CLR-Aitchison",31.6856915276905
"250607_01","220607_01","Lost","Veragua","Lost vs Veragua","CLR-Aitchison",46.9623057733137
"250607_02","220607_01","Lost","Veragua","Lost vs Veragua","CLR-Aitchison",44.8650125995662
"250607_03","220607_01","Lost","Veragua","Lost vs Veragua","CLR-Aitchison",43.1256820282564
"250607_04","220607_01","Lost","Veragua","Lost vs Veragua","CLR-Aitchison",39.1325027099636
"250607_05","220607_01","Lost","Veragua","Lost vs Veragua","CLR-Aitchison",44.3022924552917
"250607_07","220607_01","Lost","Veragua","Lost vs Veragua","CLR-Aitchison",52.7629827652325
"250607_08","220607_01","Lost","Veragua","Lost vs Veragua","CLR-Aitchison",46.3399858191642
"250607_09","220607_01","Lost","Veragua","Lost vs Veragua","CLR-Aitchison",44.9641582543068
"250607_10","220607_01","Lost","Veragua","Lost vs Veragua","CLR-Aitchison",44.4845723223062
"250607_01","220607_02","Lost","Veragua","Lost vs Veragua","CLR-Aitchison",44.5015592773566
"250607_02","220607_02","Lost","Veragua","Lost vs Veragua","CLR-Aitchison",42.3606059580416
"250607_03","220607_02","Lost","Veragua","Lost vs Veragua","CLR-Aitchison",43.8682260289141
"250607_04","220607_02","Lost","Veragua","Lost vs Veragua","CLR-Aitchison",37.7433434914982
"250607_05","220607_02","Lost","Veragua","Lost vs Veragua","CLR-Aitchison",39.4047665394067
"250607_07","220607_02","Lost","Veragua","Lost vs Veragua","CLR-Aitchison",54.3198383258905
"250607_08","220607_02","Lost","Veragua","Lost vs Veragua","CLR-Aitchison",44.883901454324
"250607_09","220607_02","Lost","Veragua","Lost vs Veragua","CLR-Aitchison",41.3031711756974
"250607_10","220607_02","Lost","Veragua","Lost vs Veragua","CLR-Aitchison",42.1604198173663
"250607_01","220607_03","Lost","Veragua","Lost vs Veragua","CLR-Aitchison",45.3116667109433
"250607_02","220607_03","Lost","Veragua","Lost vs Veragua","CLR-Aitchison",40.8673754256869
"250607_03","220607_03","Lost","Veragua","Lost vs Veragua","CLR-Aitchison",37.7500780466218
"250607_04","220607_03","Lost","Veragua","Lost vs Veragua","CLR-Aitchison",39.4370787161574
"250607_05","220607_03","Lost","Veragua","Lost vs Veragua","CLR-Aitchison",43.3461164070165
"250607_07","220607_03","Lost","Veragua","Lost vs Veragua","CLR-Aitchison",51.5227928763921
"250607_08","220607_03","Lost","Veragua","Lost vs Veragua","CLR-Aitchison",42.6065217463734
"250607_09","220607_03","Lost","Veragua","Lost vs Veragua","CLR-Aitchison",42.1684699014168
"250607_10","220607_03","Lost","Veragua","Lost vs Veragua","CLR-Aitchison",43.1796500553261
"250607_01","220607_04","Lost","Veragua","Lost vs Veragua","CLR-Aitchison",40.559586406613
"250607_02","220607_04","Lost","Veragua","Lost vs Veragua","CLR-Aitchison",40.689608871292
"250607_03","220607_04","Lost","Veragua","Lost vs Veragua","CLR-Aitchison",38.3458702532171
"250607_04","220607_04","Lost","Veragua","Lost vs Veragua","CLR-Aitchison",38.8614361494332
"250607_05","220607_04","Lost","Veragua","Lost vs Veragua","CLR-Aitchison",40.3477755936657
"250607_07","220607_04","Lost","Veragua","Lost vs Veragua","CLR-Aitchison",48.454600444692
"250607_08","220607_04","Lost","Veragua","Lost vs Veragua","CLR-Aitchison",41.0365427100136
"250607_09","220607_04","Lost","Veragua","Lost vs Veragua","CLR-Aitchison",38.6132212235791
"250607_10","220607_04","Lost","Veragua","Lost vs Veragua","CLR-Aitchison",41.4638729909738
"250607_01","220609_01","Lost","Veragua","Lost vs Veragua","CLR-Aitchison",33.5799946728536
"250607_02","220609_01","Lost","Veragua","Lost vs Veragua","CLR-Aitchison",36.5914618772369
"250607_03","220609_01","Lost","Veragua","Lost vs Veragua","CLR-Aitchison",42.426373159937
"250607_04","220609_01","Lost","Veragua","Lost vs Veragua","CLR-Aitchison",32.8060606981181
"250607_05","220609_01","Lost","Veragua","Lost vs Veragua","CLR-Aitchison",30.8106567139075
"250607_07","220609_01","Lost","Veragua","Lost vs Veragua","CLR-Aitchison",48.1990505918057
"250607_08","220609_01","Lost","Veragua","Lost vs Veragua","CLR-Aitchison",39.1812240035044
"250607_09","220609_01","Lost","Veragua","Lost vs Veragua","CLR-Aitchison",32.76406441966
"250607_10","220609_01","Lost","Veragua","Lost vs Veragua","CLR-Aitchison",33.8344059783754
"250607_01","220609_02","Lost","Veragua","Lost vs Veragua","CLR-Aitchison",51.8225648706359
"250607_02","220609_02","Lost","Veragua","Lost vs Veragua","CLR-Aitchison",49.9969336219384
"250607_03","220609_02","Lost","Veragua","Lost vs Veragua","CLR-Aitchison",50.6628634864095
"250607_04","220609_02","Lost","Veragua","Lost vs Veragua","CLR-Aitchison",48.7945612969687
"250607_05","220609_02","Lost","Veragua","Lost vs Veragua","CLR-Aitchison",50.5836455088224
"250607_07","220609_02","Lost","Veragua","Lost vs Veragua","CLR-Aitchison",57.749455527764
"250607_08","220609_02","Lost","Veragua","Lost vs Veragua","CLR-Aitchison",50.9359574041593
"250607_09","220609_02","Lost","Veragua","Lost vs Veragua","CLR-Aitchison",48.980384063333
"250607_10","220609_02","Lost","Veragua","Lost vs Veragua","CLR-Aitchison",52.2834625191883
"250607_01","220609_03","Lost","Veragua","Lost vs Veragua","CLR-Aitchison",43.3656349811786
"250607_02","220609_03","Lost","Veragua","Lost vs Veragua","CLR-Aitchison",43.5720867825945
"250607_03","220609_03","Lost","Veragua","Lost vs Veragua","CLR-Aitchison",47.5684720512917
"250607_04","220609_03","Lost","Veragua","Lost vs Veragua","CLR-Aitchison",46.0399675713217
"250607_05","220609_03","Lost","Veragua","Lost vs Veragua","CLR-Aitchison",46.1791140051822
"250607_07","220609_03","Lost","Veragua","Lost vs Veragua","CLR-Aitchison",55.3520684914983
"250607_08","220609_03","Lost","Veragua","Lost vs Veragua","CLR-Aitchison",44.338704506028
"250607_09","220609_03","Lost","Veragua","Lost vs Veragua","CLR-Aitchison",43.6756498566093
"250607_10","220609_03","Lost","Veragua","Lost vs Veragua","CLR-Aitchison",45.5839744062443
"250607_01","220609_04","Lost","Veragua","Lost vs Veragua","CLR-Aitchison",45.1186830674128
"250607_02","220609_04","Lost","Veragua","Lost vs Veragua","CLR-Aitchison",44.9759920259308
"250607_03","220609_04","Lost","Veragua","Lost vs Veragua","CLR-Aitchison",42.2383556074038
"250607_04","220609_04","Lost","Veragua","Lost vs Veragua","CLR-Aitchison",39.85924912747
"250607_05","220609_04","Lost","Veragua","Lost vs Veragua","CLR-Aitchison",44.338414381763
"250607_07","220609_04","Lost","Veragua","Lost vs Veragua","CLR-Aitchison",50.138824796209
"250607_08","220609_04","Lost","Veragua","Lost vs Veragua","CLR-Aitchison",46.139009247224
"250607_09","220609_04","Lost","Veragua","Lost vs Veragua","CLR-Aitchison",42.013059421056
"250607_10","220609_04","Lost","Veragua","Lost vs Veragua","CLR-Aitchison",42.3712908035037
"250607_01","220609_07","Lost","Veragua","Lost vs Veragua","CLR-Aitchison",54.0938800818071
"250607_02","220609_07","Lost","Veragua","Lost vs Veragua","CLR-Aitchison",53.996351197503
"250607_03","220609_07","Lost","Veragua","Lost vs Veragua","CLR-Aitchison",53.562488660694
"250607_04","220609_07","Lost","Veragua","Lost vs Veragua","CLR-Aitchison",51.5503290958375
"250607_05","220609_07","Lost","Veragua","Lost vs Veragua","CLR-Aitchison",53.3453738660135
"250607_07","220609_07","Lost","Veragua","Lost vs Veragua","CLR-Aitchison",58.5051069819704
"250607_08","220609_07","Lost","Veragua","Lost vs Veragua","CLR-Aitchison",52.7242061346641
"250607_09","220609_07","Lost","Veragua","Lost vs Veragua","CLR-Aitchison",51.4018408839472
"250607_10","220609_07","Lost","Veragua","Lost vs Veragua","CLR-Aitchison",53.6517538640033
"250607_01","220707_11","Lost","Campana","Lost vs Campana","CLR-Aitchison",48.8732327596383
"250607_02","220707_11","Lost","Campana","Lost vs Campana","CLR-Aitchison",45.0815101908664
"250607_03","220707_11","Lost","Campana","Lost vs Campana","CLR-Aitchison",45.5238464329434
"250607_04","220707_11","Lost","Campana","Lost vs Campana","CLR-Aitchison",41.6219624840369
"250607_05","220707_11","Lost","Campana","Lost vs Campana","CLR-Aitchison",46.2199342754996
"250607_07","220707_11","Lost","Campana","Lost vs Campana","CLR-Aitchison",52.0355774353838
"250607_08","220707_11","Lost","Campana","Lost vs Campana","CLR-Aitchison",46.4689704802765
"250607_09","220707_11","Lost","Campana","Lost vs Campana","CLR-Aitchison",44.6154328042046
"250607_10","220707_11","Lost","Campana","Lost vs Campana","CLR-Aitchison",45.798806437456
"250607_01","220707_12","Lost","Campana","Lost vs Campana","CLR-Aitchison",47.8673174642992
"250607_02","220707_12","Lost","Campana","Lost vs Campana","CLR-Aitchison",44.6273648318248
"250607_03","220707_12","Lost","Campana","Lost vs Campana","CLR-Aitchison",39.8102539415127
"250607_04","220707_12","Lost","Campana","Lost vs Campana","CLR-Aitchison",40.8630757589765
"250607_05","220707_12","Lost","Campana","Lost vs Campana","CLR-Aitchison",46.4898345899715
"250607_07","220707_12","Lost","Campana","Lost vs Campana","CLR-Aitchison",53.3965480277517
"250607_08","220707_12","Lost","Campana","Lost vs Campana","CLR-Aitchison",46.23289145004
"250607_09","220707_12","Lost","Campana","Lost vs Campana","CLR-Aitchison",44.4741508925135
"250607_10","220707_12","Lost","Campana","Lost vs Campana","CLR-Aitchison",44.3486129913297
"250607_01","220707_13","Lost","Campana","Lost vs Campana","CLR-Aitchison",47.8160919423305
"250607_02","220707_13","Lost","Campana","Lost vs Campana","CLR-Aitchison",42.150341032774
"250607_03","220707_13","Lost","Campana","Lost vs Campana","CLR-Aitchison",42.396114618447
"250607_04","220707_13","Lost","Campana","Lost vs Campana","CLR-Aitchison",39.0305060945056
"250607_05","220707_13","Lost","Campana","Lost vs Campana","CLR-Aitchison",45.2622850127064
"250607_07","220707_13","Lost","Campana","Lost vs Campana","CLR-Aitchison",51.5661801550931
"250607_08","220707_13","Lost","Campana","Lost vs Campana","CLR-Aitchison",46.6804500803035
"250607_09","220707_13","Lost","Campana","Lost vs Campana","CLR-Aitchison",45.2460452502822
"250607_10","220707_13","Lost","Campana","Lost vs Campana","CLR-Aitchison",45.2714460100763
"250607_01","220707_14","Lost","Campana","Lost vs Campana","CLR-Aitchison",45.7664706280063
"250607_02","220707_14","Lost","Campana","Lost vs Campana","CLR-Aitchison",42.251101104341
"250607_03","220707_14","Lost","Campana","Lost vs Campana","CLR-Aitchison",39.464901260661
"250607_04","220707_14","Lost","Campana","Lost vs Campana","CLR-Aitchison",37.4495151643867
"250607_05","220707_14","Lost","Campana","Lost vs Campana","CLR-Aitchison",42.146626553692
"250607_07","220707_14","Lost","Campana","Lost vs Campana","CLR-Aitchison",49.8507048621081
"250607_08","220707_14","Lost","Campana","Lost vs Campana","CLR-Aitchison",43.8669583180965
"250607_09","220707_14","Lost","Campana","Lost vs Campana","CLR-Aitchison",42.3793649147094
"250607_10","220707_14","Lost","Campana","Lost vs Campana","CLR-Aitchison",42.4852947513453
"250607_01","220707_15","Lost","Campana","Lost vs Campana","CLR-Aitchison",45.5480502373648
"250607_02","220707_15","Lost","Campana","Lost vs Campana","CLR-Aitchison",41.3617584082422
"250607_03","220707_15","Lost","Campana","Lost vs Campana","CLR-Aitchison",44.1648292168371
"250607_04","220707_15","Lost","Campana","Lost vs Campana","CLR-Aitchison",36.283812999467
"250607_05","220707_15","Lost","Campana","Lost vs Campana","CLR-Aitchison",41.8184027253827
"250607_07","220707_15","Lost","Campana","Lost vs Campana","CLR-Aitchison",52.626776919254
"250607_08","220707_15","Lost","Campana","Lost vs Campana","CLR-Aitchison",45.6664929234791
"250607_09","220707_15","Lost","Campana","Lost vs Campana","CLR-Aitchison",43.8978131244236
"250607_10","220707_15","Lost","Campana","Lost vs Campana","CLR-Aitchison",41.4403755167461
"250607_01","220707_16","Lost","Campana","Lost vs Campana","CLR-Aitchison",48.8581056338296
"250607_02","220707_16","Lost","Campana","Lost vs Campana","CLR-Aitchison",45.5740923281446
"250607_03","220707_16","Lost","Campana","Lost vs Campana","CLR-Aitchison",40.9834133592168
"250607_04","220707_16","Lost","Campana","Lost vs Campana","CLR-Aitchison",40.4845866135623
"250607_05","220707_16","Lost","Campana","Lost vs Campana","CLR-Aitchison",45.5515418770801
"250607_07","220707_16","Lost","Campana","Lost vs Campana","CLR-Aitchison",55.3306740420924
"250607_08","220707_16","Lost","Campana","Lost vs Campana","CLR-Aitchison",45.9980838384912
"250607_09","220707_16","Lost","Campana","Lost vs Campana","CLR-Aitchison",45.9720959231868
"250607_10","220707_16","Lost","Campana","Lost vs Campana","CLR-Aitchison",45.1008610505582
"250607_01","220707_17","Lost","Campana","Lost vs Campana","CLR-Aitchison",47.508150151915
"250607_02","220707_17","Lost","Campana","Lost vs Campana","CLR-Aitchison",43.6761047215754
"250607_03","220707_17","Lost","Campana","Lost vs Campana","CLR-Aitchison",40.5258349681451
"250607_04","220707_17","Lost","Campana","Lost vs Campana","CLR-Aitchison",40.0311029913912
"250607_05","220707_17","Lost","Campana","Lost vs Campana","CLR-Aitchison",45.6606855362207
"250607_07","220707_17","Lost","Campana","Lost vs Campana","CLR-Aitchison",50.7049482886304
"250607_08","220707_17","Lost","Campana","Lost vs Campana","CLR-Aitchison",45.5780742076813
"250607_09","220707_17","Lost","Campana","Lost vs Campana","CLR-Aitchison",45.3390041101896
"250607_10","220707_17","Lost","Campana","Lost vs Campana","CLR-Aitchison",44.0956024704903
"250607_01","220707_18","Lost","Campana","Lost vs Campana","CLR-Aitchison",52.0206204512396
"250607_02","220707_18","Lost","Campana","Lost vs Campana","CLR-Aitchison",46.2661810369221
"250607_03","220707_18","Lost","Campana","Lost vs Campana","CLR-Aitchison",44.0475192261777
"250607_04","220707_18","Lost","Campana","Lost vs Campana","CLR-Aitchison",44.367730721484
"250607_05","220707_18","Lost","Campana","Lost vs Campana","CLR-Aitchison",49.3020256698916
"250607_07","220707_18","Lost","Campana","Lost vs Campana","CLR-Aitchison",58.0335424284829
"250607_08","220707_18","Lost","Campana","Lost vs Campana","CLR-Aitchison",48.3007464036353
"250607_09","220707_18","Lost","Campana","Lost vs Campana","CLR-Aitchison",49.0493202660997
"250607_10","220707_18","Lost","Campana","Lost vs Campana","CLR-Aitchison",49.2705920528663
"250607_01","220707_19","Lost","Campana","Lost vs Campana","CLR-Aitchison",50.0642331709234
"250607_02","220707_19","Lost","Campana","Lost vs Campana","CLR-Aitchison",46.6080517609113
"250607_03","220707_19","Lost","Campana","Lost vs Campana","CLR-Aitchison",47.8744374001438
"250607_04","220707_19","Lost","Campana","Lost vs Campana","CLR-Aitchison",40.1882260464739
"250607_05","220707_19","Lost","Campana","Lost vs Campana","CLR-Aitchison",44.0074006267925
"250607_07","220707_19","Lost","Campana","Lost vs Campana","CLR-Aitchison",54.1044710847392
"250607_08","220707_19","Lost","Campana","Lost vs Campana","CLR-Aitchison",49.0431100572609
"250607_09","220707_19","Lost","Campana","Lost vs Campana","CLR-Aitchison",45.8540920451952
"250607_10","220707_19","Lost","Campana","Lost vs Campana","CLR-Aitchison",46.4646480721727
"250607_01","220707_20","Lost","Campana","Lost vs Campana","CLR-Aitchison",50.3148470434489
"250607_02","220707_20","Lost","Campana","Lost vs Campana","CLR-Aitchison",47.2964619526773
"250607_03","220707_20","Lost","Campana","Lost vs Campana","CLR-Aitchison",43.2747028139223
"250607_04","220707_20","Lost","Campana","Lost vs Campana","CLR-Aitchison",41.2811540435519
"250607_05","220707_20","Lost","Campana","Lost vs Campana","CLR-Aitchison",47.871120121601
"250607_07","220707_20","Lost","Campana","Lost vs Campana","CLR-Aitchison",52.7679342539243
"250607_08","220707_20","Lost","Campana","Lost vs Campana","CLR-Aitchison",48.2139028546804
"250607_09","220707_20","Lost","Campana","Lost vs Campana","CLR-Aitchison",46.9547334375371
"250607_10","220707_20","Lost","Campana","Lost vs Campana","CLR-Aitchison",45.0614967793223
"250607_01","220708_01","Lost","Soberanía","Lost vs Soberanía","CLR-Aitchison",40.2168194725365
"250607_02","220708_01","Lost","Soberanía","Lost vs Soberanía","CLR-Aitchison",38.4372720286218
"250607_03","220708_01","Lost","Soberanía","Lost vs Soberanía","CLR-Aitchison",38.3874998489873
"250607_04","220708_01","Lost","Soberanía","Lost vs Soberanía","CLR-Aitchison",36.5323789537888
"250607_05","220708_01","Lost","Soberanía","Lost vs Soberanía","CLR-Aitchison",41.6805439328202
"250607_07","220708_01","Lost","Soberanía","Lost vs Soberanía","CLR-Aitchison",45.6966539427426
"250607_08","220708_01","Lost","Soberanía","Lost vs Soberanía","CLR-Aitchison",39.8421726852691
"250607_09","220708_01","Lost","Soberanía","Lost vs Soberanía","CLR-Aitchison",39.6927939206856
"250607_10","220708_01","Lost","Soberanía","Lost vs Soberanía","CLR-Aitchison",40.017889852544
"250607_01","220708_02","Lost","Soberanía","Lost vs Soberanía","CLR-Aitchison",40.483725485511
"250607_02","220708_02","Lost","Soberanía","Lost vs Soberanía","CLR-Aitchison",39.7858388861815
"250607_03","220708_02","Lost","Soberanía","Lost vs Soberanía","CLR-Aitchison",42.0134148696717
"250607_04","220708_02","Lost","Soberanía","Lost vs Soberanía","CLR-Aitchison",34.7481293684652
"250607_05","220708_02","Lost","Soberanía","Lost vs Soberanía","CLR-Aitchison",36.4776396337327
"250607_07","220708_02","Lost","Soberanía","Lost vs Soberanía","CLR-Aitchison",51.3438095474367
"250607_08","220708_02","Lost","Soberanía","Lost vs Soberanía","CLR-Aitchison",39.9343871829527
"250607_09","220708_02","Lost","Soberanía","Lost vs Soberanía","CLR-Aitchison",38.907592733872
"250607_10","220708_02","Lost","Soberanía","Lost vs Soberanía","CLR-Aitchison",39.5763762190588
"250607_01","220708_03","Lost","Soberanía","Lost vs Soberanía","CLR-Aitchison",42.6222884226893
"250607_02","220708_03","Lost","Soberanía","Lost vs Soberanía","CLR-Aitchison",40.3236616142869
"250607_03","220708_03","Lost","Soberanía","Lost vs Soberanía","CLR-Aitchison",41.4674034969438
"250607_04","220708_03","Lost","Soberanía","Lost vs Soberanía","CLR-Aitchison",35.3980100763981
"250607_05","220708_03","Lost","Soberanía","Lost vs Soberanía","CLR-Aitchison",39.2179645795912
"250607_07","220708_03","Lost","Soberanía","Lost vs Soberanía","CLR-Aitchison",50.2946215490924
"250607_08","220708_03","Lost","Soberanía","Lost vs Soberanía","CLR-Aitchison",41.4591293431964
"250607_09","220708_03","Lost","Soberanía","Lost vs Soberanía","CLR-Aitchison",41.2393093206155
"250607_10","220708_03","Lost","Soberanía","Lost vs Soberanía","CLR-Aitchison",39.8674978366216
"250607_01","220708_04","Lost","Soberanía","Lost vs Soberanía","CLR-Aitchison",42.4755787695797
"250607_02","220708_04","Lost","Soberanía","Lost vs Soberanía","CLR-Aitchison",40.2942772041607
"250607_03","220708_04","Lost","Soberanía","Lost vs Soberanía","CLR-Aitchison",44.8159632187579
"250607_04","220708_04","Lost","Soberanía","Lost vs Soberanía","CLR-Aitchison",39.614730300879
"250607_05","220708_04","Lost","Soberanía","Lost vs Soberanía","CLR-Aitchison",40.387099556
"250607_07","220708_04","Lost","Soberanía","Lost vs Soberanía","CLR-Aitchison",52.360986421664
"250607_08","220708_04","Lost","Soberanía","Lost vs Soberanía","CLR-Aitchison",43.8449735460231
"250607_09","220708_04","Lost","Soberanía","Lost vs Soberanía","CLR-Aitchison",42.6336328638544
"250607_10","220708_04","Lost","Soberanía","Lost vs Soberanía","CLR-Aitchison",42.4223283946449
"250607_01","220708_05","Lost","Soberanía","Lost vs Soberanía","CLR-Aitchison",42.1759018769498
"250607_02","220708_05","Lost","Soberanía","Lost vs Soberanía","CLR-Aitchison",40.246223861138
"250607_03","220708_05","Lost","Soberanía","Lost vs Soberanía","CLR-Aitchison",44.450194362842
"250607_04","220708_05","Lost","Soberanía","Lost vs Soberanía","CLR-Aitchison",30.2298886975129
"250607_05","220708_05","Lost","Soberanía","Lost vs Soberanía","CLR-Aitchison",36.4311852197228
"250607_07","220708_05","Lost","Soberanía","Lost vs Soberanía","CLR-Aitchison",51.0216796737097
"250607_08","220708_05","Lost","Soberanía","Lost vs Soberanía","CLR-Aitchison",42.0931409523264
"250607_09","220708_05","Lost","Soberanía","Lost vs Soberanía","CLR-Aitchison",39.1377915422385
"250607_10","220708_05","Lost","Soberanía","Lost vs Soberanía","CLR-Aitchison",37.0834679360617
"250607_01","220708_06","Lost","Soberanía","Lost vs Soberanía","CLR-Aitchison",41.4062451511624
"250607_02","220708_06","Lost","Soberanía","Lost vs Soberanía","CLR-Aitchison",36.5927720637294
"250607_03","220708_06","Lost","Soberanía","Lost vs Soberanía","CLR-Aitchison",38.4248506389052
"250607_04","220708_06","Lost","Soberanía","Lost vs Soberanía","CLR-Aitchison",36.6402340586961
"250607_05","220708_06","Lost","Soberanía","Lost vs Soberanía","CLR-Aitchison",40.1648917161344
"250607_07","220708_06","Lost","Soberanía","Lost vs Soberanía","CLR-Aitchison",46.6643444416774
"250607_08","220708_06","Lost","Soberanía","Lost vs Soberanía","CLR-Aitchison",39.5926168788304
"250607_09","220708_06","Lost","Soberanía","Lost vs Soberanía","CLR-Aitchison",37.5302674059789
"250607_10","220708_06","Lost","Soberanía","Lost vs Soberanía","CLR-Aitchison",39.535862370116
"250607_01","220708_07","Lost","Soberanía","Lost vs Soberanía","CLR-Aitchison",44.5668281472128
"250607_02","220708_07","Lost","Soberanía","Lost vs Soberanía","CLR-Aitchison",43.739388785228
"250607_03","220708_07","Lost","Soberanía","Lost vs Soberanía","CLR-Aitchison",42.7676112019923
"250607_04","220708_07","Lost","Soberanía","Lost vs Soberanía","CLR-Aitchison",37.8572133087715
"250607_05","220708_07","Lost","Soberanía","Lost vs Soberanía","CLR-Aitchison",42.3224404784099
"250607_07","220708_07","Lost","Soberanía","Lost vs Soberanía","CLR-Aitchison",48.1442850414873
"250607_08","220708_07","Lost","Soberanía","Lost vs Soberanía","CLR-Aitchison",45.1697039051412
"250607_09","220708_07","Lost","Soberanía","Lost vs Soberanía","CLR-Aitchison",43.5823631304318
"250607_10","220708_07","Lost","Soberanía","Lost vs Soberanía","CLR-Aitchison",41.2726618267509
"250607_01","220708_08","Lost","Soberanía","Lost vs Soberanía","CLR-Aitchison",42.5447437524622
"250607_02","220708_08","Lost","Soberanía","Lost vs Soberanía","CLR-Aitchison",41.4815033670965
"250607_03","220708_08","Lost","Soberanía","Lost vs Soberanía","CLR-Aitchison",39.9113848962942
"250607_04","220708_08","Lost","Soberanía","Lost vs Soberanía","CLR-Aitchison",38.3073929618829
"250607_05","220708_08","Lost","Soberanía","Lost vs Soberanía","CLR-Aitchison",44.6070210644941
"250607_07","220708_08","Lost","Soberanía","Lost vs Soberanía","CLR-Aitchison",46.2116073528387
"250607_08","220708_08","Lost","Soberanía","Lost vs Soberanía","CLR-Aitchison",41.026107926922
"250607_09","220708_08","Lost","Soberanía","Lost vs Soberanía","CLR-Aitchison",42.4078116480075
"250607_10","220708_08","Lost","Soberanía","Lost vs Soberanía","CLR-Aitchison",40.178517578077
"250607_01","220708_09","Lost","Soberanía","Lost vs Soberanía","CLR-Aitchison",49.7003142744435
"250607_02","220708_09","Lost","Soberanía","Lost vs Soberanía","CLR-Aitchison",46.2808893340341
"250607_03","220708_09","Lost","Soberanía","Lost vs Soberanía","CLR-Aitchison",45.3870093128973
"250607_04","220708_09","Lost","Soberanía","Lost vs Soberanía","CLR-Aitchison",41.2262221066853
"250607_05","220708_09","Lost","Soberanía","Lost vs Soberanía","CLR-Aitchison",47.7135745184313
"250607_07","220708_09","Lost","Soberanía","Lost vs Soberanía","CLR-Aitchison",51.9994895708558
"250607_08","220708_09","Lost","Soberanía","Lost vs Soberanía","CLR-Aitchison",49.6190621563014
"250607_09","220708_09","Lost","Soberanía","Lost vs Soberanía","CLR-Aitchison",46.1118577694888
"250607_10","220708_09","Lost","Soberanía","Lost vs Soberanía","CLR-Aitchison",46.4450081037254
"250607_01","220708_10","Lost","Soberanía","Lost vs Soberanía","CLR-Aitchison",40.4605711689127
"250607_02","220708_10","Lost","Soberanía","Lost vs Soberanía","CLR-Aitchison",43.0443967530668
"250607_03","220708_10","Lost","Soberanía","Lost vs Soberanía","CLR-Aitchison",45.8927323699366
"250607_04","220708_10","Lost","Soberanía","Lost vs Soberanía","CLR-Aitchison",38.5508294935256
"250607_05","220708_10","Lost","Soberanía","Lost vs Soberanía","CLR-Aitchison",44.4788224487492
"250607_07","220708_10","Lost","Soberanía","Lost vs Soberanía","CLR-Aitchison",50.6080400964578
"250607_08","220708_10","Lost","Soberanía","Lost vs Soberanía","CLR-Aitchison",44.8321266322657
"250607_09","220708_10","Lost","Soberanía","Lost vs Soberanía","CLR-Aitchison",44.7099623836749
"250607_10","220708_10","Lost","Soberanía","Lost vs Soberanía","CLR-Aitchison",37.5074934943713
"220604_01","220707_11","Veragua","Campana","Veragua vs Campana","CLR-Aitchison",44.0839483211188
"220604_02","220707_11","Veragua","Campana","Veragua vs Campana","CLR-Aitchison",45.661345939683
"220604_03","220707_11","Veragua","Campana","Veragua vs Campana","CLR-Aitchison",52.0553508454028
"220604_04","220707_11","Veragua","Campana","Veragua vs Campana","CLR-Aitchison",48.8058900286647
"220604_05","220707_11","Veragua","Campana","Veragua vs Campana","CLR-Aitchison",48.7817705864175
"220604_06","220707_11","Veragua","Campana","Veragua vs Campana","CLR-Aitchison",45.3875861421919
"220604_07","220707_11","Veragua","Campana","Veragua vs Campana","CLR-Aitchison",50.6896038276353
"220606_02","220707_11","Veragua","Campana","Veragua vs Campana","CLR-Aitchison",43.0348880761661
"220606_04","220707_11","Veragua","Campana","Veragua vs Campana","CLR-Aitchison",40.3312390311106
"220607_01","220707_11","Veragua","Campana","Veragua vs Campana","CLR-Aitchison",39.8762171978161
"220607_02","220707_11","Veragua","Campana","Veragua vs Campana","CLR-Aitchison",43.8560640407628
"220607_03","220707_11","Veragua","Campana","Veragua vs Campana","CLR-Aitchison",39.3992023481618
"220607_04","220707_11","Veragua","Campana","Veragua vs Campana","CLR-Aitchison",40.8268858272863
"220609_01","220707_11","Veragua","Campana","Veragua vs Campana","CLR-Aitchison",48.0670041528427
"220609_02","220707_11","Veragua","Campana","Veragua vs Campana","CLR-Aitchison",47.5076179480139
"220609_03","220707_11","Veragua","Campana","Veragua vs Campana","CLR-Aitchison",49.145055386255
"220609_04","220707_11","Veragua","Campana","Veragua vs Campana","CLR-Aitchison",42.6528597015469
"220609_07","220707_11","Veragua","Campana","Veragua vs Campana","CLR-Aitchison",50.7929612585183
"220604_01","220707_12","Veragua","Campana","Veragua vs Campana","CLR-Aitchison",45.1200411523014
"220604_02","220707_12","Veragua","Campana","Veragua vs Campana","CLR-Aitchison",47.6797493188939
"220604_03","220707_12","Veragua","Campana","Veragua vs Campana","CLR-Aitchison",49.247924242074
"220604_04","220707_12","Veragua","Campana","Veragua vs Campana","CLR-Aitchison",48.6074289818234
"220604_05","220707_12","Veragua","Campana","Veragua vs Campana","CLR-Aitchison",51.3901207826512
"220604_06","220707_12","Veragua","Campana","Veragua vs Campana","CLR-Aitchison",49.0179450353464
"220604_07","220707_12","Veragua","Campana","Veragua vs Campana","CLR-Aitchison",46.5897117035213
"220606_02","220707_12","Veragua","Campana","Veragua vs Campana","CLR-Aitchison",43.4712317512381
"220606_04","220707_12","Veragua","Campana","Veragua vs Campana","CLR-Aitchison",42.3764290743817
"220607_01","220707_12","Veragua","Campana","Veragua vs Campana","CLR-Aitchison",37.4658669646302
"220607_02","220707_12","Veragua","Campana","Veragua vs Campana","CLR-Aitchison",46.1181108852101
"220607_03","220707_12","Veragua","Campana","Veragua vs Campana","CLR-Aitchison",32.2522430233745
"220607_04","220707_12","Veragua","Campana","Veragua vs Campana","CLR-Aitchison",40.2275181190166
"220609_01","220707_12","Veragua","Campana","Veragua vs Campana","CLR-Aitchison",51.6236133958556
"220609_02","220707_12","Veragua","Campana","Veragua vs Campana","CLR-Aitchison",54.7923931930986
"220609_03","220707_12","Veragua","Campana","Veragua vs Campana","CLR-Aitchison",53.2731647215735
"220609_04","220707_12","Veragua","Campana","Veragua vs Campana","CLR-Aitchison",40.1541463732546
"220609_07","220707_12","Veragua","Campana","Veragua vs Campana","CLR-Aitchison",55.9051551698791
"220604_01","220707_13","Veragua","Campana","Veragua vs Campana","CLR-Aitchison",43.2800245116166
"220604_02","220707_13","Veragua","Campana","Veragua vs Campana","CLR-Aitchison",47.824702956517
"220604_03","220707_13","Veragua","Campana","Veragua vs Campana","CLR-Aitchison",47.5873319494907
"220604_04","220707_13","Veragua","Campana","Veragua vs Campana","CLR-Aitchison",48.723844656341
"220604_05","220707_13","Veragua","Campana","Veragua vs Campana","CLR-Aitchison",51.8623681420308
"220604_06","220707_13","Veragua","Campana","Veragua vs Campana","CLR-Aitchison",47.4195712336715
"220604_07","220707_13","Veragua","Campana","Veragua vs Campana","CLR-Aitchison",48.8280361847794
"220606_02","220707_13","Veragua","Campana","Veragua vs Campana","CLR-Aitchison",45.4524473898867
"220606_04","220707_13","Veragua","Campana","Veragua vs Campana","CLR-Aitchison",40.3780395381055
"220607_01","220707_13","Veragua","Campana","Veragua vs Campana","CLR-Aitchison",39.7231876903533
"220607_02","220707_13","Veragua","Campana","Veragua vs Campana","CLR-Aitchison",45.975715203418
"220607_03","220707_13","Veragua","Campana","Veragua vs Campana","CLR-Aitchison",35.5922959351705
"220607_04","220707_13","Veragua","Campana","Veragua vs Campana","CLR-Aitchison",41.3938025468721
"220609_01","220707_13","Veragua","Campana","Veragua vs Campana","CLR-Aitchison",52.0901537183518
"220609_02","220707_13","Veragua","Campana","Veragua vs Campana","CLR-Aitchison",50.4211979648265
"220609_03","220707_13","Veragua","Campana","Veragua vs Campana","CLR-Aitchison",52.4444573479747
"220609_04","220707_13","Veragua","Campana","Veragua vs Campana","CLR-Aitchison",40.230551583677
"220609_07","220707_13","Veragua","Campana","Veragua vs Campana","CLR-Aitchison",52.0447243231376
"220604_01","220707_14","Veragua","Campana","Veragua vs Campana","CLR-Aitchison",41.4479194930038
"220604_02","220707_14","Veragua","Campana","Veragua vs Campana","CLR-Aitchison",42.2609791101366
"220604_03","220707_14","Veragua","Campana","Veragua vs Campana","CLR-Aitchison",46.1908740640589
"220604_04","220707_14","Veragua","Campana","Veragua vs Campana","CLR-Aitchison",44.2592382643943
"220604_05","220707_14","Veragua","Campana","Veragua vs Campana","CLR-Aitchison",47.7195780107139
"220604_06","220707_14","Veragua","Campana","Veragua vs Campana","CLR-Aitchison",43.4393284563874
"220604_07","220707_14","Veragua","Campana","Veragua vs Campana","CLR-Aitchison",49.2171898761549
"220606_02","220707_14","Veragua","Campana","Veragua vs Campana","CLR-Aitchison",42.7032477947335
"220606_04","220707_14","Veragua","Campana","Veragua vs Campana","CLR-Aitchison",36.3988003640708
"220607_01","220707_14","Veragua","Campana","Veragua vs Campana","CLR-Aitchison",39.3284812100871
"220607_02","220707_14","Veragua","Campana","Veragua vs Campana","CLR-Aitchison",40.3635004698489
"220607_03","220707_14","Veragua","Campana","Veragua vs Campana","CLR-Aitchison",36.2984865587894
"220607_04","220707_14","Veragua","Campana","Veragua vs Campana","CLR-Aitchison",38.041400091742
"220609_01","220707_14","Veragua","Campana","Veragua vs Campana","CLR-Aitchison",45.9280478328353
"220609_02","220707_14","Veragua","Campana","Veragua vs Campana","CLR-Aitchison",47.3603725224646
"220609_03","220707_14","Veragua","Campana","Veragua vs Campana","CLR-Aitchison",50.8435089462626
"220609_04","220707_14","Veragua","Campana","Veragua vs Campana","CLR-Aitchison",39.7512429171019
"220609_07","220707_14","Veragua","Campana","Veragua vs Campana","CLR-Aitchison",49.3426248473258
"220604_01","220707_15","Veragua","Campana","Veragua vs Campana","CLR-Aitchison",40.9720178514465
"220604_02","220707_15","Veragua","Campana","Veragua vs Campana","CLR-Aitchison",42.0733755197107
"220604_03","220707_15","Veragua","Campana","Veragua vs Campana","CLR-Aitchison",47.6483673217989
"220604_04","220707_15","Veragua","Campana","Veragua vs Campana","CLR-Aitchison",46.3957886328766
"220604_05","220707_15","Veragua","Campana","Veragua vs Campana","CLR-Aitchison",47.6923998679343
"220604_06","220707_15","Veragua","Campana","Veragua vs Campana","CLR-Aitchison",45.4857371092698
"220604_07","220707_15","Veragua","Campana","Veragua vs Campana","CLR-Aitchison",52.4319625688006
"220606_02","220707_15","Veragua","Campana","Veragua vs Campana","CLR-Aitchison",43.3388310582912
"220606_04","220707_15","Veragua","Campana","Veragua vs Campana","CLR-Aitchison",37.7426784194912
"220607_01","220707_15","Veragua","Campana","Veragua vs Campana","CLR-Aitchison",37.7761824666655
"220607_02","220707_15","Veragua","Campana","Veragua vs Campana","CLR-Aitchison",41.351025886704
"220607_03","220707_15","Veragua","Campana","Veragua vs Campana","CLR-Aitchison",41.5578260947024
"220607_04","220707_15","Veragua","Campana","Veragua vs Campana","CLR-Aitchison",41.1599724801601
"220609_01","220707_15","Veragua","Campana","Veragua vs Campana","CLR-Aitchison",45.8568862052414
"220609_02","220707_15","Veragua","Campana","Veragua vs Campana","CLR-Aitchison",49.3452092921733
"220609_03","220707_15","Veragua","Campana","Veragua vs Campana","CLR-Aitchison",49.8167162655999
"220609_04","220707_15","Veragua","Campana","Veragua vs Campana","CLR-Aitchison",44.4126112633284
"220609_07","220707_15","Veragua","Campana","Veragua vs Campana","CLR-Aitchison",51.6252581497311
"220604_01","220707_16","Veragua","Campana","Veragua vs Campana","CLR-Aitchison",46.087044282304
"220604_02","220707_16","Veragua","Campana","Veragua vs Campana","CLR-Aitchison",47.950790509699
"220604_03","220707_16","Veragua","Campana","Veragua vs Campana","CLR-Aitchison",51.7626911080734
"220604_04","220707_16","Veragua","Campana","Veragua vs Campana","CLR-Aitchison",49.1467786279971
"220604_05","220707_16","Veragua","Campana","Veragua vs Campana","CLR-Aitchison",51.4986623345988
"220604_06","220707_16","Veragua","Campana","Veragua vs Campana","CLR-Aitchison",48.0800489907066
"220604_07","220707_16","Veragua","Campana","Veragua vs Campana","CLR-Aitchison",48.8977664302843
"220606_02","220707_16","Veragua","Campana","Veragua vs Campana","CLR-Aitchison",45.2119766821074
"220606_04","220707_16","Veragua","Campana","Veragua vs Campana","CLR-Aitchison",40.6026441487472
"220607_01","220707_16","Veragua","Campana","Veragua vs Campana","CLR-Aitchison",36.5430303631771
"220607_02","220707_16","Veragua","Campana","Veragua vs Campana","CLR-Aitchison",44.7382009686218
"220607_03","220707_16","Veragua","Campana","Veragua vs Campana","CLR-Aitchison",34.4114583517242
"220607_04","220707_16","Veragua","Campana","Veragua vs Campana","CLR-Aitchison",41.0893827469096
"220609_01","220707_16","Veragua","Campana","Veragua vs Campana","CLR-Aitchison",51.2433427855228
"220609_02","220707_16","Veragua","Campana","Veragua vs Campana","CLR-Aitchison",53.9608531833604
"220609_03","220707_16","Veragua","Campana","Veragua vs Campana","CLR-Aitchison",54.4533695042492
"220609_04","220707_16","Veragua","Campana","Veragua vs Campana","CLR-Aitchison",41.1418046986184
"220609_07","220707_16","Veragua","Campana","Veragua vs Campana","CLR-Aitchison",57.3690182272041
"220604_01","220707_17","Veragua","Campana","Veragua vs Campana","CLR-Aitchison",46.2460481040247
"220604_02","220707_17","Veragua","Campana","Veragua vs Campana","CLR-Aitchison",46.8966915607513
"220604_03","220707_17","Veragua","Campana","Veragua vs Campana","CLR-Aitchison",48.6454264985069
"220604_04","220707_17","Veragua","Campana","Veragua vs Campana","CLR-Aitchison",48.4339342828033
"220604_05","220707_17","Veragua","Campana","Veragua vs Campana","CLR-Aitchison",51.6844515709087
"220604_06","220707_17","Veragua","Campana","Veragua vs Campana","CLR-Aitchison",48.0414026006138
"220604_07","220707_17","Veragua","Campana","Veragua vs Campana","CLR-Aitchison",50.5592972431251
"220606_02","220707_17","Veragua","Campana","Veragua vs Campana","CLR-Aitchison",43.0421260095755
"220606_04","220707_17","Veragua","Campana","Veragua vs Campana","CLR-Aitchison",40.7215947119624
"220607_01","220707_17","Veragua","Campana","Veragua vs Campana","CLR-Aitchison",38.3651490289575
"220607_02","220707_17","Veragua","Campana","Veragua vs Campana","CLR-Aitchison",44.5407732222379
"220607_03","220707_17","Veragua","Campana","Veragua vs Campana","CLR-Aitchison",36.9241890620633
"220607_04","220707_17","Veragua","Campana","Veragua vs Campana","CLR-Aitchison",41.0988177920924
"220609_01","220707_17","Veragua","Campana","Veragua vs Campana","CLR-Aitchison",50.3979827148312
"220609_02","220707_17","Veragua","Campana","Veragua vs Campana","CLR-Aitchison",52.8813427787144
"220609_03","220707_17","Veragua","Campana","Veragua vs Campana","CLR-Aitchison",50.890686911318
"220609_04","220707_17","Veragua","Campana","Veragua vs Campana","CLR-Aitchison",42.4012779163108
"220609_07","220707_17","Veragua","Campana","Veragua vs Campana","CLR-Aitchison",57.8172273541246
"220604_01","220707_18","Veragua","Campana","Veragua vs Campana","CLR-Aitchison",47.926085837268
"220604_02","220707_18","Veragua","Campana","Veragua vs Campana","CLR-Aitchison",50.3524528054394
"220604_03","220707_18","Veragua","Campana","Veragua vs Campana","CLR-Aitchison",53.6300873731256
"220604_04","220707_18","Veragua","Campana","Veragua vs Campana","CLR-Aitchison",50.2729980129265
"220604_05","220707_18","Veragua","Campana","Veragua vs Campana","CLR-Aitchison",54.1478961762596
"220604_06","220707_18","Veragua","Campana","Veragua vs Campana","CLR-Aitchison",50.2905295601589
"220604_07","220707_18","Veragua","Campana","Veragua vs Campana","CLR-Aitchison",49.5467790522834
"220606_02","220707_18","Veragua","Campana","Veragua vs Campana","CLR-Aitchison",47.7368841697506
"220606_04","220707_18","Veragua","Campana","Veragua vs Campana","CLR-Aitchison",44.58605808758
"220607_01","220707_18","Veragua","Campana","Veragua vs Campana","CLR-Aitchison",35.9247894602611
"220607_02","220707_18","Veragua","Campana","Veragua vs Campana","CLR-Aitchison",45.7263727912272
"220607_03","220707_18","Veragua","Campana","Veragua vs Campana","CLR-Aitchison",35.0043783946568
"220607_04","220707_18","Veragua","Campana","Veragua vs Campana","CLR-Aitchison",43.1863506295818
"220609_01","220707_18","Veragua","Campana","Veragua vs Campana","CLR-Aitchison",54.626613858894
"220609_02","220707_18","Veragua","Campana","Veragua vs Campana","CLR-Aitchison",54.153402667052
"220609_03","220707_18","Veragua","Campana","Veragua vs Campana","CLR-Aitchison",56.6309190327886
"220609_04","220707_18","Veragua","Campana","Veragua vs Campana","CLR-Aitchison",45.0145688149404
"220609_07","220707_18","Veragua","Campana","Veragua vs Campana","CLR-Aitchison",58.5192763355563
"220604_01","220707_19","Veragua","Campana","Veragua vs Campana","CLR-Aitchison",43.8276151891145
"220604_02","220707_19","Veragua","Campana","Veragua vs Campana","CLR-Aitchison",46.8434287152675
"220604_03","220707_19","Veragua","Campana","Veragua vs Campana","CLR-Aitchison",51.9008043032032
"220604_04","220707_19","Veragua","Campana","Veragua vs Campana","CLR-Aitchison",50.9674800889428
"220604_05","220707_19","Veragua","Campana","Veragua vs Campana","CLR-Aitchison",51.2660904234747
"220604_06","220707_19","Veragua","Campana","Veragua vs Campana","CLR-Aitchison",45.3916066305198
"220604_07","220707_19","Veragua","Campana","Veragua vs Campana","CLR-Aitchison",54.216241081843
"220606_02","220707_19","Veragua","Campana","Veragua vs Campana","CLR-Aitchison",44.6348482825486
"220606_04","220707_19","Veragua","Campana","Veragua vs Campana","CLR-Aitchison",40.9474104073956
"220607_01","220707_19","Veragua","Campana","Veragua vs Campana","CLR-Aitchison",37.8574170104438
"220607_02","220707_19","Veragua","Campana","Veragua vs Campana","CLR-Aitchison",43.4744521437526
"220607_03","220707_19","Veragua","Campana","Veragua vs Campana","CLR-Aitchison",43.18271230175
"220607_04","220707_19","Veragua","Campana","Veragua vs Campana","CLR-Aitchison",43.0114532986352
"220609_01","220707_19","Veragua","Campana","Veragua vs Campana","CLR-Aitchison",50.0907050516161
"220609_02","220707_19","Veragua","Campana","Veragua vs Campana","CLR-Aitchison",50.7275541468984
"220609_03","220707_19","Veragua","Campana","Veragua vs Campana","CLR-Aitchison",53.8451180463832
"220609_04","220707_19","Veragua","Campana","Veragua vs Campana","CLR-Aitchison",46.2773040750156
"220609_07","220707_19","Veragua","Campana","Veragua vs Campana","CLR-Aitchison",53.1001824743515
"220604_01","220707_20","Veragua","Campana","Veragua vs Campana","CLR-Aitchison",47.1024998626271
"220604_02","220707_20","Veragua","Campana","Veragua vs Campana","CLR-Aitchison",50.0528981326447
"220604_03","220707_20","Veragua","Campana","Veragua vs Campana","CLR-Aitchison",48.9011824191633
"220604_04","220707_20","Veragua","Campana","Veragua vs Campana","CLR-Aitchison",51.768733786967
"220604_05","220707_20","Veragua","Campana","Veragua vs Campana","CLR-Aitchison",55.7124462319889
"220604_06","220707_20","Veragua","Campana","Veragua vs Campana","CLR-Aitchison",50.5396775614764
"220604_07","220707_20","Veragua","Campana","Veragua vs Campana","CLR-Aitchison",52.8880713883467
"220606_02","220707_20","Veragua","Campana","Veragua vs Campana","CLR-Aitchison",45.4171687677684
"220606_04","220707_20","Veragua","Campana","Veragua vs Campana","CLR-Aitchison",43.9671086197835
"220607_01","220707_20","Veragua","Campana","Veragua vs Campana","CLR-Aitchison",42.9581717073418
"220607_02","220707_20","Veragua","Campana","Veragua vs Campana","CLR-Aitchison",48.4609549792237
"220607_03","220707_20","Veragua","Campana","Veragua vs Campana","CLR-Aitchison",37.4677358783346
"220607_04","220707_20","Veragua","Campana","Veragua vs Campana","CLR-Aitchison",44.3464798904612
"220609_01","220707_20","Veragua","Campana","Veragua vs Campana","CLR-Aitchison",54.1545873890001
"220609_02","220707_20","Veragua","Campana","Veragua vs Campana","CLR-Aitchison",53.4146148569722
"220609_03","220707_20","Veragua","Campana","Veragua vs Campana","CLR-Aitchison",56.7204609223794
"220609_04","220707_20","Veragua","Campana","Veragua vs Campana","CLR-Aitchison",41.5943428303904
"220609_07","220707_20","Veragua","Campana","Veragua vs Campana","CLR-Aitchison",57.0299449366897
"220604_01","220708_01","Veragua","Soberanía","Veragua vs Soberanía","CLR-Aitchison",38.7947760470364
"220604_02","220708_01","Veragua","Soberanía","Veragua vs Soberanía","CLR-Aitchison",39.8812290946586
"220604_03","220708_01","Veragua","Soberanía","Veragua vs Soberanía","CLR-Aitchison",43.9129405190131
"220604_04","220708_01","Veragua","Soberanía","Veragua vs Soberanía","CLR-Aitchison",42.703399943026
"220604_05","220708_01","Veragua","Soberanía","Veragua vs Soberanía","CLR-Aitchison",43.7515617624304
"220604_06","220708_01","Veragua","Soberanía","Veragua vs Soberanía","CLR-Aitchison",41.2416648066104
"220604_07","220708_01","Veragua","Soberanía","Veragua vs Soberanía","CLR-Aitchison",43.8005032233381
"220606_02","220708_01","Veragua","Soberanía","Veragua vs Soberanía","CLR-Aitchison",41.6028204476647
"220606_04","220708_01","Veragua","Soberanía","Veragua vs Soberanía","CLR-Aitchison",35.583461805237
"220607_01","220708_01","Veragua","Soberanía","Veragua vs Soberanía","CLR-Aitchison",40.45119297508
"220607_02","220708_01","Veragua","Soberanía","Veragua vs Soberanía","CLR-Aitchison",43.7724440432541
"220607_03","220708_01","Veragua","Soberanía","Veragua vs Soberanía","CLR-Aitchison",37.7069018732553
"220607_04","220708_01","Veragua","Soberanía","Veragua vs Soberanía","CLR-Aitchison",40.9563420320245
"220609_01","220708_01","Veragua","Soberanía","Veragua vs Soberanía","CLR-Aitchison",43.7283774281497
"220609_02","220708_01","Veragua","Soberanía","Veragua vs Soberanía","CLR-Aitchison",46.8055328500672
"220609_03","220708_01","Veragua","Soberanía","Veragua vs Soberanía","CLR-Aitchison",46.8645174393496
"220609_04","220708_01","Veragua","Soberanía","Veragua vs Soberanía","CLR-Aitchison",39.6517461501578
"220609_07","220708_01","Veragua","Soberanía","Veragua vs Soberanía","CLR-Aitchison",50.2845539912374
"220604_01","220708_02","Veragua","Soberanía","Veragua vs Soberanía","CLR-Aitchison",35.2320571542112
"220604_02","220708_02","Veragua","Soberanía","Veragua vs Soberanía","CLR-Aitchison",37.6084025681408
"220604_03","220708_02","Veragua","Soberanía","Veragua vs Soberanía","CLR-Aitchison",49.0072571818711
"220604_04","220708_02","Veragua","Soberanía","Veragua vs Soberanía","CLR-Aitchison",42.8195069141934
"220604_05","220708_02","Veragua","Soberanía","Veragua vs Soberanía","CLR-Aitchison",44.907560140928
"220604_06","220708_02","Veragua","Soberanía","Veragua vs Soberanía","CLR-Aitchison",41.4065751375775
"220604_07","220708_02","Veragua","Soberanía","Veragua vs Soberanía","CLR-Aitchison",46.9566020009753
"220606_02","220708_02","Veragua","Soberanía","Veragua vs Soberanía","CLR-Aitchison",40.4581926341832
"220606_04","220708_02","Veragua","Soberanía","Veragua vs Soberanía","CLR-Aitchison",34.5699284818476
"220607_01","220708_02","Veragua","Soberanía","Veragua vs Soberanía","CLR-Aitchison",37.61212488747
"220607_02","220708_02","Veragua","Soberanía","Veragua vs Soberanía","CLR-Aitchison",40.6849790862694
"220607_03","220708_02","Veragua","Soberanía","Veragua vs Soberanía","CLR-Aitchison",43.0336934720203
"220607_04","220708_02","Veragua","Soberanía","Veragua vs Soberanía","CLR-Aitchison",39.556770963716
"220609_01","220708_02","Veragua","Soberanía","Veragua vs Soberanía","CLR-Aitchison",41.2694555727084
"220609_02","220708_02","Veragua","Soberanía","Veragua vs Soberanía","CLR-Aitchison",48.2857182712452
"220609_03","220708_02","Veragua","Soberanía","Veragua vs Soberanía","CLR-Aitchison",45.255710852818
"220609_04","220708_02","Veragua","Soberanía","Veragua vs Soberanía","CLR-Aitchison",43.7531540610978
"220609_07","220708_02","Veragua","Soberanía","Veragua vs Soberanía","CLR-Aitchison",49.69019219347
"220604_01","220708_03","Veragua","Soberanía","Veragua vs Soberanía","CLR-Aitchison",39.7746468672373
"220604_02","220708_03","Veragua","Soberanía","Veragua vs Soberanía","CLR-Aitchison",40.5381227494114
"220604_03","220708_03","Veragua","Soberanía","Veragua vs Soberanía","CLR-Aitchison",45.911663374483
"220604_04","220708_03","Veragua","Soberanía","Veragua vs Soberanía","CLR-Aitchison",44.5184816524083
"220604_05","220708_03","Veragua","Soberanía","Veragua vs Soberanía","CLR-Aitchison",43.4854145271545
"220604_06","220708_03","Veragua","Soberanía","Veragua vs Soberanía","CLR-Aitchison",44.5127848119831
"220604_07","220708_03","Veragua","Soberanía","Veragua vs Soberanía","CLR-Aitchison",49.0629303827926
"220606_02","220708_03","Veragua","Soberanía","Veragua vs Soberanía","CLR-Aitchison",43.4364705327867
"220606_04","220708_03","Veragua","Soberanía","Veragua vs Soberanía","CLR-Aitchison",37.8724210979008
"220607_01","220708_03","Veragua","Soberanía","Veragua vs Soberanía","CLR-Aitchison",39.9296003747556
"220607_02","220708_03","Veragua","Soberanía","Veragua vs Soberanía","CLR-Aitchison",43.6036142244422
"220607_03","220708_03","Veragua","Soberanía","Veragua vs Soberanía","CLR-Aitchison",44.3170309610546
"220607_04","220708_03","Veragua","Soberanía","Veragua vs Soberanía","CLR-Aitchison",40.7162085186485
"220609_01","220708_03","Veragua","Soberanía","Veragua vs Soberanía","CLR-Aitchison",45.1168349237301
"220609_02","220708_03","Veragua","Soberanía","Veragua vs Soberanía","CLR-Aitchison",50.2921319102724
"220609_03","220708_03","Veragua","Soberanía","Veragua vs Soberanía","CLR-Aitchison",47.5905318521369
"220609_04","220708_03","Veragua","Soberanía","Veragua vs Soberanía","CLR-Aitchison",44.9854526945915
"220609_07","220708_03","Veragua","Soberanía","Veragua vs Soberanía","CLR-Aitchison",50.1015735398322
"220604_01","220708_04","Veragua","Soberanía","Veragua vs Soberanía","CLR-Aitchison",39.9617490162935
"220604_02","220708_04","Veragua","Soberanía","Veragua vs Soberanía","CLR-Aitchison",39.8910510055737
"220604_03","220708_04","Veragua","Soberanía","Veragua vs Soberanía","CLR-Aitchison",49.2701853244455
"220604_04","220708_04","Veragua","Soberanía","Veragua vs Soberanía","CLR-Aitchison",43.6528512236563
"220604_05","220708_04","Veragua","Soberanía","Veragua vs Soberanía","CLR-Aitchison",44.9446731525598
"220604_06","220708_04","Veragua","Soberanía","Veragua vs Soberanía","CLR-Aitchison",42.7465194352447
"220604_07","220708_04","Veragua","Soberanía","Veragua vs Soberanía","CLR-Aitchison",49.2826009296912
"220606_02","220708_04","Veragua","Soberanía","Veragua vs Soberanía","CLR-Aitchison",44.9266839890197
"220606_04","220708_04","Veragua","Soberanía","Veragua vs Soberanía","CLR-Aitchison",38.1822479948243
"220607_01","220708_04","Veragua","Soberanía","Veragua vs Soberanía","CLR-Aitchison",43.8590707560161
"220607_02","220708_04","Veragua","Soberanía","Veragua vs Soberanía","CLR-Aitchison",39.8617822637028
"220607_03","220708_04","Veragua","Soberanía","Veragua vs Soberanía","CLR-Aitchison",45.6415312661033
"220607_04","220708_04","Veragua","Soberanía","Veragua vs Soberanía","CLR-Aitchison",42.1265003054373
"220609_01","220708_04","Veragua","Soberanía","Veragua vs Soberanía","CLR-Aitchison",42.1226830004707
"220609_02","220708_04","Veragua","Soberanía","Veragua vs Soberanía","CLR-Aitchison",47.4062159418534
"220609_03","220708_04","Veragua","Soberanía","Veragua vs Soberanía","CLR-Aitchison",48.2599763419474
"220609_04","220708_04","Veragua","Soberanía","Veragua vs Soberanía","CLR-Aitchison",45.3951939900941
"220609_07","220708_04","Veragua","Soberanía","Veragua vs Soberanía","CLR-Aitchison",52.3923629834663
"220604_01","220708_05","Veragua","Soberanía","Veragua vs Soberanía","CLR-Aitchison",36.8964935743891
"220604_02","220708_05","Veragua","Soberanía","Veragua vs Soberanía","CLR-Aitchison",37.0057782969912
"220604_03","220708_05","Veragua","Soberanía","Veragua vs Soberanía","CLR-Aitchison",46.6795509360548
"220604_04","220708_05","Veragua","Soberanía","Veragua vs Soberanía","CLR-Aitchison",45.8129990984802
"220604_05","220708_05","Veragua","Soberanía","Veragua vs Soberanía","CLR-Aitchison",46.0204589387197
"220604_06","220708_05","Veragua","Soberanía","Veragua vs Soberanía","CLR-Aitchison",46.2803134608984
"220604_07","220708_05","Veragua","Soberanía","Veragua vs Soberanía","CLR-Aitchison",51.986419013676
"220606_02","220708_05","Veragua","Soberanía","Veragua vs Soberanía","CLR-Aitchison",44.2110532852691
"220606_04","220708_05","Veragua","Soberanía","Veragua vs Soberanía","CLR-Aitchison",34.1276908034244
"220607_01","220708_05","Veragua","Soberanía","Veragua vs Soberanía","CLR-Aitchison",40.8556841428576
"220607_02","220708_05","Veragua","Soberanía","Veragua vs Soberanía","CLR-Aitchison",43.6647721890266
"220607_03","220708_05","Veragua","Soberanía","Veragua vs Soberanía","CLR-Aitchison",45.9698983675585
"220607_04","220708_05","Veragua","Soberanía","Veragua vs Soberanía","CLR-Aitchison",43.6582857338876
"220609_01","220708_05","Veragua","Soberanía","Veragua vs Soberanía","CLR-Aitchison",42.0417920365866
"220609_02","220708_05","Veragua","Soberanía","Veragua vs Soberanía","CLR-Aitchison",52.2386856803625
"220609_03","220708_05","Veragua","Soberanía","Veragua vs Soberanía","CLR-Aitchison",48.8553808041329
"220609_04","220708_05","Veragua","Soberanía","Veragua vs Soberanía","CLR-Aitchison",45.6356283695845
"220609_07","220708_05","Veragua","Soberanía","Veragua vs Soberanía","CLR-Aitchison",51.0542421784061
"220604_01","220708_06","Veragua","Soberanía","Veragua vs Soberanía","CLR-Aitchison",36.6165764588746
"220604_02","220708_06","Veragua","Soberanía","Veragua vs Soberanía","CLR-Aitchison",35.7241275082278
"220604_03","220708_06","Veragua","Soberanía","Veragua vs Soberanía","CLR-Aitchison",47.5620185595316
"220604_04","220708_06","Veragua","Soberanía","Veragua vs Soberanía","CLR-Aitchison",42.3186849683753
"220604_05","220708_06","Veragua","Soberanía","Veragua vs Soberanía","CLR-Aitchison",41.7095203568181
"220604_06","220708_06","Veragua","Soberanía","Veragua vs Soberanía","CLR-Aitchison",39.5102096668201
"220604_07","220708_06","Veragua","Soberanía","Veragua vs Soberanía","CLR-Aitchison",48.0171788579104
"220606_02","220708_06","Veragua","Soberanía","Veragua vs Soberanía","CLR-Aitchison",39.5525579806328
"220606_04","220708_06","Veragua","Soberanía","Veragua vs Soberanía","CLR-Aitchison",33.9537051957158
"220607_01","220708_06","Veragua","Soberanía","Veragua vs Soberanía","CLR-Aitchison",39.1830436616866
"220607_02","220708_06","Veragua","Soberanía","Veragua vs Soberanía","CLR-Aitchison",40.5229831886076
"220607_03","220708_06","Veragua","Soberanía","Veragua vs Soberanía","CLR-Aitchison",38.8839950823077
"220607_04","220708_06","Veragua","Soberanía","Veragua vs Soberanía","CLR-Aitchison",39.8249846303488
"220609_01","220708_06","Veragua","Soberanía","Veragua vs Soberanía","CLR-Aitchison",39.899400771505
"220609_02","220708_06","Veragua","Soberanía","Veragua vs Soberanía","CLR-Aitchison",47.8240564470983
"220609_03","220708_06","Veragua","Soberanía","Veragua vs Soberanía","CLR-Aitchison",42.8710638638765
"220609_04","220708_06","Veragua","Soberanía","Veragua vs Soberanía","CLR-Aitchison",40.7573936750832
"220609_07","220708_06","Veragua","Soberanía","Veragua vs Soberanía","CLR-Aitchison",48.9839584610004
"220604_01","220708_07","Veragua","Soberanía","Veragua vs Soberanía","CLR-Aitchison",43.9067411355276
"220604_02","220708_07","Veragua","Soberanía","Veragua vs Soberanía","CLR-Aitchison",44.4381440152382
"220604_03","220708_07","Veragua","Soberanía","Veragua vs Soberanía","CLR-Aitchison",46.036303064414
"220604_04","220708_07","Veragua","Soberanía","Veragua vs Soberanía","CLR-Aitchison",48.8452735568317
"220604_05","220708_07","Veragua","Soberanía","Veragua vs Soberanía","CLR-Aitchison",48.1668656561204
"220604_06","220708_07","Veragua","Soberanía","Veragua vs Soberanía","CLR-Aitchison",45.3469035452326
"220604_07","220708_07","Veragua","Soberanía","Veragua vs Soberanía","CLR-Aitchison",51.4641906423196
"220606_02","220708_07","Veragua","Soberanía","Veragua vs Soberanía","CLR-Aitchison",44.6141408046945
"220606_04","220708_07","Veragua","Soberanía","Veragua vs Soberanía","CLR-Aitchison",39.7586419421892
"220607_01","220708_07","Veragua","Soberanía","Veragua vs Soberanía","CLR-Aitchison",42.8542275077698
"220607_02","220708_07","Veragua","Soberanía","Veragua vs Soberanía","CLR-Aitchison",45.7640407790522
"220607_03","220708_07","Veragua","Soberanía","Veragua vs Soberanía","CLR-Aitchison",41.3800466816918
"220607_04","220708_07","Veragua","Soberanía","Veragua vs Soberanía","CLR-Aitchison",42.0928556338943
"220609_01","220708_07","Veragua","Soberanía","Veragua vs Soberanía","CLR-Aitchison",49.4390736516741
"220609_02","220708_07","Veragua","Soberanía","Veragua vs Soberanía","CLR-Aitchison",51.278019755112
"220609_03","220708_07","Veragua","Soberanía","Veragua vs Soberanía","CLR-Aitchison",51.7196753062603
"220609_04","220708_07","Veragua","Soberanía","Veragua vs Soberanía","CLR-Aitchison",44.0010427936647
"220609_07","220708_07","Veragua","Soberanía","Veragua vs Soberanía","CLR-Aitchison",48.9414219361784
"220604_01","220708_08","Veragua","Soberanía","Veragua vs Soberanía","CLR-Aitchison",44.219299669315
"220604_02","220708_08","Veragua","Soberanía","Veragua vs Soberanía","CLR-Aitchison",45.5409962715785
"220604_03","220708_08","Veragua","Soberanía","Veragua vs Soberanía","CLR-Aitchison",45.5390459815187
"220604_04","220708_08","Veragua","Soberanía","Veragua vs Soberanía","CLR-Aitchison",47.0961380396156
"220604_05","220708_08","Veragua","Soberanía","Veragua vs Soberanía","CLR-Aitchison",48.8327152608181
"220604_06","220708_08","Veragua","Soberanía","Veragua vs Soberanía","CLR-Aitchison",45.0762898507005
"220604_07","220708_08","Veragua","Soberanía","Veragua vs Soberanía","CLR-Aitchison",47.9574199020541
"220606_02","220708_08","Veragua","Soberanía","Veragua vs Soberanía","CLR-Aitchison",43.6691355196113
"220606_04","220708_08","Veragua","Soberanía","Veragua vs Soberanía","CLR-Aitchison",39.9711527090369
"220607_01","220708_08","Veragua","Soberanía","Veragua vs Soberanía","CLR-Aitchison",41.9218161326525
"220607_02","220708_08","Veragua","Soberanía","Veragua vs Soberanía","CLR-Aitchison",47.0092779386856
"220607_03","220708_08","Veragua","Soberanía","Veragua vs Soberanía","CLR-Aitchison",37.9529136914644
"220607_04","220708_08","Veragua","Soberanía","Veragua vs Soberanía","CLR-Aitchison",41.7265883234616
"220609_01","220708_08","Veragua","Soberanía","Veragua vs Soberanía","CLR-Aitchison",49.0386455035325
"220609_02","220708_08","Veragua","Soberanía","Veragua vs Soberanía","CLR-Aitchison",50.7618267484475
"220609_03","220708_08","Veragua","Soberanía","Veragua vs Soberanía","CLR-Aitchison",50.7691776866263
"220609_04","220708_08","Veragua","Soberanía","Veragua vs Soberanía","CLR-Aitchison",40.8241854968406
"220609_07","220708_08","Veragua","Soberanía","Veragua vs Soberanía","CLR-Aitchison",50.6512382692045
"220604_01","220708_09","Veragua","Soberanía","Veragua vs Soberanía","CLR-Aitchison",46.9246628141384
"220604_02","220708_09","Veragua","Soberanía","Veragua vs Soberanía","CLR-Aitchison",50.4947797997019
"220604_03","220708_09","Veragua","Soberanía","Veragua vs Soberanía","CLR-Aitchison",48.0317107512907
"220604_04","220708_09","Veragua","Soberanía","Veragua vs Soberanía","CLR-Aitchison",51.5981376918174
"220604_05","220708_09","Veragua","Soberanía","Veragua vs Soberanía","CLR-Aitchison",52.459780765728
"220604_06","220708_09","Veragua","Soberanía","Veragua vs Soberanía","CLR-Aitchison",50.4056692647352
"220604_07","220708_09","Veragua","Soberanía","Veragua vs Soberanía","CLR-Aitchison",53.2490372180436
"220606_02","220708_09","Veragua","Soberanía","Veragua vs Soberanía","CLR-Aitchison",47.6254568738943
"220606_04","220708_09","Veragua","Soberanía","Veragua vs Soberanía","CLR-Aitchison",43.978986583437
"220607_01","220708_09","Veragua","Soberanía","Veragua vs Soberanía","CLR-Aitchison",45.5773891116809
"220607_02","220708_09","Veragua","Soberanía","Veragua vs Soberanía","CLR-Aitchison",49.9684768824234
"220607_03","220708_09","Veragua","Soberanía","Veragua vs Soberanía","CLR-Aitchison",42.3320323262641
"220607_04","220708_09","Veragua","Soberanía","Veragua vs Soberanía","CLR-Aitchison",47.4371691953165
"220609_01","220708_09","Veragua","Soberanía","Veragua vs Soberanía","CLR-Aitchison",54.5961351273563
"220609_02","220708_09","Veragua","Soberanía","Veragua vs Soberanía","CLR-Aitchison",55.0297594395534
"220609_03","220708_09","Veragua","Soberanía","Veragua vs Soberanía","CLR-Aitchison",56.4607816864399
"220609_04","220708_09","Veragua","Soberanía","Veragua vs Soberanía","CLR-Aitchison",42.6777719295452
"220609_07","220708_09","Veragua","Soberanía","Veragua vs Soberanía","CLR-Aitchison",54.5384038029819
"220604_01","220708_10","Veragua","Soberanía","Veragua vs Soberanía","CLR-Aitchison",45.0659799354327
"220604_02","220708_10","Veragua","Soberanía","Veragua vs Soberanía","CLR-Aitchison",43.8053006362986
"220604_03","220708_10","Veragua","Soberanía","Veragua vs Soberanía","CLR-Aitchison",41.4339811198822
"220604_04","220708_10","Veragua","Soberanía","Veragua vs Soberanía","CLR-Aitchison",47.4670677693316
"220604_05","220708_10","Veragua","Soberanía","Veragua vs Soberanía","CLR-Aitchison",47.0591250818415
"220604_06","220708_10","Veragua","Soberanía","Veragua vs Soberanía","CLR-Aitchison",49.3963692953333
"220604_07","220708_10","Veragua","Soberanía","Veragua vs Soberanía","CLR-Aitchison",52.1504863772498
"220606_02","220708_10","Veragua","Soberanía","Veragua vs Soberanía","CLR-Aitchison",48.4917857470624
"220606_04","220708_10","Veragua","Soberanía","Veragua vs Soberanía","CLR-Aitchison",40.5256722219591
"220607_01","220708_10","Veragua","Soberanía","Veragua vs Soberanía","CLR-Aitchison",46.8973860642393
"220607_02","220708_10","Veragua","Soberanía","Veragua vs Soberanía","CLR-Aitchison",52.7510738071472
"220607_03","220708_10","Veragua","Soberanía","Veragua vs Soberanía","CLR-Aitchison",45.9754882503793
"220607_04","220708_10","Veragua","Soberanía","Veragua vs Soberanía","CLR-Aitchison",45.0979717403158
"220609_01","220708_10","Veragua","Soberanía","Veragua vs Soberanía","CLR-Aitchison",46.215724582636
"220609_02","220708_10","Veragua","Soberanía","Veragua vs Soberanía","CLR-Aitchison",57.147833770406
"220609_03","220708_10","Veragua","Soberanía","Veragua vs Soberanía","CLR-Aitchison",49.3412257116385
"220609_04","220708_10","Veragua","Soberanía","Veragua vs Soberanía","CLR-Aitchison",48.5253197155037
"220609_07","220708_10","Veragua","Soberanía","Veragua vs Soberanía","CLR-Aitchison",55.0272937438148
"220707_11","220708_01","Campana","Soberanía","Campana vs Soberanía","CLR-Aitchison",42.6280698530326
"220707_12","220708_01","Campana","Soberanía","Campana vs Soberanía","CLR-Aitchison",37.0602641558046
"220707_13","220708_01","Campana","Soberanía","Campana vs Soberanía","CLR-Aitchison",37.7148396960722
"220707_14","220708_01","Campana","Soberanía","Campana vs Soberanía","CLR-Aitchison",37.5939372289766
"220707_15","220708_01","Campana","Soberanía","Campana vs Soberanía","CLR-Aitchison",40.7213878121121
"220707_16","220708_01","Campana","Soberanía","Campana vs Soberanía","CLR-Aitchison",39.2011929128208
"220707_17","220708_01","Campana","Soberanía","Campana vs Soberanía","CLR-Aitchison",41.1126858683855
"220707_18","220708_01","Campana","Soberanía","Campana vs Soberanía","CLR-Aitchison",41.9223208125828
"220707_19","220708_01","Campana","Soberanía","Campana vs Soberanía","CLR-Aitchison",44.3271019438583
"220707_20","220708_01","Campana","Soberanía","Campana vs Soberanía","CLR-Aitchison",40.1123166375637
"220707_11","220708_02","Campana","Soberanía","Campana vs Soberanía","CLR-Aitchison",41.310289660882
"220707_12","220708_02","Campana","Soberanía","Campana vs Soberanía","CLR-Aitchison",43.2586971072156
"220707_13","220708_02","Campana","Soberanía","Campana vs Soberanía","CLR-Aitchison",41.205144659843
"220707_14","220708_02","Campana","Soberanía","Campana vs Soberanía","CLR-Aitchison",37.5952234829161
"220707_15","220708_02","Campana","Soberanía","Campana vs Soberanía","CLR-Aitchison",41.0916962982292
"220707_16","220708_02","Campana","Soberanía","Campana vs Soberanía","CLR-Aitchison",39.9699501488192
"220707_17","220708_02","Campana","Soberanía","Campana vs Soberanía","CLR-Aitchison",42.8931499564763
"220707_18","220708_02","Campana","Soberanía","Campana vs Soberanía","CLR-Aitchison",43.9513673407047
"220707_19","220708_02","Campana","Soberanía","Campana vs Soberanía","CLR-Aitchison",40.870555019118
"220707_20","220708_02","Campana","Soberanía","Campana vs Soberanía","CLR-Aitchison",46.9709343317028
"220707_11","220708_03","Campana","Soberanía","Campana vs Soberanía","CLR-Aitchison",41.8208569018736
"220707_12","220708_03","Campana","Soberanía","Campana vs Soberanía","CLR-Aitchison",42.2874687881669
"220707_13","220708_03","Campana","Soberanía","Campana vs Soberanía","CLR-Aitchison",39.800457292618
"220707_14","220708_03","Campana","Soberanía","Campana vs Soberanía","CLR-Aitchison",36.4329584129226
"220707_15","220708_03","Campana","Soberanía","Campana vs Soberanía","CLR-Aitchison",39.8362430720948
"220707_16","220708_03","Campana","Soberanía","Campana vs Soberanía","CLR-Aitchison",40.0935597502357
"220707_17","220708_03","Campana","Soberanía","Campana vs Soberanía","CLR-Aitchison",42.6484638542161
"220707_18","220708_03","Campana","Soberanía","Campana vs Soberanía","CLR-Aitchison",43.5130904688907
"220707_19","220708_03","Campana","Soberanía","Campana vs Soberanía","CLR-Aitchison",42.7042725028792
"220707_20","220708_03","Campana","Soberanía","Campana vs Soberanía","CLR-Aitchison",44.5821040178536
"220707_11","220708_04","Campana","Soberanía","Campana vs Soberanía","CLR-Aitchison",46.5155954329701
"220707_12","220708_04","Campana","Soberanía","Campana vs Soberanía","CLR-Aitchison",47.3805522411047
"220707_13","220708_04","Campana","Soberanía","Campana vs Soberanía","CLR-Aitchison",47.0388523474346
"220707_14","220708_04","Campana","Soberanía","Campana vs Soberanía","CLR-Aitchison",43.8991448608246
"220707_15","220708_04","Campana","Soberanía","Campana vs Soberanía","CLR-Aitchison",44.2331535951495
"220707_16","220708_04","Campana","Soberanía","Campana vs Soberanía","CLR-Aitchison",45.1681330583388
"220707_17","220708_04","Campana","Soberanía","Campana vs Soberanía","CLR-Aitchison",47.2408706987669
"220707_18","220708_04","Campana","Soberanía","Campana vs Soberanía","CLR-Aitchison",48.4297576649383
"220707_19","220708_04","Campana","Soberanía","Campana vs Soberanía","CLR-Aitchison",45.4644744828199
"220707_20","220708_04","Campana","Soberanía","Campana vs Soberanía","CLR-Aitchison",51.4180917915999
"220707_11","220708_05","Campana","Soberanía","Campana vs Soberanía","CLR-Aitchison",44.1113429890362
"220707_12","220708_05","Campana","Soberanía","Campana vs Soberanía","CLR-Aitchison",45.9173438627927
"220707_13","220708_05","Campana","Soberanía","Campana vs Soberanía","CLR-Aitchison",42.3670246740507
"220707_14","220708_05","Campana","Soberanía","Campana vs Soberanía","CLR-Aitchison",43.3123935853451
"220707_15","220708_05","Campana","Soberanía","Campana vs Soberanía","CLR-Aitchison",35.5669508305376
"220707_16","220708_05","Campana","Soberanía","Campana vs Soberanía","CLR-Aitchison",44.8072862872419
"220707_17","220708_05","Campana","Soberanía","Campana vs Soberanía","CLR-Aitchison",43.5676802098278
"220707_18","220708_05","Campana","Soberanía","Campana vs Soberanía","CLR-Aitchison",46.3465286646419
"220707_19","220708_05","Campana","Soberanía","Campana vs Soberanía","CLR-Aitchison",38.4638890048282
"220707_20","220708_05","Campana","Soberanía","Campana vs Soberanía","CLR-Aitchison",46.8120028389748
"220707_11","220708_06","Campana","Soberanía","Campana vs Soberanía","CLR-Aitchison",42.3402103781839
"220707_12","220708_06","Campana","Soberanía","Campana vs Soberanía","CLR-Aitchison",44.1323101909461
"220707_13","220708_06","Campana","Soberanía","Campana vs Soberanía","CLR-Aitchison",43.4030919523772
"220707_14","220708_06","Campana","Soberanía","Campana vs Soberanía","CLR-Aitchison",40.0039849067786
"220707_15","220708_06","Campana","Soberanía","Campana vs Soberanía","CLR-Aitchison",42.2253558852481
"220707_16","220708_06","Campana","Soberanía","Campana vs Soberanía","CLR-Aitchison",43.469095031169
"220707_17","220708_06","Campana","Soberanía","Campana vs Soberanía","CLR-Aitchison",42.0215859394975
"220707_18","220708_06","Campana","Soberanía","Campana vs Soberanía","CLR-Aitchison",43.738283820324
"220707_19","220708_06","Campana","Soberanía","Campana vs Soberanía","CLR-Aitchison",43.5519890488609
"220707_20","220708_06","Campana","Soberanía","Campana vs Soberanía","CLR-Aitchison",46.0070626290963
"220707_11","220708_07","Campana","Soberanía","Campana vs Soberanía","CLR-Aitchison",40.9373373639325
"220707_12","220708_07","Campana","Soberanía","Campana vs Soberanía","CLR-Aitchison",41.7919090403766
"220707_13","220708_07","Campana","Soberanía","Campana vs Soberanía","CLR-Aitchison",38.4985596302651
"220707_14","220708_07","Campana","Soberanía","Campana vs Soberanía","CLR-Aitchison",37.0095192935038
"220707_15","220708_07","Campana","Soberanía","Campana vs Soberanía","CLR-Aitchison",40.9921715735131
"220707_16","220708_07","Campana","Soberanía","Campana vs Soberanía","CLR-Aitchison",41.0844288632876
"220707_17","220708_07","Campana","Soberanía","Campana vs Soberanía","CLR-Aitchison",42.946379825028
"220707_18","220708_07","Campana","Soberanía","Campana vs Soberanía","CLR-Aitchison",44.0489701049053
"220707_19","220708_07","Campana","Soberanía","Campana vs Soberanía","CLR-Aitchison",41.9127860767875
"220707_20","220708_07","Campana","Soberanía","Campana vs Soberanía","CLR-Aitchison",40.3888499013011
"220707_11","220708_08","Campana","Soberanía","Campana vs Soberanía","CLR-Aitchison",39.3464562020429
"220707_12","220708_08","Campana","Soberanía","Campana vs Soberanía","CLR-Aitchison",36.752603181751
"220707_13","220708_08","Campana","Soberanía","Campana vs Soberanía","CLR-Aitchison",34.9112946195086
"220707_14","220708_08","Campana","Soberanía","Campana vs Soberanía","CLR-Aitchison",36.8341522909183
"220707_15","220708_08","Campana","Soberanía","Campana vs Soberanía","CLR-Aitchison",41.0652983860028
"220707_16","220708_08","Campana","Soberanía","Campana vs Soberanía","CLR-Aitchison",37.9146455559661
"220707_17","220708_08","Campana","Soberanía","Campana vs Soberanía","CLR-Aitchison",39.5627667054443
"220707_18","220708_08","Campana","Soberanía","Campana vs Soberanía","CLR-Aitchison",40.8910538374509
"220707_19","220708_08","Campana","Soberanía","Campana vs Soberanía","CLR-Aitchison",43.8578795241099
"220707_20","220708_08","Campana","Soberanía","Campana vs Soberanía","CLR-Aitchison",37.5387929357351
"220707_11","220708_09","Campana","Soberanía","Campana vs Soberanía","CLR-Aitchison",42.6915933457655
"220707_12","220708_09","Campana","Soberanía","Campana vs Soberanía","CLR-Aitchison",39.8539629727859
"220707_13","220708_09","Campana","Soberanía","Campana vs Soberanía","CLR-Aitchison",36.2039002685184
"220707_14","220708_09","Campana","Soberanía","Campana vs Soberanía","CLR-Aitchison",38.0641890483925
"220707_15","220708_09","Campana","Soberanía","Campana vs Soberanía","CLR-Aitchison",42.0105168630477
"220707_16","220708_09","Campana","Soberanía","Campana vs Soberanía","CLR-Aitchison",40.3276377950289
"220707_17","220708_09","Campana","Soberanía","Campana vs Soberanía","CLR-Aitchison",43.2707065775339
"220707_18","220708_09","Campana","Soberanía","Campana vs Soberanía","CLR-Aitchison",43.1581503032966
"220707_19","220708_09","Campana","Soberanía","Campana vs Soberanía","CLR-Aitchison",44.4298114216515
"220707_20","220708_09","Campana","Soberanía","Campana vs Soberanía","CLR-Aitchison",36.1126824840529
"220707_11","220708_10","Campana","Soberanía","Campana vs Soberanía","CLR-Aitchison",48.3129174338944
"220707_12","220708_10","Campana","Soberanía","Campana vs Soberanía","CLR-Aitchison",47.9587868172794
"220707_13","220708_10","Campana","Soberanía","Campana vs Soberanía","CLR-Aitchison",46.9246419769002
"220707_14","220708_10","Campana","Soberanía","Campana vs Soberanía","CLR-Aitchison",46.8408262846754
"220707_15","220708_10","Campana","Soberanía","Campana vs Soberanía","CLR-Aitchison",45.7732468899967
"220707_16","220708_10","Campana","Soberanía","Campana vs Soberanía","CLR-Aitchison",51.0751547887696
"220707_17","220708_10","Campana","Soberanía","Campana vs Soberanía","CLR-Aitchison",49.97717467621
"220707_18","220708_10","Campana","Soberanía","Campana vs Soberanía","CLR-Aitchison",52.8370919691533
"220707_19","220708_10","Campana","Soberanía","Campana vs Soberanía","CLR-Aitchison",49.3543426453278
"220707_20","220708_10","Campana","Soberanía","Campana vs Soberanía","CLR-Aitchison",48.5744731409588
"250607_01","220604_01","Lost","Veragua","Lost vs Veragua","Robust Aitchison",9.80893668895815
"250607_02","220604_01","Lost","Veragua","Lost vs Veragua","Robust Aitchison",11.2818538655534
"250607_03","220604_01","Lost","Veragua","Lost vs Veragua","Robust Aitchison",9.20376918023159
"250607_04","220604_01","Lost","Veragua","Lost vs Veragua","Robust Aitchison",9.68590317515674
"250607_05","220604_01","Lost","Veragua","Lost vs Veragua","Robust Aitchison",7.9249375461891
"250607_07","220604_01","Lost","Veragua","Lost vs Veragua","Robust Aitchison",7.79632741739898
"250607_08","220604_01","Lost","Veragua","Lost vs Veragua","Robust Aitchison",7.1719211223712
"250607_09","220604_01","Lost","Veragua","Lost vs Veragua","Robust Aitchison",6.37515815676696
"250607_10","220604_01","Lost","Veragua","Lost vs Veragua","Robust Aitchison",14.9456920049425
"250607_01","220604_02","Lost","Veragua","Lost vs Veragua","Robust Aitchison",11.7358296034665
"250607_02","220604_02","Lost","Veragua","Lost vs Veragua","Robust Aitchison",13.3677275746261
"250607_03","220604_02","Lost","Veragua","Lost vs Veragua","Robust Aitchison",9.81740613592461
"250607_04","220604_02","Lost","Veragua","Lost vs Veragua","Robust Aitchison",10.0235891899909
"250607_05","220604_02","Lost","Veragua","Lost vs Veragua","Robust Aitchison",9.79849738325031
"250607_07","220604_02","Lost","Veragua","Lost vs Veragua","Robust Aitchison",9.79731734499524
"250607_08","220604_02","Lost","Veragua","Lost vs Veragua","Robust Aitchison",9.36893622480295
"250607_09","220604_02","Lost","Veragua","Lost vs Veragua","Robust Aitchison",8.57708747230773
"250607_10","220604_02","Lost","Veragua","Lost vs Veragua","Robust Aitchison",16.7273305237827
"250607_01","220604_03","Lost","Veragua","Lost vs Veragua","Robust Aitchison",11.4962246184616
"250607_02","220604_03","Lost","Veragua","Lost vs Veragua","Robust Aitchison",11.0734425314523
"250607_03","220604_03","Lost","Veragua","Lost vs Veragua","Robust Aitchison",16.1176460641244
"250607_04","220604_03","Lost","Veragua","Lost vs Veragua","Robust Aitchison",15.5459914444091
"250607_05","220604_03","Lost","Veragua","Lost vs Veragua","Robust Aitchison",14.375904993787
"250607_07","220604_03","Lost","Veragua","Lost vs Veragua","Robust Aitchison",12.7983529493848
"250607_08","220604_03","Lost","Veragua","Lost vs Veragua","Robust Aitchison",14.1135700313106
"250607_09","220604_03","Lost","Veragua","Lost vs Veragua","Robust Aitchison",14.5384192546381
"250607_10","220604_03","Lost","Veragua","Lost vs Veragua","Robust Aitchison",10.0773744050683
"250607_01","220604_04","Lost","Veragua","Lost vs Veragua","Robust Aitchison",10.2820216094283
"250607_02","220604_04","Lost","Veragua","Lost vs Veragua","Robust Aitchison",11.8226564142038
"250607_03","220604_04","Lost","Veragua","Lost vs Veragua","Robust Aitchison",7.96640785713653
"250607_04","220604_04","Lost","Veragua","Lost vs Veragua","Robust Aitchison",10.1034702372429
"250607_05","220604_04","Lost","Veragua","Lost vs Veragua","Robust Aitchison",8.81724351305793
"250607_07","220604_04","Lost","Veragua","Lost vs Veragua","Robust Aitchison",8.01836456204943
"250607_08","220604_04","Lost","Veragua","Lost vs Veragua","Robust Aitchison",7.39329429458517
"250607_09","220604_04","Lost","Veragua","Lost vs Veragua","Robust Aitchison",7.11703634719714
"250607_10","220604_04","Lost","Veragua","Lost vs Veragua","Robust Aitchison",15.5372126435181
"250607_01","220604_05","Lost","Veragua","Lost vs Veragua","Robust Aitchison",10.2964468728379
"250607_02","220604_05","Lost","Veragua","Lost vs Veragua","Robust Aitchison",11.7784560004328
"250607_03","220604_05","Lost","Veragua","Lost vs Veragua","Robust Aitchison",9.2288990628332
"250607_04","220604_05","Lost","Veragua","Lost vs Veragua","Robust Aitchison",10.010302771113
"250607_05","220604_05","Lost","Veragua","Lost vs Veragua","Robust Aitchison",8.42810862293122
"250607_07","220604_05","Lost","Veragua","Lost vs Veragua","Robust Aitchison",8.23792148332497
"250607_08","220604_05","Lost","Veragua","Lost vs Veragua","Robust Aitchison",7.58213708346842
"250607_09","220604_05","Lost","Veragua","Lost vs Veragua","Robust Aitchison",6.8819441918763
"250607_10","220604_05","Lost","Veragua","Lost vs Veragua","Robust Aitchison",15.4452046753731
"250607_01","220604_06","Lost","Veragua","Lost vs Veragua","Robust Aitchison",10.9823023103451
"250607_02","220604_06","Lost","Veragua","Lost vs Veragua","Robust Aitchison",12.3116207834722
"250607_03","220604_06","Lost","Veragua","Lost vs Veragua","Robust Aitchison",7.38297179584413
"250607_04","220604_06","Lost","Veragua","Lost vs Veragua","Robust Aitchison",12.0416934575836
"250607_05","220604_06","Lost","Veragua","Lost vs Veragua","Robust Aitchison",9.86676464855998
"250607_07","220604_06","Lost","Veragua","Lost vs Veragua","Robust Aitchison",8.37641898997635
"250607_08","220604_06","Lost","Veragua","Lost vs Veragua","Robust Aitchison",7.28713442409764
"250607_09","220604_06","Lost","Veragua","Lost vs Veragua","Robust Aitchison",7.75973248672542
"250607_10","220604_06","Lost","Veragua","Lost vs Veragua","Robust Aitchison",16.415288226305
"250607_01","220604_07","Lost","Veragua","Lost vs Veragua","Robust Aitchison",20.1151312268026
"250607_02","220604_07","Lost","Veragua","Lost vs Veragua","Robust Aitchison",21.0759530887994
"250607_03","220604_07","Lost","Veragua","Lost vs Veragua","Robust Aitchison",9.36436452939713
"250607_04","220604_07","Lost","Veragua","Lost vs Veragua","Robust Aitchison",22.3963887177303
"250607_05","220604_07","Lost","Veragua","Lost vs Veragua","Robust Aitchison",20.8180461080001
"250607_07","220604_07","Lost","Veragua","Lost vs Veragua","Robust Aitchison",17.189975804334
"250607_08","220604_07","Lost","Veragua","Lost vs Veragua","Robust Aitchison",16.0898769767788
"250607_09","220604_07","Lost","Veragua","Lost vs Veragua","Robust Aitchison",18.4281231471943
"250607_10","220604_07","Lost","Veragua","Lost vs Veragua","Robust Aitchison",25.1961552145361
"250607_01","220606_02","Lost","Veragua","Lost vs Veragua","Robust Aitchison",12.4532532187675
"250607_02","220606_02","Lost","Veragua","Lost vs Veragua","Robust Aitchison",13.4780479616168
"250607_03","220606_02","Lost","Veragua","Lost vs Veragua","Robust Aitchison",2.96735509642422
"250607_04","220606_02","Lost","Veragua","Lost vs Veragua","Robust Aitchison",15.3580764898889
"250607_05","220606_02","Lost","Veragua","Lost vs Veragua","Robust Aitchison",12.8911433594982
"250607_07","220606_02","Lost","Veragua","Lost vs Veragua","Robust Aitchison",9.3926778164954
"250607_08","220606_02","Lost","Veragua","Lost vs Veragua","Robust Aitchison",8.11361847865253
"250607_09","220606_02","Lost","Veragua","Lost vs Veragua","Robust Aitchison",10.3633481012639
"250607_10","220606_02","Lost","Veragua","Lost vs Veragua","Robust Aitchison",17.8508289326337
"250607_01","220606_04","Lost","Veragua","Lost vs Veragua","Robust Aitchison",11.9856046884606
"250607_02","220606_04","Lost","Veragua","Lost vs Veragua","Robust Aitchison",13.6768847721981
"250607_03","220606_04","Lost","Veragua","Lost vs Veragua","Robust Aitchison",13.4528765829184
"250607_04","220606_04","Lost","Veragua","Lost vs Veragua","Robust Aitchison",7.53713987386545
"250607_05","220606_04","Lost","Veragua","Lost vs Veragua","Robust Aitchison",9.09617457640725
"250607_07","220606_04","Lost","Veragua","Lost vs Veragua","Robust Aitchison",11.1054017547186
"250607_08","220606_04","Lost","Veragua","Lost vs Veragua","Robust Aitchison",11.2529561219175
"250607_09","220606_04","Lost","Veragua","Lost vs Veragua","Robust Aitchison",9.12801317281012
"250607_10","220606_04","Lost","Veragua","Lost vs Veragua","Robust Aitchison",16.0244326216137
"250607_01","220607_01","Lost","Veragua","Lost vs Veragua","Robust Aitchison",18.7682172304741
"250607_02","220607_01","Lost","Veragua","Lost vs Veragua","Robust Aitchison",19.6501121217003
"250607_03","220607_01","Lost","Veragua","Lost vs Veragua","Robust Aitchison",9.42968802536757
"250607_04","220607_01","Lost","Veragua","Lost vs Veragua","Robust Aitchison",21.0805697032569
"250607_05","220607_01","Lost","Veragua","Lost vs Veragua","Robust Aitchison",20.0920215097337
"250607_07","220607_01","Lost","Veragua","Lost vs Veragua","Robust Aitchison",16.3844664447609
"250607_08","220607_01","Lost","Veragua","Lost vs Veragua","Robust Aitchison",15.8534525884832
"250607_09","220607_01","Lost","Veragua","Lost vs Veragua","Robust Aitchison",18.0762627624266
"250607_10","220607_01","Lost","Veragua","Lost vs Veragua","Robust Aitchison",23.0360815012718
"250607_01","220607_02","Lost","Veragua","Lost vs Veragua","Robust Aitchison",12.8317730868906
"250607_02","220607_02","Lost","Veragua","Lost vs Veragua","Robust Aitchison",14.3306265735849
"250607_03","220607_02","Lost","Veragua","Lost vs Veragua","Robust Aitchison",6.70647560443558
"250607_04","220607_02","Lost","Veragua","Lost vs Veragua","Robust Aitchison",12.7934476902251
"250607_05","220607_02","Lost","Veragua","Lost vs Veragua","Robust Aitchison",12.1128462865658
"250607_07","220607_02","Lost","Veragua","Lost vs Veragua","Robust Aitchison",10.2793121649689
"250607_08","220607_02","Lost","Veragua","Lost vs Veragua","Robust Aitchison",9.58492951371258
"250607_09","220607_02","Lost","Veragua","Lost vs Veragua","Robust Aitchison",10.2563449098813
"250607_10","220607_02","Lost","Veragua","Lost vs Veragua","Robust Aitchison",18.0890544850396
"250607_01","220607_03","Lost","Veragua","Lost vs Veragua","Robust Aitchison",21.8352988332117
"250607_02","220607_03","Lost","Veragua","Lost vs Veragua","Robust Aitchison",22.4847865830172
"250607_03","220607_03","Lost","Veragua","Lost vs Veragua","Robust Aitchison",12.0625214920273
"250607_04","220607_03","Lost","Veragua","Lost vs Veragua","Robust Aitchison",25.0178251780379
"250607_05","220607_03","Lost","Veragua","Lost vs Veragua","Robust Aitchison",23.4825705390539
"250607_07","220607_03","Lost","Veragua","Lost vs Veragua","Robust Aitchison",19.3672388868629
"250607_08","220607_03","Lost","Veragua","Lost vs Veragua","Robust Aitchison",18.6528806709198
"250607_09","220607_03","Lost","Veragua","Lost vs Veragua","Robust Aitchison",21.2816723235526
"250607_10","220607_03","Lost","Veragua","Lost vs Veragua","Robust Aitchison",26.0075782749256
"250607_01","220607_04","Lost","Veragua","Lost vs Veragua","Robust Aitchison",13.9163706989765
"250607_02","220607_04","Lost","Veragua","Lost vs Veragua","Robust Aitchison",14.7993532094778
"250607_03","220607_04","Lost","Veragua","Lost vs Veragua","Robust Aitchison",3.15409115855759
"250607_04","220607_04","Lost","Veragua","Lost vs Veragua","Robust Aitchison",17.1773025765436
"250607_05","220607_04","Lost","Veragua","Lost vs Veragua","Robust Aitchison",14.9992414398561
"250607_07","220607_04","Lost","Veragua","Lost vs Veragua","Robust Aitchison",11.0378011462782
"250607_08","220607_04","Lost","Veragua","Lost vs Veragua","Robust Aitchison",10.0329289030892
"250607_09","220607_04","Lost","Veragua","Lost vs Veragua","Robust Aitchison",12.5782705053942
"250607_10","220607_04","Lost","Veragua","Lost vs Veragua","Robust Aitchison",18.9243451362958
"250607_01","220609_01","Lost","Veragua","Lost vs Veragua","Robust Aitchison",14.4943048618846
"250607_02","220609_01","Lost","Veragua","Lost vs Veragua","Robust Aitchison",16.1473502861125
"250607_03","220609_01","Lost","Veragua","Lost vs Veragua","Robust Aitchison",13.7964914149305
"250607_04","220609_01","Lost","Veragua","Lost vs Veragua","Robust Aitchison",10.841652471197
"250607_05","220609_01","Lost","Veragua","Lost vs Veragua","Robust Aitchison",11.8304461511609
"250607_07","220609_01","Lost","Veragua","Lost vs Veragua","Robust Aitchison",13.0731151721644
"250607_08","220609_01","Lost","Veragua","Lost vs Veragua","Robust Aitchison",12.8152121397057
"250607_09","220609_01","Lost","Veragua","Lost vs Veragua","Robust Aitchison",11.3176107597544
"250607_10","220609_01","Lost","Veragua","Lost vs Veragua","Robust Aitchison",18.9567066300434
"250607_01","220609_02","Lost","Veragua","Lost vs Veragua","Robust Aitchison",20.0145291920819
"250607_02","220609_02","Lost","Veragua","Lost vs Veragua","Robust Aitchison",21.0491133474818
"250607_03","220609_02","Lost","Veragua","Lost vs Veragua","Robust Aitchison",9.59220567941392
"250607_04","220609_02","Lost","Veragua","Lost vs Veragua","Robust Aitchison",21.9717380514698
"250607_05","220609_02","Lost","Veragua","Lost vs Veragua","Robust Aitchison",20.2852630817165
"250607_07","220609_02","Lost","Veragua","Lost vs Veragua","Robust Aitchison",16.9841735022697
"250607_08","220609_02","Lost","Veragua","Lost vs Veragua","Robust Aitchison",15.7185104416628
"250607_09","220609_02","Lost","Veragua","Lost vs Veragua","Robust Aitchison",17.8580043804791
"250607_10","220609_02","Lost","Veragua","Lost vs Veragua","Robust Aitchison",25.3523645247656
"250607_01","220609_03","Lost","Veragua","Lost vs Veragua","Robust Aitchison",9.30085502178463
"250607_02","220609_03","Lost","Veragua","Lost vs Veragua","Robust Aitchison",10.285433720831
"250607_03","220609_03","Lost","Veragua","Lost vs Veragua","Robust Aitchison",4.10893688461935
"250607_04","220609_03","Lost","Veragua","Lost vs Veragua","Robust Aitchison",12.9226377705961
"250607_05","220609_03","Lost","Veragua","Lost vs Veragua","Robust Aitchison",9.6150006516574
"250607_07","220609_03","Lost","Veragua","Lost vs Veragua","Robust Aitchison",6.22236001532656
"250607_08","220609_03","Lost","Veragua","Lost vs Veragua","Robust Aitchison",4.73324164445846
"250607_09","220609_03","Lost","Veragua","Lost vs Veragua","Robust Aitchison",6.96087008393053
"250607_10","220609_03","Lost","Veragua","Lost vs Veragua","Robust Aitchison",14.7915261066832
"250607_01","220609_04","Lost","Veragua","Lost vs Veragua","Robust Aitchison",14.4562078783846
"250607_02","220609_04","Lost","Veragua","Lost vs Veragua","Robust Aitchison",15.5955872347409
"250607_03","220609_04","Lost","Veragua","Lost vs Veragua","Robust Aitchison",4.89154055817999
"250607_04","220609_04","Lost","Veragua","Lost vs Veragua","Robust Aitchison",16.3267703145674
"250607_05","220609_04","Lost","Veragua","Lost vs Veragua","Robust Aitchison",15.1364461284842
"250607_07","220609_04","Lost","Veragua","Lost vs Veragua","Robust Aitchison",11.7865252916828
"250607_08","220609_04","Lost","Veragua","Lost vs Veragua","Robust Aitchison",11.0866263907195
"250607_09","220609_04","Lost","Veragua","Lost vs Veragua","Robust Aitchison",13.0113422101056
"250607_10","220609_04","Lost","Veragua","Lost vs Veragua","Robust Aitchison",19.3806622333341
"250607_01","220609_07","Lost","Veragua","Lost vs Veragua","Robust Aitchison",23.2861285364437
"250607_02","220609_07","Lost","Veragua","Lost vs Veragua","Robust Aitchison",24.1346535961517
"250607_03","220609_07","Lost","Veragua","Lost vs Veragua","Robust Aitchison",12.4262928899873
"250607_04","220609_07","Lost","Veragua","Lost vs Veragua","Robust Aitchison",25.9050923081525
"250607_05","220609_07","Lost","Veragua","Lost vs Veragua","Robust Aitchison",24.0789713488478
"250607_07","220609_07","Lost","Veragua","Lost vs Veragua","Robust Aitchison",20.3027155442722
"250607_08","220609_07","Lost","Veragua","Lost vs Veragua","Robust Aitchison",19.0780494479772
"250607_09","220609_07","Lost","Veragua","Lost vs Veragua","Robust Aitchison",21.5932759024714
"250607_10","220609_07","Lost","Veragua","Lost vs Veragua","Robust Aitchison",28.3681185693265
"250607_01","220707_11","Lost","Campana","Lost vs Campana","Robust Aitchison",16.9260896572509
"250607_02","220707_11","Lost","Campana","Lost vs Campana","Robust Aitchison",17.5339660968251
"250607_03","220707_11","Lost","Campana","Lost vs Campana","Robust Aitchison",8.00190336890741
"250607_04","220707_11","Lost","Campana","Lost vs Campana","Robust Aitchison",20.541759053073
"250607_05","220707_11","Lost","Campana","Lost vs Campana","Robust Aitchison",18.7826730969988
"250607_07","220707_11","Lost","Campana","Lost vs Campana","Robust Aitchison",14.6124760939448
"250607_08","220707_11","Lost","Campana","Lost vs Campana","Robust Aitchison",14.0657426975963
"250607_09","220707_11","Lost","Campana","Lost vs Campana","Robust Aitchison",16.6711675419726
"250607_10","220707_11","Lost","Campana","Lost vs Campana","Robust Aitchison",20.9664729811678
"250607_01","220707_12","Lost","Campana","Lost vs Campana","Robust Aitchison",21.120927839502
"250607_02","220707_12","Lost","Campana","Lost vs Campana","Robust Aitchison",21.6486782095561
"250607_03","220707_12","Lost","Campana","Lost vs Campana","Robust Aitchison",13.6271958016129
"250607_04","220707_12","Lost","Campana","Lost vs Campana","Robust Aitchison",24.2022510815104
"250607_05","220707_12","Lost","Campana","Lost vs Campana","Robust Aitchison",23.1772340240848
"250607_07","220707_12","Lost","Campana","Lost vs Campana","Robust Aitchison",19.3023348741348
"250607_08","220707_12","Lost","Campana","Lost vs Campana","Robust Aitchison",19.0983355417376
"250607_09","220707_12","Lost","Campana","Lost vs Campana","Robust Aitchison",21.4192888787661
"250607_10","220707_12","Lost","Campana","Lost vs Campana","Robust Aitchison",24.316281654832
"250607_01","220707_13","Lost","Campana","Lost vs Campana","Robust Aitchison",21.3184196330656
"250607_02","220707_13","Lost","Campana","Lost vs Campana","Robust Aitchison",21.8768976375468
"250607_03","220707_13","Lost","Campana","Lost vs Campana","Robust Aitchison",13.3791657114625
"250607_04","220707_13","Lost","Campana","Lost vs Campana","Robust Aitchison",24.3849051767375
"250607_05","220707_13","Lost","Campana","Lost vs Campana","Robust Aitchison",23.302392865784
"250607_07","220707_13","Lost","Campana","Lost vs Campana","Robust Aitchison",19.3805933870734
"250607_08","220707_13","Lost","Campana","Lost vs Campana","Robust Aitchison",19.093264194782
"250607_09","220707_13","Lost","Campana","Lost vs Campana","Robust Aitchison",21.4674018666959
"250607_10","220707_13","Lost","Campana","Lost vs Campana","Robust Aitchison",24.6950689766437
"250607_01","220707_14","Lost","Campana","Lost vs Campana","Robust Aitchison",19.8648563956692
"250607_02","220707_14","Lost","Campana","Lost vs Campana","Robust Aitchison",20.5595537645515
"250607_03","220707_14","Lost","Campana","Lost vs Campana","Robust Aitchison",10.6120659109872
"250607_04","220707_14","Lost","Campana","Lost vs Campana","Robust Aitchison",22.8644231876375
"250607_05","220707_14","Lost","Campana","Lost vs Campana","Robust Aitchison",21.5303499485775
"250607_07","220707_14","Lost","Campana","Lost vs Campana","Robust Aitchison",17.5340355906349
"250607_08","220707_14","Lost","Campana","Lost vs Campana","Robust Aitchison",16.978217733213
"250607_09","220707_14","Lost","Campana","Lost vs Campana","Robust Aitchison",19.4568874041328
"250607_10","220707_14","Lost","Campana","Lost vs Campana","Robust Aitchison",23.9092396672055
"250607_01","220707_15","Lost","Campana","Lost vs Campana","Robust Aitchison",15.5652407953055
"250607_02","220707_15","Lost","Campana","Lost vs Campana","Robust Aitchison",15.9602746360645
"250607_03","220707_15","Lost","Campana","Lost vs Campana","Robust Aitchison",11.0210602741426
"250607_04","220707_15","Lost","Campana","Lost vs Campana","Robust Aitchison",19.1016031020388
"250607_05","220707_15","Lost","Campana","Lost vs Campana","Robust Aitchison",17.95402222921
"250607_07","220707_15","Lost","Campana","Lost vs Campana","Robust Aitchison",14.3320443623988
"250607_08","220707_15","Lost","Campana","Lost vs Campana","Robust Aitchison",14.5611057639121
"250607_09","220707_15","Lost","Campana","Lost vs Campana","Robust Aitchison",16.5571835170718
"250607_10","220707_15","Lost","Campana","Lost vs Campana","Robust Aitchison",18.1173839824269
"250607_01","220707_16","Lost","Campana","Lost vs Campana","Robust Aitchison",23.5874601986694
"250607_02","220707_16","Lost","Campana","Lost vs Campana","Robust Aitchison",24.3438490806523
"250607_03","220707_16","Lost","Campana","Lost vs Campana","Robust Aitchison",15.1975331194814
"250607_04","220707_16","Lost","Campana","Lost vs Campana","Robust Aitchison",25.7105980677579
"250607_05","220707_16","Lost","Campana","Lost vs Campana","Robust Aitchison",25.189859824088
"250607_07","220707_16","Lost","Campana","Lost vs Campana","Robust Aitchison",21.5602252590914
"250607_08","220707_16","Lost","Campana","Lost vs Campana","Robust Aitchison",21.2530055786076
"250607_09","220707_16","Lost","Campana","Lost vs Campana","Robust Aitchison",23.4021007836319
"250607_10","220707_16","Lost","Campana","Lost vs Campana","Robust Aitchison",27.173842788513
"250607_01","220707_17","Lost","Campana","Lost vs Campana","Robust Aitchison",21.0116368289688
"250607_02","220707_17","Lost","Campana","Lost vs Campana","Robust Aitchison",21.8677020225231
"250607_03","220707_17","Lost","Campana","Lost vs Campana","Robust Aitchison",13.1620875518037
"250607_04","220707_17","Lost","Campana","Lost vs Campana","Robust Aitchison",22.746081870133
"250607_05","220707_17","Lost","Campana","Lost vs Campana","Robust Aitchison",22.4760772514719
"250607_07","220707_17","Lost","Campana","Lost vs Campana","Robust Aitchison",19.0826577275591
"250607_08","220707_17","Lost","Campana","Lost vs Campana","Robust Aitchison",18.8997920987582
"250607_09","220707_17","Lost","Campana","Lost vs Campana","Robust Aitchison",20.8166991550437
"250607_10","220707_17","Lost","Campana","Lost vs Campana","Robust Aitchison",24.5940844126831
"250607_01","220707_18","Lost","Campana","Lost vs Campana","Robust Aitchison",24.741697306382
"250607_02","220707_18","Lost","Campana","Lost vs Campana","Robust Aitchison",25.65772896757
"250607_03","220707_18","Lost","Campana","Lost vs Campana","Robust Aitchison",15.7360729996181
"250607_04","220707_18","Lost","Campana","Lost vs Campana","Robust Aitchison",26.250950787099
"250607_05","220707_18","Lost","Campana","Lost vs Campana","Robust Aitchison",25.9716392026941
"250607_07","220707_18","Lost","Campana","Lost vs Campana","Robust Aitchison",22.5257452852049
"250607_08","220707_18","Lost","Campana","Lost vs Campana","Robust Aitchison",22.1017836327856
"250607_09","220707_18","Lost","Campana","Lost vs Campana","Robust Aitchison",24.1315269530849
"250607_10","220707_18","Lost","Campana","Lost vs Campana","Robust Aitchison",28.6972166377202
"250607_01","220707_19","Lost","Campana","Lost vs Campana","Robust Aitchison",18.1185693630746
"250607_02","220707_19","Lost","Campana","Lost vs Campana","Robust Aitchison",18.2482536308172
"250607_03","220707_19","Lost","Campana","Lost vs Campana","Robust Aitchison",12.9725384679915
"250607_04","220707_19","Lost","Campana","Lost vs Campana","Robust Aitchison",22.4995937419204
"250607_05","220707_19","Lost","Campana","Lost vs Campana","Robust Aitchison",20.8075418378937
"250607_07","220707_19","Lost","Campana","Lost vs Campana","Robust Aitchison",16.8029536138683
"250607_08","220707_19","Lost","Campana","Lost vs Campana","Robust Aitchison",16.8334031746837
"250607_09","220707_19","Lost","Campana","Lost vs Campana","Robust Aitchison",19.2285786371561
"250607_10","220707_19","Lost","Campana","Lost vs Campana","Robust Aitchison",20.4862862728955
"250607_01","220707_20","Lost","Campana","Lost vs Campana","Robust Aitchison",22.9699287106819
"250607_02","220707_20","Lost","Campana","Lost vs Campana","Robust Aitchison",23.6941238639775
"250607_03","220707_20","Lost","Campana","Lost vs Campana","Robust Aitchison",16.3222094270716
"250607_04","220707_20","Lost","Campana","Lost vs Campana","Robust Aitchison",24.6973175410912
"250607_05","220707_20","Lost","Campana","Lost vs Campana","Robust Aitchison",24.6905009748298
"250607_07","220707_20","Lost","Campana","Lost vs Campana","Robust Aitchison",21.4256277286917
"250607_08","220707_20","Lost","Campana","Lost vs Campana","Robust Aitchison",21.472072909841
"250607_09","220707_20","Lost","Campana","Lost vs Campana","Robust Aitchison",23.2737195546858
"250607_10","220707_20","Lost","Campana","Lost vs Campana","Robust Aitchison",25.8671465670947
"250607_01","220708_01","Lost","Soberanía","Lost vs Soberanía","Robust Aitchison",14.1078903323544
"250607_02","220708_01","Lost","Soberanía","Lost vs Soberanía","Robust Aitchison",14.8018966185945
"250607_03","220708_01","Lost","Soberanía","Lost vs Soberanía","Robust Aitchison",4.94068641537641
"250607_04","220708_01","Lost","Soberanía","Lost vs Soberanía","Robust Aitchison",17.8347178531825
"250607_05","220708_01","Lost","Soberanía","Lost vs Soberanía","Robust Aitchison",15.8229586235118
"250607_07","220708_01","Lost","Soberanía","Lost vs Soberanía","Robust Aitchison",11.6406770613343
"250607_08","220708_01","Lost","Soberanía","Lost vs Soberanía","Robust Aitchison",11.0238790510041
"250607_09","220708_01","Lost","Soberanía","Lost vs Soberanía","Robust Aitchison",13.6315343901392
"250607_10","220708_01","Lost","Soberanía","Lost vs Soberanía","Robust Aitchison",18.4797965822579
"250607_01","220708_02","Lost","Soberanía","Lost vs Soberanía","Robust Aitchison",12.5408461453309
"250607_02","220708_02","Lost","Soberanía","Lost vs Soberanía","Robust Aitchison",12.9656478295489
"250607_03","220708_02","Lost","Soberanía","Lost vs Soberanía","Robust Aitchison",3.70288182667283
"250607_04","220708_02","Lost","Soberanía","Lost vs Soberanía","Robust Aitchison",17.6663911942582
"250607_05","220708_02","Lost","Soberanía","Lost vs Soberanía","Robust Aitchison",14.1244472916533
"250607_07","220708_02","Lost","Soberanía","Lost vs Soberanía","Robust Aitchison",9.63245383590414
"250607_08","220708_02","Lost","Soberanía","Lost vs Soberanía","Robust Aitchison",8.26182330830666
"250607_09","220708_02","Lost","Soberanía","Lost vs Soberanía","Robust Aitchison",11.4732007857603
"250607_10","220708_02","Lost","Soberanía","Lost vs Soberanía","Robust Aitchison",17.422924700988
"250607_01","220708_03","Lost","Soberanía","Lost vs Soberanía","Robust Aitchison",14.3255752685847
"250607_02","220708_03","Lost","Soberanía","Lost vs Soberanía","Robust Aitchison",14.8789805925574
"250607_03","220708_03","Lost","Soberanía","Lost vs Soberanía","Robust Aitchison",5.13445281393507
"250607_04","220708_03","Lost","Soberanía","Lost vs Soberanía","Robust Aitchison",18.5920827109697
"250607_05","220708_03","Lost","Soberanía","Lost vs Soberanía","Robust Aitchison",16.2141878897523
"250607_07","220708_03","Lost","Soberanía","Lost vs Soberanía","Robust Aitchison",11.8259339863098
"250607_08","220708_03","Lost","Soberanía","Lost vs Soberanía","Robust Aitchison",11.1024438486846
"250607_09","220708_03","Lost","Soberanía","Lost vs Soberanía","Robust Aitchison",13.9332760502429
"250607_10","220708_03","Lost","Soberanía","Lost vs Soberanía","Robust Aitchison",18.6552986635847
"250607_01","220708_04","Lost","Soberanía","Lost vs Soberanía","Robust Aitchison",12.481734301551
"250607_02","220708_04","Lost","Soberanía","Lost vs Soberanía","Robust Aitchison",13.0555089897178
"250607_03","220708_04","Lost","Soberanía","Lost vs Soberanía","Robust Aitchison",3.50366855817685
"250607_04","220708_04","Lost","Soberanía","Lost vs Soberanía","Robust Aitchison",17.12973069467
"250607_05","220708_04","Lost","Soberanía","Lost vs Soberanía","Robust Aitchison",13.6621635169597
"250607_07","220708_04","Lost","Soberanía","Lost vs Soberanía","Robust Aitchison",9.4428891506926
"250607_08","220708_04","Lost","Soberanía","Lost vs Soberanía","Robust Aitchison",7.93740482514638
"250607_09","220708_04","Lost","Soberanía","Lost vs Soberanía","Robust Aitchison",10.9622261279238
"250607_10","220708_04","Lost","Soberanía","Lost vs Soberanía","Robust Aitchison",17.6154328488538
"250607_01","220708_05","Lost","Soberanía","Lost vs Soberanía","Robust Aitchison",10.9170701089948
"250607_02","220708_05","Lost","Soberanía","Lost vs Soberanía","Robust Aitchison",11.3985574494777
"250607_03","220708_05","Lost","Soberanía","Lost vs Soberanía","Robust Aitchison",10.1488075587907
"250607_04","220708_05","Lost","Soberanía","Lost vs Soberanía","Robust Aitchison",14.2038664715423
"250607_05","220708_05","Lost","Soberanía","Lost vs Soberanía","Robust Aitchison",13.2742870673504
"250607_07","220708_05","Lost","Soberanía","Lost vs Soberanía","Robust Aitchison",10.3806238787163
"250607_08","220708_05","Lost","Soberanía","Lost vs Soberanía","Robust Aitchison",11.1501589256373
"250607_09","220708_05","Lost","Soberanía","Lost vs Soberanía","Robust Aitchison",12.3887298307243
"250607_10","220708_05","Lost","Soberanía","Lost vs Soberanía","Robust Aitchison",13.0492043056647
"250607_01","220708_06","Lost","Soberanía","Lost vs Soberanía","Robust Aitchison",10.7175213489047
"250607_02","220708_06","Lost","Soberanía","Lost vs Soberanía","Robust Aitchison",11.3795417032277
"250607_03","220708_06","Lost","Soberanía","Lost vs Soberanía","Robust Aitchison",2.20149321968533
"250607_04","220708_06","Lost","Soberanía","Lost vs Soberanía","Robust Aitchison",15.3471272912636
"250607_05","220708_06","Lost","Soberanía","Lost vs Soberanía","Robust Aitchison",11.9497894574806
"250607_07","220708_06","Lost","Soberanía","Lost vs Soberanía","Robust Aitchison",7.6778754084551
"250607_08","220708_06","Lost","Soberanía","Lost vs Soberanía","Robust Aitchison",6.27845995508708
"250607_09","220708_06","Lost","Soberanía","Lost vs Soberanía","Robust Aitchison",9.29031276058807
"250607_10","220708_06","Lost","Soberanía","Lost vs Soberanía","Robust Aitchison",15.8845173381231
"250607_01","220708_07","Lost","Soberanía","Lost vs Soberanía","Robust Aitchison",15.9239138848774
"250607_02","220708_07","Lost","Soberanía","Lost vs Soberanía","Robust Aitchison",16.3288434293847
"250607_03","220708_07","Lost","Soberanía","Lost vs Soberanía","Robust Aitchison",9.68969063042159
"250607_04","220708_07","Lost","Soberanía","Lost vs Soberanía","Robust Aitchison",19.8450415604049
"250607_05","220708_07","Lost","Soberanía","Lost vs Soberanía","Robust Aitchison",18.2586394179326
"250607_07","220708_07","Lost","Soberanía","Lost vs Soberanía","Robust Aitchison",14.2487432185663
"250607_08","220708_07","Lost","Soberanía","Lost vs Soberanía","Robust Aitchison",14.1601734756401
"250607_09","220708_07","Lost","Soberanía","Lost vs Soberanía","Robust Aitchison",16.5301838859239
"250607_10","220708_07","Lost","Soberanía","Lost vs Soberanía","Robust Aitchison",19.0484222807836
"250607_01","220708_08","Lost","Soberanía","Lost vs Soberanía","Robust Aitchison",19.4170321019084
"250607_02","220708_08","Lost","Soberanía","Lost vs Soberanía","Robust Aitchison",19.8617714429523
"250607_03","220708_08","Lost","Soberanía","Lost vs Soberanía","Robust Aitchison",12.9236556905086
"250607_04","220708_08","Lost","Soberanía","Lost vs Soberanía","Robust Aitchison",22.7367119355641
"250607_05","220708_08","Lost","Soberanía","Lost vs Soberanía","Robust Aitchison",21.6499535844803
"250607_07","220708_08","Lost","Soberanía","Lost vs Soberanía","Robust Aitchison",17.8236830838115
"250607_08","220708_08","Lost","Soberanía","Lost vs Soberanía","Robust Aitchison",17.7724465742246
"250607_09","220708_08","Lost","Soberanía","Lost vs Soberanía","Robust Aitchison",20.0194254280896
"250607_10","220708_08","Lost","Soberanía","Lost vs Soberanía","Robust Aitchison",22.3019478737148
"250607_01","220708_09","Lost","Soberanía","Lost vs Soberanía","Robust Aitchison",19.0452113597058
"250607_02","220708_09","Lost","Soberanía","Lost vs Soberanía","Robust Aitchison",19.4995815543861
"250607_03","220708_09","Lost","Soberanía","Lost vs Soberanía","Robust Aitchison",15.4556133203971
"250607_04","220708_09","Lost","Soberanía","Lost vs Soberanía","Robust Aitchison",21.3817273099263
"250607_05","220708_09","Lost","Soberanía","Lost vs Soberanía","Robust Aitchison",21.2402952894028
"250607_07","220708_09","Lost","Soberanía","Lost vs Soberanía","Robust Aitchison",18.2495674285368
"250607_08","220708_09","Lost","Soberanía","Lost vs Soberanía","Robust Aitchison",18.7361483823961
"250607_09","220708_09","Lost","Soberanía","Lost vs Soberanía","Robust Aitchison",20.2537466505034
"250607_10","220708_09","Lost","Soberanía","Lost vs Soberanía","Robust Aitchison",20.8346078901664
"250607_01","220708_10","Lost","Soberanía","Lost vs Soberanía","Robust Aitchison",12.3064064616395
"250607_02","220708_10","Lost","Soberanía","Lost vs Soberanía","Robust Aitchison",11.8880106792406
"250607_03","220708_10","Lost","Soberanía","Lost vs Soberanía","Robust Aitchison",19.7543975919467
"250607_04","220708_10","Lost","Soberanía","Lost vs Soberanía","Robust Aitchison",14.5027208374546
"250607_05","220708_10","Lost","Soberanía","Lost vs Soberanía","Robust Aitchison",14.3634350678603
"250607_07","220708_10","Lost","Soberanía","Lost vs Soberanía","Robust Aitchison",14.6108290592255
"250607_08","220708_10","Lost","Soberanía","Lost vs Soberanía","Robust Aitchison",16.2518819150366
"250607_09","220708_10","Lost","Soberanía","Lost vs Soberanía","Robust Aitchison",15.5198603530311
"250607_10","220708_10","Lost","Soberanía","Lost vs Soberanía","Robust Aitchison",8.74627463676954
"220604_01","220707_11","Veragua","Campana","Veragua vs Campana","Robust Aitchison",16.7312783100561
"220604_02","220707_11","Veragua","Campana","Veragua vs Campana","Robust Aitchison",16.5052299050031
"220604_03","220707_11","Veragua","Campana","Veragua vs Campana","Robust Aitchison",16.8907582939665
"220604_04","220707_11","Veragua","Campana","Veragua vs Campana","Robust Aitchison",15.1224169828711
"220604_05","220707_11","Veragua","Campana","Veragua vs Campana","Robust Aitchison",16.6822284828185
"220604_06","220707_11","Veragua","Campana","Veragua vs Campana","Robust Aitchison",14.9051023476105
"220604_07","220707_11","Veragua","Campana","Veragua vs Campana","Robust Aitchison",8.04753948605335
"220606_02","220707_11","Veragua","Campana","Veragua vs Campana","Robust Aitchison",9.61794994988707
"220606_04","220707_11","Veragua","Campana","Veragua vs Campana","Robust Aitchison",20.0099417130191
"220607_01","220707_11","Veragua","Campana","Veragua vs Campana","Robust Aitchison",3.65909589407609
"220607_02","220707_11","Veragua","Campana","Veragua vs Campana","Robust Aitchison",12.2974977464274
"220607_03","220707_11","Veragua","Campana","Veragua vs Campana","Robust Aitchison",5.05123925771401
"220607_04","220707_11","Veragua","Campana","Veragua vs Campana","Robust Aitchison",6.02546321197751
"220609_01","220707_11","Veragua","Campana","Veragua vs Campana","Robust Aitchison",20.2464688122913
"220609_02","220707_11","Veragua","Campana","Veragua vs Campana","Robust Aitchison",10.6363243028616
"220609_03","220707_11","Veragua","Campana","Veragua vs Campana","Robust Aitchison",12.104493138878
"220609_04","220707_11","Veragua","Campana","Veragua vs Campana","Robust Aitchison",6.54204162425795
"220609_07","220707_11","Veragua","Campana","Veragua vs Campana","Robust Aitchison",10.3143751017256
"220604_01","220707_12","Veragua","Campana","Veragua vs Campana","Robust Aitchison",21.9141063939816
"220604_02","220707_12","Veragua","Campana","Veragua vs Campana","Robust Aitchison",21.3566886646948
"220604_03","220707_12","Veragua","Campana","Veragua vs Campana","Robust Aitchison",17.9455738618081
"220604_04","220707_12","Veragua","Campana","Veragua vs Campana","Robust Aitchison",20.2075937632502
"220604_05","220707_12","Veragua","Campana","Veragua vs Campana","Robust Aitchison",21.8659744158048
"220604_06","220707_12","Veragua","Campana","Veragua vs Campana","Robust Aitchison",20.337982913955
"220604_07","220707_12","Veragua","Campana","Veragua vs Campana","Robust Aitchison",12.2503096136453
"220606_02","220707_12","Veragua","Campana","Veragua vs Campana","Robust Aitchison",15.3226272870885
"220606_04","220707_12","Veragua","Campana","Veragua vs Campana","Robust Aitchison",24.4595927560958
"220607_01","220707_12","Veragua","Campana","Veragua vs Campana","Robust Aitchison",6.27100682996757
"220607_02","220707_12","Veragua","Campana","Veragua vs Campana","Robust Aitchison",17.1685677921074
"220607_03","220707_12","Veragua","Campana","Veragua vs Campana","Robust Aitchison",5.93519330619911
"220607_04","220707_12","Veragua","Campana","Veragua vs Campana","Robust Aitchison",11.7638983049325
"220609_01","220707_12","Veragua","Campana","Veragua vs Campana","Robust Aitchison",24.8814377741959
"220609_02","220707_12","Veragua","Campana","Veragua vs Campana","Robust Aitchison",15.2906274868795
"220609_03","220707_12","Veragua","Campana","Veragua vs Campana","Robust Aitchison",17.7134554747062
"220609_04","220707_12","Veragua","Campana","Veragua vs Campana","Robust Aitchison",11.4577808135177
"220609_07","220707_12","Veragua","Campana","Veragua vs Campana","Robust Aitchison",13.7613226396808
"220604_01","220707_13","Veragua","Campana","Veragua vs Campana","Robust Aitchison",21.7127994185604
"220604_02","220707_13","Veragua","Campana","Veragua vs Campana","Robust Aitchison",21.1252455814783
"220604_03","220707_13","Veragua","Campana","Veragua vs Campana","Robust Aitchison",18.6294481955432
"220604_04","220707_13","Veragua","Campana","Veragua vs Campana","Robust Aitchison",19.9861817096049
"220604_05","220707_13","Veragua","Campana","Veragua vs Campana","Robust Aitchison",21.6458407616385
"220604_06","220707_13","Veragua","Campana","Veragua vs Campana","Robust Aitchison",20.0415121133422
"220604_07","220707_13","Veragua","Campana","Veragua vs Campana","Robust Aitchison",11.4349920789198
"220606_02","220707_13","Veragua","Campana","Veragua vs Campana","Robust Aitchison",14.9282594069604
"220606_04","220707_13","Veragua","Campana","Veragua vs Campana","Robust Aitchison",24.3451135952809
"220607_01","220707_13","Veragua","Campana","Veragua vs Campana","Robust Aitchison",5.64378263025914
"220607_02","220707_13","Veragua","Campana","Veragua vs Campana","Robust Aitchison",16.8435747049021
"220607_03","220707_13","Veragua","Campana","Veragua vs Campana","Robust Aitchison",4.97920259717901
"220607_04","220707_13","Veragua","Campana","Veragua vs Campana","Robust Aitchison",11.3363173727154
"220609_01","220707_13","Veragua","Campana","Veragua vs Campana","Robust Aitchison",24.6398718395186
"220609_02","220707_13","Veragua","Campana","Veragua vs Campana","Robust Aitchison",14.5130051365012
"220609_03","220707_13","Veragua","Campana","Veragua vs Campana","Robust Aitchison",17.4738516429601
"220609_04","220707_13","Veragua","Campana","Veragua vs Campana","Robust Aitchison",11.0586042997419
"220609_07","220707_13","Veragua","Campana","Veragua vs Campana","Robust Aitchison",12.8355501438792
"220604_01","220707_14","Veragua","Campana","Veragua vs Campana","Robust Aitchison",18.9100568781203
"220604_02","220707_14","Veragua","Campana","Veragua vs Campana","Robust Aitchison",18.3040531320885
"220604_03","220707_14","Veragua","Campana","Veragua vs Campana","Robust Aitchison",19.3688104103305
"220604_04","220707_14","Veragua","Campana","Veragua vs Campana","Robust Aitchison",17.1612784818829
"220604_05","220707_14","Veragua","Campana","Veragua vs Campana","Robust Aitchison",18.7938764430541
"220604_06","220707_14","Veragua","Campana","Veragua vs Campana","Robust Aitchison",16.9835412998015
"220604_07","220707_14","Veragua","Campana","Veragua vs Campana","Robust Aitchison",7.63738919695571
"220606_02","220707_14","Veragua","Campana","Veragua vs Campana","Robust Aitchison",11.6837094697522
"220606_04","220707_14","Veragua","Campana","Veragua vs Campana","Robust Aitchison",21.8705957389632
"220607_01","220707_14","Veragua","Campana","Veragua vs Campana","Robust Aitchison",2.51532258212166
"220607_02","220707_14","Veragua","Campana","Veragua vs Campana","Robust Aitchison",13.833822907082
"220607_03","220707_14","Veragua","Campana","Veragua vs Campana","Robust Aitchison",2.48647103429555
"220607_04","220707_14","Veragua","Campana","Veragua vs Campana","Robust Aitchison",8.09326740320368
"220609_01","220707_14","Veragua","Campana","Veragua vs Campana","Robust Aitchison",21.8184353456266
"220609_02","220707_14","Veragua","Campana","Veragua vs Campana","Robust Aitchison",10.6930620434533
"220609_03","220707_14","Veragua","Campana","Veragua vs Campana","Robust Aitchison",14.6265124396546
"220609_04","220707_14","Veragua","Campana","Veragua vs Campana","Robust Aitchison",7.94939531692807
"220609_07","220707_14","Veragua","Campana","Veragua vs Campana","Robust Aitchison",9.31430195553379
"220604_01","220707_15","Veragua","Campana","Veragua vs Campana","Robust Aitchison",18.5650019883267
"220604_02","220707_15","Veragua","Campana","Veragua vs Campana","Robust Aitchison",18.4720296911964
"220604_03","220707_15","Veragua","Campana","Veragua vs Campana","Robust Aitchison",11.524652090134
"220604_04","220707_15","Veragua","Campana","Veragua vs Campana","Robust Aitchison",17.1402097529007
"220604_05","220707_15","Veragua","Campana","Veragua vs Campana","Robust Aitchison",18.6551468762313
"220604_06","220707_15","Veragua","Campana","Veragua vs Campana","Robust Aitchison",17.6020051722862
"220604_07","220707_15","Veragua","Campana","Veragua vs Campana","Robust Aitchison",14.3107944534785
"220606_02","220707_15","Veragua","Campana","Veragua vs Campana","Robust Aitchison",13.5430234512266
"220606_04","220707_15","Veragua","Campana","Veragua vs Campana","Robust Aitchison",20.9197765986597
"220607_01","220707_15","Veragua","Campana","Veragua vs Campana","Robust Aitchison",8.6025089303955
"220607_02","220707_15","Veragua","Campana","Veragua vs Campana","Robust Aitchison",15.1731411145899
"220607_03","220707_15","Veragua","Campana","Veragua vs Campana","Robust Aitchison",10.4750072105023
"220607_04","220707_15","Veragua","Campana","Veragua vs Campana","Robust Aitchison",10.7057745905248
"220609_01","220707_15","Veragua","Campana","Veragua vs Campana","Robust Aitchison",22.1134613595947
"220609_02","220707_15","Veragua","Campana","Veragua vs Campana","Robust Aitchison",16.6763941134559
"220609_03","220707_15","Veragua","Campana","Veragua vs Campana","Robust Aitchison",14.651380938537
"220609_04","220707_15","Veragua","Campana","Veragua vs Campana","Robust Aitchison",10.5707497664428
"220609_07","220707_15","Veragua","Campana","Veragua vs Campana","Robust Aitchison",16.8482219116528
"220604_01","220707_16","Veragua","Campana","Veragua vs Campana","Robust Aitchison",22.8504663824447
"220604_02","220707_16","Veragua","Campana","Veragua vs Campana","Robust Aitchison",21.8176348609443
"220604_03","220707_16","Veragua","Campana","Veragua vs Campana","Robust Aitchison",21.3351482821106
"220604_04","220707_16","Veragua","Campana","Veragua vs Campana","Robust Aitchison",20.980300645487
"220604_05","220707_16","Veragua","Campana","Veragua vs Campana","Robust Aitchison",22.7093508786913
"220604_06","220707_16","Veragua","Campana","Veragua vs Campana","Robust Aitchison",21.1493316613525
"220604_07","220707_16","Veragua","Campana","Veragua vs Campana","Robust Aitchison",11.3786882279714
"220606_02","220707_16","Veragua","Campana","Veragua vs Campana","Robust Aitchison",16.232472195116
"220606_04","220707_16","Veragua","Campana","Veragua vs Campana","Robust Aitchison",25.0213557371513
"220607_01","220707_16","Veragua","Campana","Veragua vs Campana","Robust Aitchison",6.04127404146358
"220607_02","220707_16","Veragua","Campana","Veragua vs Campana","Robust Aitchison",17.4016791143549
"220607_03","220707_16","Veragua","Campana","Veragua vs Campana","Robust Aitchison",5.54845988437444
"220607_04","220707_16","Veragua","Campana","Veragua vs Campana","Robust Aitchison",12.775463497842
"220609_01","220707_16","Veragua","Campana","Veragua vs Campana","Robust Aitchison",25.0106005352637
"220609_02","220707_16","Veragua","Campana","Veragua vs Campana","Robust Aitchison",14.4793117934122
"220609_03","220707_16","Veragua","Campana","Veragua vs Campana","Robust Aitchison",19.1613154850256
"220609_04","220707_16","Veragua","Campana","Veragua vs Campana","Robust Aitchison",11.8430513185332
"220609_07","220707_16","Veragua","Campana","Veragua vs Campana","Robust Aitchison",12.5195455435924
"220604_01","220707_17","Veragua","Campana","Veragua vs Campana","Robust Aitchison",20.3590294206049
"220604_02","220707_17","Veragua","Campana","Veragua vs Campana","Robust Aitchison",19.2595982990255
"220604_03","220707_17","Veragua","Campana","Veragua vs Campana","Robust Aitchison",19.1222968619206
"220604_04","220707_17","Veragua","Campana","Veragua vs Campana","Robust Aitchison",18.4799555381283
"220604_05","220707_17","Veragua","Campana","Veragua vs Campana","Robust Aitchison",20.2325974937575
"220604_06","220707_17","Veragua","Campana","Veragua vs Campana","Robust Aitchison",18.8673158382472
"220604_07","220707_17","Veragua","Campana","Veragua vs Campana","Robust Aitchison",10.7379293359739
"220606_02","220707_17","Veragua","Campana","Veragua vs Campana","Robust Aitchison",14.3108327781238
"220606_04","220707_17","Veragua","Campana","Veragua vs Campana","Robust Aitchison",22.257312843411
"220607_01","220707_17","Veragua","Campana","Veragua vs Campana","Robust Aitchison",4.55489510197211
"220607_02","220707_17","Veragua","Campana","Veragua vs Campana","Robust Aitchison",15.0072676698568
"220607_03","220707_17","Veragua","Campana","Veragua vs Campana","Robust Aitchison",6.33535217491596
"220607_04","220707_17","Veragua","Campana","Veragua vs Campana","Robust Aitchison",11.0252892135522
"220609_01","220707_17","Veragua","Campana","Veragua vs Campana","Robust Aitchison",22.4284092998389
"220609_02","220707_17","Veragua","Campana","Veragua vs Campana","Robust Aitchison",13.6291844763924
"220609_03","220707_17","Veragua","Campana","Veragua vs Campana","Robust Aitchison",17.021275127599
"220609_04","220707_17","Veragua","Campana","Veragua vs Campana","Robust Aitchison",9.68215086876695
"220609_07","220707_17","Veragua","Campana","Veragua vs Campana","Robust Aitchison",12.721253205343
"220604_01","220707_18","Veragua","Campana","Veragua vs Campana","Robust Aitchison",22.7377145162736
"220604_02","220707_18","Veragua","Campana","Veragua vs Campana","Robust Aitchison",21.4073273466653
"220604_03","220707_18","Veragua","Campana","Veragua vs Campana","Robust Aitchison",23.6127061242152
"220604_04","220707_18","Veragua","Campana","Veragua vs Campana","Robust Aitchison",20.7953644463845
"220604_05","220707_18","Veragua","Campana","Veragua vs Campana","Robust Aitchison",22.5267181017549
"220604_06","220707_18","Veragua","Campana","Veragua vs Campana","Robust Aitchison",20.9346543514252
"220604_07","220707_18","Veragua","Campana","Veragua vs Campana","Robust Aitchison",10.2863231690564
"220606_02","220707_18","Veragua","Campana","Veragua vs Campana","Robust Aitchison",16.2116929817079
"220606_04","220707_18","Veragua","Campana","Veragua vs Campana","Robust Aitchison",24.7094741659696
"220607_01","220707_18","Veragua","Campana","Veragua vs Campana","Robust Aitchison",6.34039011495529
"220607_02","220707_18","Veragua","Campana","Veragua vs Campana","Robust Aitchison",16.9130664346773
"220607_03","220707_18","Veragua","Campana","Veragua vs Campana","Robust Aitchison",6.1206914084093
"220607_04","220707_18","Veragua","Campana","Veragua vs Campana","Robust Aitchison",13.0135674724199
"220609_01","220707_18","Veragua","Campana","Veragua vs Campana","Robust Aitchison",24.3188893221277
"220609_02","220707_18","Veragua","Campana","Veragua vs Campana","Robust Aitchison",13.2217761526527
"220609_03","220707_18","Veragua","Campana","Veragua vs Campana","Robust Aitchison",19.4647854888792
"220609_04","220707_18","Veragua","Campana","Veragua vs Campana","Robust Aitchison",11.7314654840921
"220609_07","220707_18","Veragua","Campana","Veragua vs Campana","Robust Aitchison",11.1730614635234
"220604_01","220707_19","Veragua","Campana","Veragua vs Campana","Robust Aitchison",21.3357579154559
"220604_02","220707_19","Veragua","Campana","Veragua vs Campana","Robust Aitchison",21.4577837119645
"220604_03","220707_19","Veragua","Campana","Veragua vs Campana","Robust Aitchison",13.3610239307798
"220604_04","220707_19","Veragua","Campana","Veragua vs Campana","Robust Aitchison",19.9660732055716
"220604_05","220707_19","Veragua","Campana","Veragua vs Campana","Robust Aitchison",21.4275799975229
"220604_06","220707_19","Veragua","Campana","Veragua vs Campana","Robust Aitchison",20.0938684647309
"220604_07","220707_19","Veragua","Campana","Veragua vs Campana","Robust Aitchison",15.1819896899701
"220606_02","220707_19","Veragua","Campana","Veragua vs Campana","Robust Aitchison",15.470006517658
"220606_04","220707_19","Veragua","Campana","Veragua vs Campana","Robust Aitchison",24.197333673079
"220607_01","220707_19","Veragua","Campana","Veragua vs Campana","Robust Aitchison",9.7317588440528
"220607_02","220707_19","Veragua","Campana","Veragua vs Campana","Robust Aitchison",17.9262289262132
"220607_03","220707_19","Veragua","Campana","Veragua vs Campana","Robust Aitchison",9.96229593629077
"220607_04","220707_19","Veragua","Campana","Veragua vs Campana","Robust Aitchison",12.323436552557
"220609_01","220707_19","Veragua","Campana","Veragua vs Campana","Robust Aitchison",25.2368662899669
"220609_02","220707_19","Veragua","Campana","Veragua vs Campana","Robust Aitchison",17.804008506598
"220609_03","220707_19","Veragua","Campana","Veragua vs Campana","Robust Aitchison",16.7695121025689
"220609_04","220707_19","Veragua","Campana","Veragua vs Campana","Robust Aitchison",12.8067423515279
"220609_07","220707_19","Veragua","Campana","Veragua vs Campana","Robust Aitchison",17.0544635521695
"220604_01","220707_20","Veragua","Campana","Veragua vs Campana","Robust Aitchison",23.5186936878222
"220604_02","220707_20","Veragua","Campana","Veragua vs Campana","Robust Aitchison",22.4704299696323
"220604_03","220707_20","Veragua","Campana","Veragua vs Campana","Robust Aitchison",19.0217269208655
"220604_04","220707_20","Veragua","Campana","Veragua vs Campana","Robust Aitchison",21.6919007797972
"220604_05","220707_20","Veragua","Campana","Veragua vs Campana","Robust Aitchison",23.437548805969
"220604_06","220707_20","Veragua","Campana","Veragua vs Campana","Robust Aitchison",22.2467987294719
"220604_07","220707_20","Veragua","Campana","Veragua vs Campana","Robust Aitchison",14.6096122777274
"220606_02","220707_20","Veragua","Campana","Veragua vs Campana","Robust Aitchison",17.8275311985216
"220606_04","220707_20","Veragua","Campana","Veragua vs Campana","Robust Aitchison",25.1140102470484
"220607_01","220707_20","Veragua","Campana","Veragua vs Campana","Robust Aitchison",8.35454398968884
"220607_02","220707_20","Veragua","Campana","Veragua vs Campana","Robust Aitchison",18.4570930463899
"220607_03","220707_20","Veragua","Campana","Veragua vs Campana","Robust Aitchison",9.18180868303921
"220607_04","220707_20","Veragua","Campana","Veragua vs Campana","Robust Aitchison",14.5218262015131
"220609_01","220707_20","Veragua","Campana","Veragua vs Campana","Robust Aitchison",25.5978020352929
"220609_02","220707_20","Veragua","Campana","Veragua vs Campana","Robust Aitchison",17.5566584949112
"220609_03","220707_20","Veragua","Campana","Veragua vs Campana","Robust Aitchison",20.2119204892325
"220609_04","220707_20","Veragua","Campana","Veragua vs Campana","Robust Aitchison",13.2967737392351
"220609_07","220707_20","Veragua","Campana","Veragua vs Campana","Robust Aitchison",16.3376995953717
"220604_01","220708_01","Veragua","Soberanía","Veragua vs Soberanía","Robust Aitchison",13.7329661877104
"220604_02","220708_01","Veragua","Soberanía","Veragua vs Soberanía","Robust Aitchison",13.7274117965007
"220604_03","220708_01","Veragua","Soberanía","Veragua vs Soberanía","Robust Aitchison",15.7053431552948
"220604_04","220708_01","Veragua","Soberanía","Veragua vs Soberanía","Robust Aitchison",12.2082578071087
"220604_05","220708_01","Veragua","Soberanía","Veragua vs Soberanía","Robust Aitchison",13.7139569898603
"220604_06","220708_01","Veragua","Soberanía","Veragua vs Soberanía","Robust Aitchison",11.9749123059658
"220604_07","220708_01","Veragua","Soberanía","Veragua vs Soberanía","Robust Aitchison",8.03390786253489
"220606_02","220708_01","Veragua","Soberanía","Veragua vs Soberanía","Robust Aitchison",6.87574382855785
"220606_04","220708_01","Veragua","Soberanía","Veragua vs Soberanía","Robust Aitchison",17.2294364175342
"220607_01","220708_01","Veragua","Soberanía","Veragua vs Soberanía","Robust Aitchison",5.31547244004495
"220607_02","220708_01","Veragua","Soberanía","Veragua vs Soberanía","Robust Aitchison",9.77306244881496
"220607_03","220708_01","Veragua","Soberanía","Veragua vs Soberanía","Robust Aitchison",7.74022773723719
"220607_04","220708_01","Veragua","Soberanía","Veragua vs Soberanía","Robust Aitchison",3.57584707574003
"220609_01","220708_01","Veragua","Soberanía","Veragua vs Soberanía","Robust Aitchison",17.5803224976776
"220609_02","220708_01","Veragua","Soberanía","Veragua vs Soberanía","Robust Aitchison",9.8627266225549
"220609_03","220708_01","Veragua","Soberanía","Veragua vs Soberanía","Robust Aitchison",9.04794258612938
"220609_04","220708_01","Veragua","Soberanía","Veragua vs Soberanía","Robust Aitchison",4.59134229264032
"220609_07","220708_01","Veragua","Soberanía","Veragua vs Soberanía","Robust Aitchison",10.9001333863835
"220604_01","220708_02","Veragua","Soberanía","Veragua vs Soberanía","Robust Aitchison",11.5128833211651
"220604_02","220708_02","Veragua","Soberanía","Veragua vs Soberanía","Robust Aitchison",12.6459131408445
"220604_03","220708_02","Veragua","Soberanía","Veragua vs Soberanía","Robust Aitchison",17.5251446802344
"220604_04","220708_02","Veragua","Soberanía","Veragua vs Soberanía","Robust Aitchison",10.6659709983315
"220604_05","220708_02","Veragua","Soberanía","Veragua vs Soberanía","Robust Aitchison",11.5664362626835
"220604_06","220708_02","Veragua","Soberanía","Veragua vs Soberanía","Robust Aitchison",9.41611652265328
"220604_07","220708_02","Veragua","Soberanía","Veragua vs Soberanía","Robust Aitchison",9.70109297307019
"220606_02","220708_02","Veragua","Soberanía","Veragua vs Soberanía","Robust Aitchison",4.84888582014566
"220606_04","220708_02","Veragua","Soberanía","Veragua vs Soberanía","Robust Aitchison",16.3859875297113
"220607_01","220708_02","Veragua","Soberanía","Veragua vs Soberanía","Robust Aitchison",10.6949391788995
"220607_02","220708_02","Veragua","Soberanía","Veragua vs Soberanía","Robust Aitchison",9.78133347201295
"220607_03","220708_02","Veragua","Soberanía","Veragua vs Soberanía","Robust Aitchison",12.0500800721618
"220607_04","220708_02","Veragua","Soberanía","Veragua vs Soberanía","Robust Aitchison",4.65305332433086
"220609_01","220708_02","Veragua","Soberanía","Veragua vs Soberanía","Robust Aitchison",16.5297283999905
"220609_02","220708_02","Veragua","Soberanía","Veragua vs Soberanía","Robust Aitchison",9.88468960854236
"220609_03","220708_02","Veragua","Soberanía","Veragua vs Soberanía","Robust Aitchison",5.70391895063169
"220609_04","220708_02","Veragua","Soberanía","Veragua vs Soberanía","Robust Aitchison",7.53100798648127
"220609_07","220708_02","Veragua","Soberanía","Veragua vs Soberanía","Robust Aitchison",11.9304196277417
"220604_01","220708_03","Veragua","Soberanía","Veragua vs Soberanía","Robust Aitchison",14.2469271008108
"220604_02","220708_03","Veragua","Soberanía","Veragua vs Soberanía","Robust Aitchison",14.4771490771368
"220604_03","220708_03","Veragua","Soberanía","Veragua vs Soberanía","Robust Aitchison",15.9065458380507
"220604_04","220708_03","Veragua","Soberanía","Veragua vs Soberanía","Robust Aitchison",12.838040874679
"220604_05","220708_03","Veragua","Soberanía","Veragua vs Soberanía","Robust Aitchison",14.2485579091373
"220604_06","220708_03","Veragua","Soberanía","Veragua vs Soberanía","Robust Aitchison",12.396233056638
"220604_07","220708_03","Veragua","Soberanía","Veragua vs Soberanía","Robust Aitchison",8.27420122500799
"220606_02","220708_03","Veragua","Soberanía","Veragua vs Soberanía","Robust Aitchison",7.13569591174261
"220606_04","220708_03","Veragua","Soberanía","Veragua vs Soberanía","Robust Aitchison",18.0463261163079
"220607_01","220708_03","Veragua","Soberanía","Veragua vs Soberanía","Robust Aitchison",6.07233056651567
"220607_02","220708_03","Veragua","Soberanía","Veragua vs Soberanía","Robust Aitchison",10.622542242149
"220607_03","220708_03","Veragua","Soberanía","Veragua vs Soberanía","Robust Aitchison",7.73237487325325
"220607_04","220708_03","Veragua","Soberanía","Veragua vs Soberanía","Robust Aitchison",3.92033659712549
"220609_01","220708_03","Veragua","Soberanía","Veragua vs Soberanía","Robust Aitchison",18.3830919463225
"220609_02","220708_03","Veragua","Soberanía","Veragua vs Soberanía","Robust Aitchison",10.0739907778199
"220609_03","220708_03","Veragua","Soberanía","Veragua vs Soberanía","Robust Aitchison",9.17910379420479
"220609_04","220708_03","Veragua","Soberanía","Veragua vs Soberanía","Robust Aitchison",5.64214406411052
"220609_07","220708_03","Veragua","Soberanía","Veragua vs Soberanía","Robust Aitchison",10.8310479209704
"220604_01","220708_04","Veragua","Soberanía","Veragua vs Soberanía","Robust Aitchison",10.2589125212481
"220604_02","220708_04","Veragua","Soberanía","Veragua vs Soberanía","Robust Aitchison",11.3888528060531
"220604_03","220708_04","Veragua","Soberanía","Veragua vs Soberanía","Robust Aitchison",18.4371335460718
"220604_04","220708_04","Veragua","Soberanía","Veragua vs Soberanía","Robust Aitchison",9.44190048974455
"220604_05","220708_04","Veragua","Soberanía","Veragua vs Soberanía","Robust Aitchison",10.2750558166451
"220604_06","220708_04","Veragua","Soberanía","Veragua vs Soberanía","Robust Aitchison",8.00241455615861
"220604_07","220708_04","Veragua","Soberanía","Veragua vs Soberanía","Robust Aitchison",9.44804356732645
"220606_02","220708_04","Veragua","Soberanía","Veragua vs Soberanía","Robust Aitchison",3.64723130152176
"220606_04","220708_04","Veragua","Soberanía","Veragua vs Soberanía","Robust Aitchison",15.2495229007329
"220607_01","220708_04","Veragua","Soberanía","Veragua vs Soberanía","Robust Aitchison",11.1847438600935
"220607_02","220708_04","Veragua","Soberanía","Veragua vs Soberanía","Robust Aitchison",8.66727708346567
"220607_03","220708_04","Veragua","Soberanía","Veragua vs Soberanía","Robust Aitchison",12.7969575460095
"220607_04","220708_04","Veragua","Soberanía","Veragua vs Soberanía","Robust Aitchison",4.60431011458693
"220609_01","220708_04","Veragua","Soberanía","Veragua vs Soberanía","Robust Aitchison",15.1901944357301
"220609_02","220708_04","Veragua","Soberanía","Veragua vs Soberanía","Robust Aitchison",9.13022156494572
"220609_03","220708_04","Veragua","Soberanía","Veragua vs Soberanía","Robust Aitchison",4.58702424128548
"220609_04","220708_04","Veragua","Soberanía","Veragua vs Soberanía","Robust Aitchison",7.2817175683198
"220609_07","220708_04","Veragua","Soberanía","Veragua vs Soberanía","Robust Aitchison",11.7692041338537
"220604_01","220708_05","Veragua","Soberanía","Veragua vs Soberanía","Robust Aitchison",15.5081872313845
"220604_02","220708_05","Veragua","Soberanía","Veragua vs Soberanía","Robust Aitchison",15.6953754256404
"220604_03","220708_05","Veragua","Soberanía","Veragua vs Soberanía","Robust Aitchison",7.583561649797
"220604_04","220708_05","Veragua","Soberanía","Veragua vs Soberanía","Robust Aitchison",14.4028776167465
"220604_05","220708_05","Veragua","Soberanía","Veragua vs Soberanía","Robust Aitchison",15.7057092971519
"220604_06","220708_05","Veragua","Soberanía","Veragua vs Soberanía","Robust Aitchison",15.2864209911664
"220604_07","220708_05","Veragua","Soberanía","Veragua vs Soberanía","Robust Aitchison",16.4156168983923
"220606_02","220708_05","Veragua","Soberanía","Veragua vs Soberanía","Robust Aitchison",12.815241462333
"220606_04","220708_05","Veragua","Soberanía","Veragua vs Soberanía","Robust Aitchison",17.3113691278614
"220607_01","220708_05","Veragua","Soberanía","Veragua vs Soberanía","Robust Aitchison",11.7818008286813
"220607_02","220708_05","Veragua","Soberanía","Veragua vs Soberanía","Robust Aitchison",13.58267133034
"220607_03","220708_05","Veragua","Soberanía","Veragua vs Soberanía","Robust Aitchison",14.6959619258929
"220607_04","220708_05","Veragua","Soberanía","Veragua vs Soberanía","Robust Aitchison",11.2588490079147
"220609_01","220708_05","Veragua","Soberanía","Veragua vs Soberanía","Robust Aitchison",19.1431810152337
"220609_02","220708_05","Veragua","Soberanía","Veragua vs Soberanía","Robust Aitchison",18.0190258047096
"220609_03","220708_05","Veragua","Soberanía","Veragua vs Soberanía","Robust Aitchison",12.6269581023727
"220609_04","220708_05","Veragua","Soberanía","Veragua vs Soberanía","Robust Aitchison",10.9600853590065
"220609_07","220708_05","Veragua","Soberanía","Veragua vs Soberanía","Robust Aitchison",19.5237612393223
"220604_01","220708_06","Veragua","Soberanía","Veragua vs Soberanía","Robust Aitchison",9.14574105884834
"220604_02","220708_06","Veragua","Soberanía","Veragua vs Soberanía","Robust Aitchison",10.3354705475641
"220604_03","220708_06","Veragua","Soberanía","Veragua vs Soberanía","Robust Aitchison",16.839893781652
"220604_04","220708_06","Veragua","Soberanía","Veragua vs Soberanía","Robust Aitchison",8.3077247801854
"220604_05","220708_06","Veragua","Soberanía","Veragua vs Soberanía","Robust Aitchison",9.21930444049281
"220604_06","220708_06","Veragua","Soberanía","Veragua vs Soberanía","Robust Aitchison",7.2084762212767
"220604_07","220708_06","Veragua","Soberanía","Veragua vs Soberanía","Robust Aitchison",10.3121173947459
"220606_02","220708_06","Veragua","Soberanía","Veragua vs Soberanía","Robust Aitchison",3.38310841188698
"220606_04","220708_06","Veragua","Soberanía","Veragua vs Soberanía","Robust Aitchison",13.9681514100951
"220607_01","220708_06","Veragua","Soberanía","Veragua vs Soberanía","Robust Aitchison",11.1688248145764
"220607_02","220708_06","Veragua","Soberanía","Veragua vs Soberanía","Robust Aitchison",7.84854459010513
"220607_03","220708_06","Veragua","Soberanía","Veragua vs Soberanía","Robust Aitchison",13.2942651835842
"220607_04","220708_06","Veragua","Soberanía","Veragua vs Soberanía","Robust Aitchison",4.58279419149464
"220609_01","220708_06","Veragua","Soberanía","Veragua vs Soberanía","Robust Aitchison",14.2509964372937
"220609_02","220708_06","Veragua","Soberanía","Veragua vs Soberanía","Robust Aitchison",10.1498793141908
"220609_03","220708_06","Veragua","Soberanía","Veragua vs Soberanía","Robust Aitchison",3.35477494472144
"220609_04","220708_06","Veragua","Soberanía","Veragua vs Soberanía","Robust Aitchison",6.8420037438703
"220609_07","220708_06","Veragua","Soberanía","Veragua vs Soberanía","Robust Aitchison",13.001413230038
"220604_01","220708_07","Veragua","Soberanía","Veragua vs Soberanía","Robust Aitchison",18.0051425163358
"220604_02","220708_07","Veragua","Soberanía","Veragua vs Soberanía","Robust Aitchison",17.9731612924102
"220604_03","220708_07","Veragua","Soberanía","Veragua vs Soberanía","Robust Aitchison",13.3653226383338
"220604_04","220708_07","Veragua","Soberanía","Veragua vs Soberanía","Robust Aitchison",16.5378368137513
"220604_05","220708_07","Veragua","Soberanía","Veragua vs Soberanía","Robust Aitchison",18.0593860168409
"220604_06","220708_07","Veragua","Soberanía","Veragua vs Soberanía","Robust Aitchison",16.6927236628382
"220604_07","220708_07","Veragua","Soberanía","Veragua vs Soberanía","Robust Aitchison",12.1985113680964
"220606_02","220708_07","Veragua","Soberanía","Veragua vs Soberanía","Robust Aitchison",12.0740264524789
"220606_04","220708_07","Veragua","Soberanía","Veragua vs Soberanía","Robust Aitchison",20.8678756592558
"220607_01","220708_07","Veragua","Soberanía","Veragua vs Soberanía","Robust Aitchison",6.85008222578325
"220607_02","220708_07","Veragua","Soberanía","Veragua vs Soberanía","Robust Aitchison",14.3222244096553
"220607_03","220708_07","Veragua","Soberanía","Veragua vs Soberanía","Robust Aitchison",8.28794575604265
"220607_04","220708_07","Veragua","Soberanía","Veragua vs Soberanía","Robust Aitchison",8.92581226711723
"220609_01","220708_07","Veragua","Soberanía","Veragua vs Soberanía","Robust Aitchison",21.7400719381598
"220609_02","220708_07","Veragua","Soberanía","Veragua vs Soberanía","Robust Aitchison",14.6472759072851
"220609_03","220708_07","Veragua","Soberanía","Veragua vs Soberanía","Robust Aitchison",13.59474624199
"220609_04","220708_07","Veragua","Soberanía","Veragua vs Soberanía","Robust Aitchison",9.20282737683706
"220609_07","220708_07","Veragua","Soberanía","Veragua vs Soberanía","Robust Aitchison",14.5428176266335
"220604_01","220708_08","Veragua","Soberanía","Veragua vs Soberanía","Robust Aitchison",21.1275447779784
"220604_02","220708_08","Veragua","Soberanía","Veragua vs Soberanía","Robust Aitchison",20.7520815679882
"220604_03","220708_08","Veragua","Soberanía","Veragua vs Soberanía","Robust Aitchison",15.6079969115428
"220604_04","220708_08","Veragua","Soberanía","Veragua vs Soberanía","Robust Aitchison",19.5153363391816
"220604_05","220708_08","Veragua","Soberanía","Veragua vs Soberanía","Robust Aitchison",21.1327497410893
"220604_06","220708_08","Veragua","Soberanía","Veragua vs Soberanía","Robust Aitchison",19.7545941660692
"220604_07","220708_08","Veragua","Soberanía","Veragua vs Soberanía","Robust Aitchison",13.250420693513
"220606_02","220708_08","Veragua","Soberanía","Veragua vs Soberanía","Robust Aitchison",14.9800214212047
"220606_04","220708_08","Veragua","Soberanía","Veragua vs Soberanía","Robust Aitchison",23.6320075688847
"220607_01","220708_08","Veragua","Soberanía","Veragua vs Soberanía","Robust Aitchison",7.12621947925244
"220607_02","220708_08","Veragua","Soberanía","Veragua vs Soberanía","Robust Aitchison",16.8365123441734
"220607_03","220708_08","Veragua","Soberanía","Veragua vs Soberanía","Robust Aitchison",7.61864251668453
"220607_04","220708_08","Veragua","Soberanía","Veragua vs Soberanía","Robust Aitchison",11.5682630130942
"220609_01","220708_08","Veragua","Soberanía","Veragua vs Soberanía","Robust Aitchison",24.3529272014584
"220609_02","220708_08","Veragua","Soberanía","Veragua vs Soberanía","Robust Aitchison",16.1117698126644
"220609_03","220708_08","Veragua","Soberanía","Veragua vs Soberanía","Robust Aitchison",16.9353582313895
"220609_04","220708_08","Veragua","Soberanía","Veragua vs Soberanía","Robust Aitchison",11.3699610642146
"220609_07","220708_08","Veragua","Soberanía","Veragua vs Soberanía","Robust Aitchison",15.1320488713646
"220604_01","220708_09","Veragua","Soberanía","Veragua vs Soberanía","Robust Aitchison",22.2232684305653
"220604_02","220708_09","Veragua","Soberanía","Veragua vs Soberanía","Robust Aitchison",21.7215894927399
"220604_03","220708_09","Veragua","Soberanía","Veragua vs Soberanía","Robust Aitchison",12.7910243487191
"220604_04","220708_09","Veragua","Soberanía","Veragua vs Soberanía","Robust Aitchison",20.7049553452729
"220604_05","220708_09","Veragua","Soberanía","Veragua vs Soberanía","Robust Aitchison",22.2907244800921
"220604_06","220708_09","Veragua","Soberanía","Veragua vs Soberanía","Robust Aitchison",21.5049279164278
"220604_07","220708_09","Veragua","Soberanía","Veragua vs Soberanía","Robust Aitchison",17.5812249360179
"220606_02","220708_09","Veragua","Soberanía","Veragua vs Soberanía","Robust Aitchison",17.7674849226744
"220606_04","220708_09","Veragua","Soberanía","Veragua vs Soberanía","Robust Aitchison",23.7081403785204
"220607_01","220708_09","Veragua","Soberanía","Veragua vs Soberanía","Robust Aitchison",11.1788008011454
"220607_02","220708_09","Veragua","Soberanía","Veragua vs Soberanía","Robust Aitchison",18.5237384956384
"220607_03","220708_09","Veragua","Soberanía","Veragua vs Soberanía","Robust Aitchison",12.8826097378991
"220607_04","220708_09","Veragua","Soberanía","Veragua vs Soberanía","Robust Aitchison",14.9078544287707
"220609_01","220708_09","Veragua","Soberanía","Veragua vs Soberanía","Robust Aitchison",25.0208723097977
"220609_02","220708_09","Veragua","Soberanía","Veragua vs Soberanía","Robust Aitchison",20.1712060749093
"220609_03","220708_09","Veragua","Soberanía","Veragua vs Soberanía","Robust Aitchison",18.9880173301647
"220609_04","220708_09","Veragua","Soberanía","Veragua vs Soberanía","Robust Aitchison",14.1001604559975
"220609_07","220708_09","Veragua","Soberanía","Veragua vs Soberanía","Robust Aitchison",19.9824978248067
"220604_01","220708_10","Veragua","Soberanía","Veragua vs Soberanía","Robust Aitchison",21.0711899766195
"220604_02","220708_10","Veragua","Soberanía","Veragua vs Soberanía","Robust Aitchison",21.9646396269328
"220604_03","220708_10","Veragua","Soberanía","Veragua vs Soberanía","Robust Aitchison",5.56051066223247
"220604_04","220708_10","Veragua","Soberanía","Veragua vs Soberanía","Robust Aitchison",20.959663950093
"220604_05","220708_10","Veragua","Soberanía","Veragua vs Soberanía","Robust Aitchison",21.4743087580943
"220604_06","220708_10","Veragua","Soberanía","Veragua vs Soberanía","Robust Aitchison",22.2234121907415
"220604_07","220708_10","Veragua","Soberanía","Veragua vs Soberanía","Robust Aitchison",27.8065096546386
"220606_02","220708_10","Veragua","Soberanía","Veragua vs Soberanía","Robust Aitchison",22.2066265076048
"220606_04","220708_10","Veragua","Soberanía","Veragua vs Soberanía","Robust Aitchison",21.3504522540471
"220607_01","220708_10","Veragua","Soberanía","Veragua vs Soberanía","Robust Aitchison",23.6790349293685
"220607_02","220708_10","Veragua","Soberanía","Veragua vs Soberanía","Robust Aitchison",22.1952968671882
"220607_03","220708_10","Veragua","Soberanía","Veragua vs Soberanía","Robust Aitchison",26.530881956487
"220607_04","220708_10","Veragua","Soberanía","Veragua vs Soberanía","Robust Aitchison",21.9638097374694
"220609_01","220708_10","Veragua","Soberanía","Veragua vs Soberanía","Robust Aitchison",24.3501792783538
"220609_02","220708_10","Veragua","Soberanía","Veragua vs Soberanía","Robust Aitchison",28.8585038731038
"220609_03","220708_10","Veragua","Soberanía","Veragua vs Soberanía","Robust Aitchison",20.2185666817032
"220609_04","220708_10","Veragua","Soberanía","Veragua vs Soberanía","Robust Aitchison",21.8548011976892
"220609_07","220708_10","Veragua","Soberanía","Veragua vs Soberanía","Robust Aitchison",31.0174290484579
"220707_11","220708_01","Campana","Soberanía","Campana vs Soberanía","Robust Aitchison",3.11737987970262
"220707_12","220708_01","Campana","Soberanía","Campana vs Soberanía","Robust Aitchison",8.7120740783881
"220707_13","220708_01","Campana","Soberanía","Campana vs Soberanía","Robust Aitchison",8.45548693151989
"220707_14","220708_01","Campana","Soberanía","Campana vs Soberanía","Robust Aitchison",5.9700717593347
"220707_15","220708_01","Campana","Soberanía","Campana vs Soberanía","Robust Aitchison",7.25816419464458
"220707_16","220708_01","Campana","Soberanía","Campana vs Soberanía","Robust Aitchison",10.5416054205894
"220707_17","220708_01","Campana","Soberanía","Campana vs Soberanía","Robust Aitchison",8.74121022446289
"220707_18","220708_01","Campana","Soberanía","Campana vs Soberanía","Robust Aitchison",11.561578249497
"220707_19","220708_01","Campana","Soberanía","Campana vs Soberanía","Robust Aitchison",8.76581780449105
"220707_20","220708_01","Campana","Soberanía","Campana vs Soberanía","Robust Aitchison",11.7550163745216
"220707_11","220708_02","Campana","Soberanía","Campana vs Soberanía","Robust Aitchison",8.53387421391928
"220707_12","220708_02","Campana","Soberanía","Campana vs Soberanía","Robust Aitchison",14.3023431897052
"220707_13","220708_02","Campana","Soberanía","Campana vs Soberanía","Robust Aitchison",13.974733650658
"220707_14","220708_02","Campana","Soberanía","Campana vs Soberanía","Robust Aitchison",11.1646145134948
"220707_15","220708_02","Campana","Soberanía","Campana vs Soberanía","Robust Aitchison",12.3099354909591
"220707_16","220708_02","Campana","Soberanía","Campana vs Soberanía","Robust Aitchison",16.1600863087361
"220707_17","220708_02","Campana","Soberanía","Campana vs Soberanía","Robust Aitchison",14.6950310027848
"220707_18","220708_02","Campana","Soberanía","Campana vs Soberanía","Robust Aitchison",16.8559796310737
"220707_19","220708_02","Campana","Soberanía","Campana vs Soberanía","Robust Aitchison",13.2610852795745
"220707_20","220708_02","Campana","Soberanía","Campana vs Soberanía","Robust Aitchison",17.7809174065891
"220707_11","220708_03","Campana","Soberanía","Campana vs Soberanía","Robust Aitchison",3.26858018367207
"220707_12","220708_03","Campana","Soberanía","Campana vs Soberanía","Robust Aitchison",8.96518573462385
"220707_13","220708_03","Campana","Soberanía","Campana vs Soberanía","Robust Aitchison",8.6891614955026
"220707_14","220708_03","Campana","Soberanía","Campana vs Soberanía","Robust Aitchison",6.25141704360601
"220707_15","220708_03","Campana","Soberanía","Campana vs Soberanía","Robust Aitchison",7.64181214581483
"220707_16","220708_03","Campana","Soberanía","Campana vs Soberanía","Robust Aitchison",11.0363704251181
"220707_17","220708_03","Campana","Soberanía","Campana vs Soberanía","Robust Aitchison",9.53397278153698
"220707_18","220708_03","Campana","Soberanía","Campana vs Soberanía","Robust Aitchison",12.1751552780456
"220707_19","220708_03","Campana","Soberanía","Campana vs Soberanía","Robust Aitchison",8.61756240376516
"220707_20","220708_03","Campana","Soberanía","Campana vs Soberanía","Robust Aitchison",12.4213417132299
"220707_11","220708_04","Campana","Soberanía","Campana vs Soberanía","Robust Aitchison",9.48805781554579
"220707_12","220708_04","Campana","Soberanía","Campana vs Soberanía","Robust Aitchison",15.3513443919524
"220707_13","220708_04","Campana","Soberanía","Campana vs Soberanía","Robust Aitchison",14.980893785766
"220707_14","220708_04","Campana","Soberanía","Campana vs Soberanía","Robust Aitchison",11.9430628727224
"220707_15","220708_04","Campana","Soberanía","Campana vs Soberanía","Robust Aitchison",13.4414637023377
"220707_16","220708_04","Campana","Soberanía","Campana vs Soberanía","Robust Aitchison",16.9020654728114
"220707_17","220708_04","Campana","Soberanía","Campana vs Soberanía","Robust Aitchison",15.342086845384
"220707_18","220708_04","Campana","Soberanía","Campana vs Soberanía","Robust Aitchison",17.330658541037
"220707_19","220708_04","Campana","Soberanía","Campana vs Soberanía","Robust Aitchison",14.6463148449711
"220707_20","220708_04","Campana","Soberanía","Campana vs Soberanía","Robust Aitchison",18.6128990672762
"220707_11","220708_05","Campana","Soberanía","Campana vs Soberanía","Robust Aitchison",9.97781207317945
"220707_12","220708_05","Campana","Soberanía","Campana vs Soberanía","Robust Aitchison",11.6763283344135
"220707_13","220708_05","Campana","Soberanía","Campana vs Soberanía","Robust Aitchison",12.1898082280478
"220707_14","220708_05","Campana","Soberanía","Campana vs Soberanía","Robust Aitchison",12.328843395941
"220707_15","220708_05","Campana","Soberanía","Campana vs Soberanía","Robust Aitchison",5.41425692409084
"220707_16","220708_05","Campana","Soberanía","Campana vs Soberanía","Robust Aitchison",14.5583532507273
"220707_17","220708_05","Campana","Soberanía","Campana vs Soberanía","Robust Aitchison",12.0620685120459
"220707_18","220708_05","Campana","Soberanía","Campana vs Soberanía","Robust Aitchison",16.4731106760407
"220707_19","220708_05","Campana","Soberanía","Campana vs Soberanía","Robust Aitchison",8.6515061242143
"220707_20","220708_05","Campana","Soberanía","Campana vs Soberanía","Robust Aitchison",12.857050866688
"220707_11","220708_06","Campana","Soberanía","Campana vs Soberanía","Robust Aitchison",9.42976029318879
"220707_12","220708_06","Campana","Soberanía","Campana vs Soberanía","Robust Aitchison",15.1781586939758
"220707_13","220708_06","Campana","Soberanía","Campana vs Soberanía","Robust Aitchison",14.9087348316144
"220707_14","220708_06","Campana","Soberanía","Campana vs Soberanía","Robust Aitchison",12.0994631701022
"220707_15","220708_06","Campana","Soberanía","Campana vs Soberanía","Robust Aitchison",12.5522172766921
"220707_16","220708_06","Campana","Soberanía","Campana vs Soberanía","Robust Aitchison",16.8979190767351
"220707_17","220708_06","Campana","Soberanía","Campana vs Soberanía","Robust Aitchison",15.0553831546654
"220707_18","220708_06","Campana","Soberanía","Campana vs Soberanía","Robust Aitchison",17.4628435093571
"220707_19","220708_06","Campana","Soberanía","Campana vs Soberanía","Robust Aitchison",14.1430297684455
"220707_20","220708_06","Campana","Soberanía","Campana vs Soberanía","Robust Aitchison",18.1906066501644
"220707_11","220708_07","Campana","Soberanía","Campana vs Soberanía","Robust Aitchison",4.23798286335866
"220707_12","220708_07","Campana","Soberanía","Campana vs Soberanía","Robust Aitchison",5.42763889676021
"220707_13","220708_07","Campana","Soberanía","Campana vs Soberanía","Robust Aitchison",5.77892281819753
"220707_14","220708_07","Campana","Soberanía","Campana vs Soberanía","Robust Aitchison",6.199708309511
"220707_15","220708_07","Campana","Soberanía","Campana vs Soberanía","Robust Aitchison",2.57260958283687
"220707_16","220708_07","Campana","Soberanía","Campana vs Soberanía","Robust Aitchison",8.87952305738968
"220707_17","220708_07","Campana","Soberanía","Campana vs Soberanía","Robust Aitchison",7.3174679355402
"220707_18","220708_07","Campana","Soberanía","Campana vs Soberanía","Robust Aitchison",11.1846046423378
"220707_19","220708_07","Campana","Soberanía","Campana vs Soberanía","Robust Aitchison",3.63328953809694
"220707_20","220708_07","Campana","Soberanía","Campana vs Soberanía","Robust Aitchison",8.57722654826737
"220707_11","220708_08","Campana","Soberanía","Campana vs Soberanía","Robust Aitchison",5.86770335336054
"220707_12","220708_08","Campana","Soberanía","Campana vs Soberanía","Robust Aitchison",2.37731387305882
"220707_13","220708_08","Campana","Soberanía","Campana vs Soberanía","Robust Aitchison",3.19770348839463
"220707_14","220708_08","Campana","Soberanía","Campana vs Soberanía","Robust Aitchison",5.86260941391894
"220707_15","220708_08","Campana","Soberanía","Campana vs Soberanía","Robust Aitchison",4.27362280026082
"220707_16","220708_08","Campana","Soberanía","Campana vs Soberanía","Robust Aitchison",6.27136097949998
"220707_17","220708_08","Campana","Soberanía","Campana vs Soberanía","Robust Aitchison",5.48334135380207
"220707_18","220708_08","Campana","Soberanía","Campana vs Soberanía","Robust Aitchison",9.138346005076
"220707_19","220708_08","Campana","Soberanía","Campana vs Soberanía","Robust Aitchison",3.69048690985146
"220707_20","220708_08","Campana","Soberanía","Campana vs Soberanía","Robust Aitchison",5.45148381964932
"220707_11","220708_09","Campana","Soberanía","Campana vs Soberanía","Robust Aitchison",10.3816868038654
"220707_12","220708_09","Campana","Soberanía","Campana vs Soberanía","Robust Aitchison",7.3938848725508
"220707_13","220708_09","Campana","Soberanía","Campana vs Soberanía","Robust Aitchison",8.30284948011473
"220707_14","220708_09","Campana","Soberanía","Campana vs Soberanía","Robust Aitchison",10.8209729761979
"220707_15","220708_09","Campana","Soberanía","Campana vs Soberanía","Robust Aitchison",4.87975425604512
"220707_16","220708_09","Campana","Soberanía","Campana vs Soberanía","Robust Aitchison",10.0650262457848
"220707_17","220708_09","Campana","Soberanía","Campana vs Soberanía","Robust Aitchison",8.4765689659922
"220707_18","220708_09","Campana","Soberanía","Campana vs Soberanía","Robust Aitchison",12.6765451180353
"220707_19","220708_09","Campana","Soberanía","Campana vs Soberanía","Robust Aitchison",6.29051002272124
"220707_20","220708_09","Campana","Soberanía","Campana vs Soberanía","Robust Aitchison",6.68082890300341
"220707_11","220708_10","Campana","Soberanía","Campana vs Soberanía","Robust Aitchison",21.7354107703763
"220707_12","220708_10","Campana","Soberanía","Campana vs Soberanía","Robust Aitchison",22.9836908218778
"220707_13","220708_10","Campana","Soberanía","Campana vs Soberanía","Robust Aitchison",23.6575364021961
"220707_14","220708_10","Campana","Soberanía","Campana vs Soberanía","Robust Aitchison",24.2112067990972
"220707_15","220708_10","Campana","Soberanía","Campana vs Soberanía","Robust Aitchison",16.5543704728498
"220707_16","220708_10","Campana","Soberanía","Campana vs Soberanía","Robust Aitchison",26.068842150236
"220707_17","220708_10","Campana","Soberanía","Campana vs Soberanía","Robust Aitchison",23.6065534525107
"220707_18","220708_10","Campana","Soberanía","Campana vs Soberanía","Robust Aitchison",28.118799896945
"220707_19","220708_10","Campana","Soberanía","Campana vs Soberanía","Robust Aitchison",18.7675983204927
"220707_20","220708_10","Campana","Soberanía","Campana vs Soberanía","Robust Aitchison",23.5227262638274
