"Sample_1","Sample_2","Site_1","Site_2","Bray_Curtis","Pair"
"220604_01","220604_02","Veragua","Veragua",0.301765745543067,"Veragua vs Veragua"
"220604_01","220604_03","Veragua","Veragua",0.79460129555054,"Veragua vs Veragua"
"220604_02","220604_03","Veragua","Veragua",0.845811987281774,"Veragua vs Veragua"
"220604_01","220604_04","Veragua","Veragua",0.370678708102114,"Veragua vs Veragua"
"220604_02","220604_04","Veragua","Veragua",0.340404829152477,"Veragua vs Veragua"
"220604_03","220604_04","Veragua","Veragua",0.777395509230647,"Veragua vs Veragua"
"220604_01","220604_05","Veragua","Veragua",0.344414492607051,"Veragua vs Veragua"
"220604_02","220604_05","Veragua","Veragua",0.247072674494478,"Veragua vs Veragua"
"220604_03","220604_05","Veragua","Veragua",0.788967268562651,"Veragua vs Veragua"
"220604_04","220604_05","Veragua","Veragua",0.312427070037134,"Veragua vs Veragua"
"220604_01","220604_06","Veragua","Veragua",0.300479459744476,"Veragua vs Veragua"
"220604_02","220604_06","Veragua","Veragua",0.334849725669951,"Veragua vs Veragua"
"220604_03","220604_06","Veragua","Veragua",0.730825935764948,"Veragua vs Veragua"
"220604_04","220604_06","Veragua","Veragua",0.315935554439049,"Veragua vs Veragua"
"220604_05","220604_06","Veragua","Veragua",0.28490499040123,"Veragua vs Veragua"
"220604_01","220604_07","Veragua","Veragua",0.419694601405672,"Veragua vs Veragua"
"220604_02","220604_07","Veragua","Veragua",0.555982556931193,"Veragua vs Veragua"
"220604_03","220604_07","Veragua","Veragua",0.741599151115349,"Veragua vs Veragua"
"220604_04","220604_07","Veragua","Veragua",0.539668302947868,"Veragua vs Veragua"
"220604_05","220604_07","Veragua","Veragua",0.526117558683187,"Veragua vs Veragua"
"220604_06","220604_07","Veragua","Veragua",0.422030779931757,"Veragua vs Veragua"
"220604_01","220606_02","Veragua","Veragua",0.389525701515074,"Veragua vs Veragua"
"220604_02","220606_02","Veragua","Veragua",0.517025110689317,"Veragua vs Veragua"
"220604_03","220606_02","Veragua","Veragua",0.716110612684554,"Veragua vs Veragua"
"220604_04","220606_02","Veragua","Veragua",0.437662748225705,"Veragua vs Veragua"
"220604_05","220606_02","Veragua","Veragua",0.429748479819541,"Veragua vs Veragua"
"220604_06","220606_02","Veragua","Veragua",0.412900572516942,"Veragua vs Veragua"
"220604_07","220606_02","Veragua","Veragua",0.362340756364168,"Veragua vs Veragua"
"220604_01","220606_04","Veragua","Veragua",0.47150437561895,"Veragua vs Veragua"
"220604_02","220606_04","Veragua","Veragua",0.408260880743622,"Veragua vs Veragua"
"220604_03","220606_04","Veragua","Veragua",0.865546954826698,"Veragua vs Veragua"
"220604_04","220606_04","Veragua","Veragua",0.396561813785014,"Veragua vs Veragua"
"220604_05","220606_04","Veragua","Veragua",0.410258918750057,"Veragua vs Veragua"
"220604_06","220606_04","Veragua","Veragua",0.475033968109695,"Veragua vs Veragua"
"220604_07","220606_04","Veragua","Veragua",0.67727723577501,"Veragua vs Veragua"
"220606_02","220606_04","Veragua","Veragua",0.546647311630538,"Veragua vs Veragua"
"220604_01","220607_01","Veragua","Veragua",0.607947897375497,"Veragua vs Veragua"
"220604_02","220607_01","Veragua","Veragua",0.721764657570285,"Veragua vs Veragua"
"220604_03","220607_01","Veragua","Veragua",0.796250694116057,"Veragua vs Veragua"
"220604_04","220607_01","Veragua","Veragua",0.646787212761966,"Veragua vs Veragua"
"220604_05","220607_01","Veragua","Veragua",0.636402118445433,"Veragua vs Veragua"
"220604_06","220607_01","Veragua","Veragua",0.580238606152731,"Veragua vs Veragua"
"220604_07","220607_01","Veragua","Veragua",0.358995317743861,"Veragua vs Veragua"
"220606_02","220607_01","Veragua","Veragua",0.535122745446915,"Veragua vs Veragua"
"220606_04","220607_01","Veragua","Veragua",0.777808922094266,"Veragua vs Veragua"
"220604_01","220607_02","Veragua","Veragua",0.47882425658621,"Veragua vs Veragua"
"220604_02","220607_02","Veragua","Veragua",0.515391849362693,"Veragua vs Veragua"
"220604_03","220607_02","Veragua","Veragua",0.763269621294182,"Veragua vs Veragua"
"220604_04","220607_02","Veragua","Veragua",0.464793331626259,"Veragua vs Veragua"
"220604_05","220607_02","Veragua","Veragua",0.464065301275044,"Veragua vs Veragua"
"220604_06","220607_02","Veragua","Veragua",0.428514787281825,"Veragua vs Veragua"
"220604_07","220607_02","Veragua","Veragua",0.575801186684934,"Veragua vs Veragua"
"220606_02","220607_02","Veragua","Veragua",0.456974196689386,"Veragua vs Veragua"
"220606_04","220607_02","Veragua","Veragua",0.558966804920672,"Veragua vs Veragua"
"220607_01","220607_02","Veragua","Veragua",0.618111238600826,"Veragua vs Veragua"
"220604_01","220607_03","Veragua","Veragua",0.502511186658776,"Veragua vs Veragua"
"220604_02","220607_03","Veragua","Veragua",0.611326033271991,"Veragua vs Veragua"
"220604_03","220607_03","Veragua","Veragua",0.745062539346671,"Veragua vs Veragua"
"220604_04","220607_03","Veragua","Veragua",0.602066275464705,"Veragua vs Veragua"
"220604_05","220607_03","Veragua","Veragua",0.551861797163067,"Veragua vs Veragua"
"220604_06","220607_03","Veragua","Veragua",0.495976552020015,"Veragua vs Veragua"
"220604_07","220607_03","Veragua","Veragua",0.258188545341235,"Veragua vs Veragua"
"220606_02","220607_03","Veragua","Veragua",0.409035024307389,"Veragua vs Veragua"
"220606_04","220607_03","Veragua","Veragua",0.741198247486377,"Veragua vs Veragua"
"220607_01","220607_03","Veragua","Veragua",0.378807692380678,"Veragua vs Veragua"
"220607_02","220607_03","Veragua","Veragua",0.57314118551505,"Veragua vs Veragua"
"220604_01","220607_04","Veragua","Veragua",0.402070220476045,"Veragua vs Veragua"
"220604_02","220607_04","Veragua","Veragua",0.504816237204064,"Veragua vs Veragua"
"220604_03","220607_04","Veragua","Veragua",0.811777352127732,"Veragua vs Veragua"
"220604_04","220607_04","Veragua","Veragua",0.539000436089443,"Veragua vs Veragua"
"220604_05","220607_04","Veragua","Veragua",0.544208900754331,"Veragua vs Veragua"
"220604_06","220607_04","Veragua","Veragua",0.470946156027795,"Veragua vs Veragua"
"220604_07","220607_04","Veragua","Veragua",0.338310650598577,"Veragua vs Veragua"
"220606_02","220607_04","Veragua","Veragua",0.430033558233501,"Veragua vs Veragua"
"220606_04","220607_04","Veragua","Veragua",0.665852919551667,"Veragua vs Veragua"
"220607_01","220607_04","Veragua","Veragua",0.507699866247372,"Veragua vs Veragua"
"220607_02","220607_04","Veragua","Veragua",0.641377701363677,"Veragua vs Veragua"
"220607_03","220607_04","Veragua","Veragua",0.40263369885073,"Veragua vs Veragua"
"220604_01","220609_01","Veragua","Veragua",0.519842436854247,"Veragua vs Veragua"
"220604_02","220609_01","Veragua","Veragua",0.325449318988622,"Veragua vs Veragua"
"220604_03","220609_01","Veragua","Veragua",0.876380133727318,"Veragua vs Veragua"
"220604_04","220609_01","Veragua","Veragua",0.413307182710049,"Veragua vs Veragua"
"220604_05","220609_01","Veragua","Veragua",0.362219109825775,"Veragua vs Veragua"
"220604_06","220609_01","Veragua","Veragua",0.487125835375907,"Veragua vs Veragua"
"220604_07","220609_01","Veragua","Veragua",0.747162173283982,"Veragua vs Veragua"
"220606_02","220609_01","Veragua","Veragua",0.599511275836829,"Veragua vs Veragua"
"220606_04","220609_01","Veragua","Veragua",0.403943829318986,"Veragua vs Veragua"
"220607_01","220609_01","Veragua","Veragua",0.851293584047499,"Veragua vs Veragua"
"220607_02","220609_01","Veragua","Veragua",0.541545346166303,"Veragua vs Veragua"
"220607_03","220609_01","Veragua","Veragua",0.795371088194015,"Veragua vs Veragua"
"220607_04","220609_01","Veragua","Veragua",0.728110750754771,"Veragua vs Veragua"
"220604_01","220609_02","Veragua","Veragua",0.613911291842581,"Veragua vs Veragua"
"220604_02","220609_02","Veragua","Veragua",0.68032366154698,"Veragua vs Veragua"
"220604_03","220609_02","Veragua","Veragua",0.70589664847091,"Veragua vs Veragua"
"220604_04","220609_02","Veragua","Veragua",0.610146991019045,"Veragua vs Veragua"
"220604_05","220609_02","Veragua","Veragua",0.645654247166692,"Veragua vs Veragua"
"220604_06","220609_02","Veragua","Veragua",0.563502474449367,"Veragua vs Veragua"
"220604_07","220609_02","Veragua","Veragua",0.474778933704485,"Veragua vs Veragua"
"220606_02","220609_02","Veragua","Veragua",0.486164083127287,"Veragua vs Veragua"
"220606_04","220609_02","Veragua","Veragua",0.728703933125877,"Veragua vs Veragua"
"220607_01","220609_02","Veragua","Veragua",0.511363673823385,"Veragua vs Veragua"
"220607_02","220609_02","Veragua","Veragua",0.61821547651446,"Veragua vs Veragua"
"220607_03","220609_02","Veragua","Veragua",0.484686519450197,"Veragua vs Veragua"
"220607_04","220609_02","Veragua","Veragua",0.594491568697798,"Veragua vs Veragua"
"220609_01","220609_02","Veragua","Veragua",0.784058311835194,"Veragua vs Veragua"
"220604_01","220609_03","Veragua","Veragua",0.265670425898669,"Veragua vs Veragua"
"220604_02","220609_03","Veragua","Veragua",0.34718545080222,"Veragua vs Veragua"
"220604_03","220609_03","Veragua","Veragua",0.768213445571549,"Veragua vs Veragua"
"220604_04","220609_03","Veragua","Veragua",0.386652875767523,"Veragua vs Veragua"
"220604_05","220609_03","Veragua","Veragua",0.358656174559273,"Veragua vs Veragua"
"220604_06","220609_03","Veragua","Veragua",0.331506282102115,"Veragua vs Veragua"
"220604_07","220609_03","Veragua","Veragua",0.425804617272557,"Veragua vs Veragua"
"220606_02","220609_03","Veragua","Veragua",0.384235774961764,"Veragua vs Veragua"
"220606_04","220609_03","Veragua","Veragua",0.495634369756198,"Veragua vs Veragua"
"220607_01","220609_03","Veragua","Veragua",0.610814687287769,"Veragua vs Veragua"
"220607_02","220609_03","Veragua","Veragua",0.532307263704823,"Veragua vs Veragua"
"220607_03","220609_03","Veragua","Veragua",0.473457585256995,"Veragua vs Veragua"
"220607_04","220609_03","Veragua","Veragua",0.387760466567397,"Veragua vs Veragua"
"220609_01","220609_03","Veragua","Veragua",0.570318251197612,"Veragua vs Veragua"
"220609_02","220609_03","Veragua","Veragua",0.61508794206286,"Veragua vs Veragua"
"220604_01","220609_04","Veragua","Veragua",0.544414336912449,"Veragua vs Veragua"
"220604_02","220609_04","Veragua","Veragua",0.659890567229181,"Veragua vs Veragua"
"220604_03","220609_04","Veragua","Veragua",0.707019991934508,"Veragua vs Veragua"
"220604_04","220609_04","Veragua","Veragua",0.551276281079594,"Veragua vs Veragua"
"220604_05","220609_04","Veragua","Veragua",0.566677852935892,"Veragua vs Veragua"
"220604_06","220609_04","Veragua","Veragua",0.556404114771727,"Veragua vs Veragua"
"220604_07","220609_04","Veragua","Veragua",0.446881889792107,"Veragua vs Veragua"
"220606_02","220609_04","Veragua","Veragua",0.409767289970137,"Veragua vs Veragua"
"220606_04","220609_04","Veragua","Veragua",0.648625060770691,"Veragua vs Veragua"
"220607_01","220609_04","Veragua","Veragua",0.572242477895207,"Veragua vs Veragua"
"220607_02","220609_04","Veragua","Veragua",0.600919113797336,"Veragua vs Veragua"
"220607_03","220609_04","Veragua","Veragua",0.438105566043707,"Veragua vs Veragua"
"220607_04","220609_04","Veragua","Veragua",0.528480576476851,"Veragua vs Veragua"
"220609_01","220609_04","Veragua","Veragua",0.742635240593185,"Veragua vs Veragua"
"220609_02","220609_04","Veragua","Veragua",0.553810849808183,"Veragua vs Veragua"
"220609_03","220609_04","Veragua","Veragua",0.49535064077571,"Veragua vs Veragua"
"220604_01","220609_07","Veragua","Veragua",0.578643779749803,"Veragua vs Veragua"
"220604_02","220609_07","Veragua","Veragua",0.704426515301082,"Veragua vs Veragua"
"220604_03","220609_07","Veragua","Veragua",0.780255709314339,"Veragua vs Veragua"
"220604_04","220609_07","Veragua","Veragua",0.641694720234545,"Veragua vs Veragua"
"220604_05","220609_07","Veragua","Veragua",0.693982348213615,"Veragua vs Veragua"
"220604_06","220609_07","Veragua","Veragua",0.632640887027233,"Veragua vs Veragua"
"220604_07","220609_07","Veragua","Veragua",0.48133663016065,"Veragua vs Veragua"
"220606_02","220609_07","Veragua","Veragua",0.506087144208248,"Veragua vs Veragua"
"220606_04","220609_07","Veragua","Veragua",0.685044209157303,"Veragua vs Veragua"
"220607_01","220609_07","Veragua","Veragua",0.511089897340376,"Veragua vs Veragua"
"220607_02","220609_07","Veragua","Veragua",0.644695487134584,"Veragua vs Veragua"
"220607_03","220609_07","Veragua","Veragua",0.514540016005275,"Veragua vs Veragua"
"220607_04","220609_07","Veragua","Veragua",0.561487451960172,"Veragua vs Veragua"
"220609_01","220609_07","Veragua","Veragua",0.805390826107576,"Veragua vs Veragua"
"220609_02","220609_07","Veragua","Veragua",0.443413813468109,"Veragua vs Veragua"
"220609_03","220609_07","Veragua","Veragua",0.582807825093344,"Veragua vs Veragua"
"220609_04","220609_07","Veragua","Veragua",0.558974621170282,"Veragua vs Veragua"
"220604_01","220707_11","Veragua","Altos de Campana",0.547226268604855,"Veragua vs Altos de Campana"
"220604_02","220707_11","Veragua","Altos de Campana",0.643034030786713,"Veragua vs Altos de Campana"
"220604_03","220707_11","Veragua","Altos de Campana",0.729769126741343,"Veragua vs Altos de Campana"
"220604_04","220707_11","Veragua","Altos de Campana",0.599783138112971,"Veragua vs Altos de Campana"
"220604_05","220707_11","Veragua","Altos de Campana",0.589377976286108,"Veragua vs Altos de Campana"
"220604_06","220707_11","Veragua","Altos de Campana",0.536467873128246,"Veragua vs Altos de Campana"
"220604_07","220707_11","Veragua","Altos de Campana",0.39912161255717,"Veragua vs Altos de Campana"
"220606_02","220707_11","Veragua","Altos de Campana",0.442375018734097,"Veragua vs Altos de Campana"
"220606_04","220707_11","Veragua","Altos de Campana",0.719614850294051,"Veragua vs Altos de Campana"
"220607_01","220707_11","Veragua","Altos de Campana",0.494688562548752,"Veragua vs Altos de Campana"
"220607_02","220707_11","Veragua","Altos de Campana",0.610433788804708,"Veragua vs Altos de Campana"
"220607_03","220707_11","Veragua","Altos de Campana",0.378789459093121,"Veragua vs Altos de Campana"
"220607_04","220707_11","Veragua","Altos de Campana",0.499150025033319,"Veragua vs Altos de Campana"
"220609_01","220707_11","Veragua","Altos de Campana",0.790345571103507,"Veragua vs Altos de Campana"
"220609_02","220707_11","Veragua","Altos de Campana",0.480291859715164,"Veragua vs Altos de Campana"
"220609_03","220707_11","Veragua","Altos de Campana",0.524888475522074,"Veragua vs Altos de Campana"
"220609_04","220707_11","Veragua","Altos de Campana",0.470554144851194,"Veragua vs Altos de Campana"
"220609_07","220707_11","Veragua","Altos de Campana",0.541983850116617,"Veragua vs Altos de Campana"
"220604_01","220707_12","Veragua","Altos de Campana",0.550567507701708,"Veragua vs Altos de Campana"
"220604_02","220707_12","Veragua","Altos de Campana",0.665260269518674,"Veragua vs Altos de Campana"
"220604_03","220707_12","Veragua","Altos de Campana",0.751920077212915,"Veragua vs Altos de Campana"
"220604_04","220707_12","Veragua","Altos de Campana",0.625749821762647,"Veragua vs Altos de Campana"
"220604_05","220707_12","Veragua","Altos de Campana",0.598906143822277,"Veragua vs Altos de Campana"
"220604_06","220707_12","Veragua","Altos de Campana",0.553482415564857,"Veragua vs Altos de Campana"
"220604_07","220707_12","Veragua","Altos de Campana",0.333592192633152,"Veragua vs Altos de Campana"
"220606_02","220707_12","Veragua","Altos de Campana",0.491678485241295,"Veragua vs Altos de Campana"
"220606_04","220707_12","Veragua","Altos de Campana",0.77622761297981,"Veragua vs Altos de Campana"
"220607_01","220707_12","Veragua","Altos de Campana",0.391204733269827,"Veragua vs Altos de Campana"
"220607_02","220707_12","Veragua","Altos de Campana",0.661548926300161,"Veragua vs Altos de Campana"
"220607_03","220707_12","Veragua","Altos de Campana",0.277497743326627,"Veragua vs Altos de Campana"
"220607_04","220707_12","Veragua","Altos de Campana",0.438223054821908,"Veragua vs Altos de Campana"
"220609_01","220707_12","Veragua","Altos de Campana",0.843492729627879,"Veragua vs Altos de Campana"
"220609_02","220707_12","Veragua","Altos de Campana",0.587168697991156,"Veragua vs Altos de Campana"
"220609_03","220707_12","Veragua","Altos de Campana",0.530987942876797,"Veragua vs Altos de Campana"
"220609_04","220707_12","Veragua","Altos de Campana",0.469885604301764,"Veragua vs Altos de Campana"
"220609_07","220707_12","Veragua","Altos de Campana",0.596528501589675,"Veragua vs Altos de Campana"
"220707_11","220707_12","Altos de Campana","Altos de Campana",0.421194489403169,"Altos de Campana vs Altos de Campana"
"220604_01","220707_13","Veragua","Altos de Campana",0.611221153070997,"Veragua vs Altos de Campana"
"220604_02","220707_13","Veragua","Altos de Campana",0.70852725689774,"Veragua vs Altos de Campana"
"220604_03","220707_13","Veragua","Altos de Campana",0.75150324594477,"Veragua vs Altos de Campana"
"220604_04","220707_13","Veragua","Altos de Campana",0.664413769134678,"Veragua vs Altos de Campana"
"220604_05","220707_13","Veragua","Altos de Campana",0.62704157006363,"Veragua vs Altos de Campana"
"220604_06","220707_13","Veragua","Altos de Campana",0.608409345516228,"Veragua vs Altos de Campana"
"220604_07","220707_13","Veragua","Altos de Campana",0.436555322501874,"Veragua vs Altos de Campana"
"220606_02","220707_13","Veragua","Altos de Campana",0.476777624492195,"Veragua vs Altos de Campana"
"220606_04","220707_13","Veragua","Altos de Campana",0.781541709646924,"Veragua vs Altos de Campana"
"220607_01","220707_13","Veragua","Altos de Campana",0.478968505380575,"Veragua vs Altos de Campana"
"220607_02","220707_13","Veragua","Altos de Campana",0.677950724799741,"Veragua vs Altos de Campana"
"220607_03","220707_13","Veragua","Altos de Campana",0.384920772475834,"Veragua vs Altos de Campana"
"220607_04","220707_13","Veragua","Altos de Campana",0.537029680248889,"Veragua vs Altos de Campana"
"220609_01","220707_13","Veragua","Altos de Campana",0.859682789417355,"Veragua vs Altos de Campana"
"220609_02","220707_13","Veragua","Altos de Campana",0.469030749368783,"Veragua vs Altos de Campana"
"220609_03","220707_13","Veragua","Altos de Campana",0.590320541944924,"Veragua vs Altos de Campana"
"220609_04","220707_13","Veragua","Altos de Campana",0.531721422796553,"Veragua vs Altos de Campana"
"220609_07","220707_13","Veragua","Altos de Campana",0.589518105575976,"Veragua vs Altos de Campana"
"220707_11","220707_13","Altos de Campana","Altos de Campana",0.39194972701394,"Altos de Campana vs Altos de Campana"
"220707_12","220707_13","Altos de Campana","Altos de Campana",0.387865055051636,"Altos de Campana vs Altos de Campana"
"220604_01","220707_14","Veragua","Altos de Campana",0.584874955650033,"Veragua vs Altos de Campana"
"220604_02","220707_14","Veragua","Altos de Campana",0.664260749782876,"Veragua vs Altos de Campana"
"220604_03","220707_14","Veragua","Altos de Campana",0.731510782011774,"Veragua vs Altos de Campana"
"220604_04","220707_14","Veragua","Altos de Campana",0.620857724216755,"Veragua vs Altos de Campana"
"220604_05","220707_14","Veragua","Altos de Campana",0.599104651142167,"Veragua vs Altos de Campana"
"220604_06","220707_14","Veragua","Altos de Campana",0.565933154301138,"Veragua vs Altos de Campana"
"220604_07","220707_14","Veragua","Altos de Campana",0.38888092976983,"Veragua vs Altos de Campana"
"220606_02","220707_14","Veragua","Altos de Campana",0.440602002462203,"Veragua vs Altos de Campana"
"220606_04","220707_14","Veragua","Altos de Campana",0.741626645018511,"Veragua vs Altos de Campana"
"220607_01","220707_14","Veragua","Altos de Campana",0.423896586161511,"Veragua vs Altos de Campana"
"220607_02","220707_14","Veragua","Altos de Campana",0.586630096081228,"Veragua vs Altos de Campana"
"220607_03","220707_14","Veragua","Altos de Campana",0.352220364747258,"Veragua vs Altos de Campana"
"220607_04","220707_14","Veragua","Altos de Campana",0.48665076129538,"Veragua vs Altos de Campana"
"220609_01","220707_14","Veragua","Altos de Campana",0.805257692308295,"Veragua vs Altos de Campana"
"220609_02","220707_14","Veragua","Altos de Campana",0.397057854930659,"Veragua vs Altos de Campana"
"220609_03","220707_14","Veragua","Altos de Campana",0.57077185739742,"Veragua vs Altos de Campana"
"220609_04","220707_14","Veragua","Altos de Campana",0.488978361166758,"Veragua vs Altos de Campana"
"220609_07","220707_14","Veragua","Altos de Campana",0.506807478057373,"Veragua vs Altos de Campana"
"220707_11","220707_14","Altos de Campana","Altos de Campana",0.300039829724155,"Altos de Campana vs Altos de Campana"
"220707_12","220707_14","Altos de Campana","Altos de Campana",0.392716335754251,"Altos de Campana vs Altos de Campana"
"220707_13","220707_14","Altos de Campana","Altos de Campana",0.301724967584373,"Altos de Campana vs Altos de Campana"
"220604_01","220707_15","Veragua","Altos de Campana",0.607887512819252,"Veragua vs Altos de Campana"
"220604_02","220707_15","Veragua","Altos de Campana",0.658416513462675,"Veragua vs Altos de Campana"
"220604_03","220707_15","Veragua","Altos de Campana",0.780021398554563,"Veragua vs Altos de Campana"
"220604_04","220707_15","Veragua","Altos de Campana",0.718142409846797,"Veragua vs Altos de Campana"
"220604_05","220707_15","Veragua","Altos de Campana",0.679148714410246,"Veragua vs Altos de Campana"
"220604_06","220707_15","Veragua","Altos de Campana",0.61211032582278,"Veragua vs Altos de Campana"
"220604_07","220707_15","Veragua","Altos de Campana",0.527631175091548,"Veragua vs Altos de Campana"
"220606_02","220707_15","Veragua","Altos de Campana",0.62087452960288,"Veragua vs Altos de Campana"
"220606_04","220707_15","Veragua","Altos de Campana",0.816662542602728,"Veragua vs Altos de Campana"
"220607_01","220707_15","Veragua","Altos de Campana",0.546494371231617,"Veragua vs Altos de Campana"
"220607_02","220707_15","Veragua","Altos de Campana",0.674398354723291,"Veragua vs Altos de Campana"
"220607_03","220707_15","Veragua","Altos de Campana",0.486469443599366,"Veragua vs Altos de Campana"
"220607_04","220707_15","Veragua","Altos de Campana",0.577564918371541,"Veragua vs Altos de Campana"
"220609_01","220707_15","Veragua","Altos de Campana",0.844455743587397,"Veragua vs Altos de Campana"
"220609_02","220707_15","Veragua","Altos de Campana",0.613597849883102,"Veragua vs Altos de Campana"
"220609_03","220707_15","Veragua","Altos de Campana",0.601550577222677,"Veragua vs Altos de Campana"
"220609_04","220707_15","Veragua","Altos de Campana",0.650178234665157,"Veragua vs Altos de Campana"
"220609_07","220707_15","Veragua","Altos de Campana",0.656441446683815,"Veragua vs Altos de Campana"
"220707_11","220707_15","Altos de Campana","Altos de Campana",0.501570364378532,"Altos de Campana vs Altos de Campana"
"220707_12","220707_15","Altos de Campana","Altos de Campana",0.507062322324746,"Altos de Campana vs Altos de Campana"
"220707_13","220707_15","Altos de Campana","Altos de Campana",0.510588262013932,"Altos de Campana vs Altos de Campana"
"220707_14","220707_15","Altos de Campana","Altos de Campana",0.506284619677742,"Altos de Campana vs Altos de Campana"
"220604_01","220707_16","Veragua","Altos de Campana",0.667852696491606,"Veragua vs Altos de Campana"
"220604_02","220707_16","Veragua","Altos de Campana",0.77385803876305,"Veragua vs Altos de Campana"
"220604_03","220707_16","Veragua","Altos de Campana",0.759706964592504,"Veragua vs Altos de Campana"
"220604_04","220707_16","Veragua","Altos de Campana",0.661861695283575,"Veragua vs Altos de Campana"
"220604_05","220707_16","Veragua","Altos de Campana",0.671035296287294,"Veragua vs Altos de Campana"
"220604_06","220707_16","Veragua","Altos de Campana",0.650277632191568,"Veragua vs Altos de Campana"
"220604_07","220707_16","Veragua","Altos de Campana",0.431715327734435,"Veragua vs Altos de Campana"
"220606_02","220707_16","Veragua","Altos de Campana",0.478200768684867,"Veragua vs Altos de Campana"
"220606_04","220707_16","Veragua","Altos de Campana",0.774893440436488,"Veragua vs Altos de Campana"
"220607_01","220707_16","Veragua","Altos de Campana",0.401062924288706,"Veragua vs Altos de Campana"
"220607_02","220707_16","Veragua","Altos de Campana",0.623414582732066,"Veragua vs Altos de Campana"
"220607_03","220707_16","Veragua","Altos de Campana",0.336906983411877,"Veragua vs Altos de Campana"
"220607_04","220707_16","Veragua","Altos de Campana",0.54986386333645,"Veragua vs Altos de Campana"
"220609_01","220707_16","Veragua","Altos de Campana",0.840895761991846,"Veragua vs Altos de Campana"
"220609_02","220707_16","Veragua","Altos de Campana",0.563245903121575,"Veragua vs Altos de Campana"
"220609_03","220707_16","Veragua","Altos de Campana",0.641183606724798,"Veragua vs Altos de Campana"
"220609_04","220707_16","Veragua","Altos de Campana",0.464236413092475,"Veragua vs Altos de Campana"
"220609_07","220707_16","Veragua","Altos de Campana",0.558457773875117,"Veragua vs Altos de Campana"
"220707_11","220707_16","Altos de Campana","Altos de Campana",0.422831692768049,"Altos de Campana vs Altos de Campana"
"220707_12","220707_16","Altos de Campana","Altos de Campana",0.295760513338367,"Altos de Campana vs Altos de Campana"
"220707_13","220707_16","Altos de Campana","Altos de Campana",0.406875271277667,"Altos de Campana vs Altos de Campana"
"220707_14","220707_16","Altos de Campana","Altos de Campana",0.328552401200975,"Altos de Campana vs Altos de Campana"
"220707_15","220707_16","Altos de Campana","Altos de Campana",0.592694555444674,"Altos de Campana vs Altos de Campana"
"220604_01","220707_17","Veragua","Altos de Campana",0.712510025263753,"Veragua vs Altos de Campana"
"220604_02","220707_17","Veragua","Altos de Campana",0.784639303630151,"Veragua vs Altos de Campana"
"220604_03","220707_17","Veragua","Altos de Campana",0.774545824279931,"Veragua vs Altos de Campana"
"220604_04","220707_17","Veragua","Altos de Campana",0.716732428555817,"Veragua vs Altos de Campana"
"220604_05","220707_17","Veragua","Altos de Campana",0.69930657310381,"Veragua vs Altos de Campana"
"220604_06","220707_17","Veragua","Altos de Campana",0.686852579738971,"Veragua vs Altos de Campana"
"220604_07","220707_17","Veragua","Altos de Campana",0.534979053112964,"Veragua vs Altos de Campana"
"220606_02","220707_17","Veragua","Altos de Campana",0.524006287012898,"Veragua vs Altos de Campana"
"220606_04","220707_17","Veragua","Altos de Campana",0.81101079111362,"Veragua vs Altos de Campana"
"220607_01","220707_17","Veragua","Altos de Campana",0.57003950715865,"Veragua vs Altos de Campana"
"220607_02","220707_17","Veragua","Altos de Campana",0.700316321322635,"Veragua vs Altos de Campana"
"220607_03","220707_17","Veragua","Altos de Campana",0.477747289217245,"Veragua vs Altos de Campana"
"220607_04","220707_17","Veragua","Altos de Campana",0.63393252454337,"Veragua vs Altos de Campana"
"220609_01","220707_17","Veragua","Altos de Campana",0.848735572294884,"Veragua vs Altos de Campana"
"220609_02","220707_17","Veragua","Altos de Campana",0.58742078443803,"Veragua vs Altos de Campana"
"220609_03","220707_17","Veragua","Altos de Campana",0.636343350814535,"Veragua vs Altos de Campana"
"220609_04","220707_17","Veragua","Altos de Campana",0.54974555438237,"Veragua vs Altos de Campana"
"220609_07","220707_17","Veragua","Altos de Campana",0.670476944288458,"Veragua vs Altos de Campana"
"220707_11","220707_17","Altos de Campana","Altos de Campana",0.518586972163047,"Altos de Campana vs Altos de Campana"
"220707_12","220707_17","Altos de Campana","Altos de Campana",0.474802355455132,"Altos de Campana vs Altos de Campana"
"220707_13","220707_17","Altos de Campana","Altos de Campana",0.444489127487001,"Altos de Campana vs Altos de Campana"
"220707_14","220707_17","Altos de Campana","Altos de Campana",0.457683500148728,"Altos de Campana vs Altos de Campana"
"220707_15","220707_17","Altos de Campana","Altos de Campana",0.621196517147312,"Altos de Campana vs Altos de Campana"
"220707_16","220707_17","Altos de Campana","Altos de Campana",0.443480287061104,"Altos de Campana vs Altos de Campana"
"220604_01","220707_18","Veragua","Altos de Campana",0.605381496737966,"Veragua vs Altos de Campana"
"220604_02","220707_18","Veragua","Altos de Campana",0.722508565325574,"Veragua vs Altos de Campana"
"220604_03","220707_18","Veragua","Altos de Campana",0.769949144038307,"Veragua vs Altos de Campana"
"220604_04","220707_18","Veragua","Altos de Campana",0.631998545663809,"Veragua vs Altos de Campana"
"220604_05","220707_18","Veragua","Altos de Campana",0.630445769147302,"Veragua vs Altos de Campana"
"220604_06","220707_18","Veragua","Altos de Campana",0.583382564067034,"Veragua vs Altos de Campana"
"220604_07","220707_18","Veragua","Altos de Campana",0.400709089715784,"Veragua vs Altos de Campana"
"220606_02","220707_18","Veragua","Altos de Campana",0.471960782063783,"Veragua vs Altos de Campana"
"220606_04","220707_18","Veragua","Altos de Campana",0.780390900627016,"Veragua vs Altos de Campana"
"220607_01","220707_18","Veragua","Altos de Campana",0.386433699521031,"Veragua vs Altos de Campana"
"220607_02","220707_18","Veragua","Altos de Campana",0.632985628678576,"Veragua vs Altos de Campana"
"220607_03","220707_18","Veragua","Altos de Campana",0.357421958146517,"Veragua vs Altos de Campana"
"220607_04","220707_18","Veragua","Altos de Campana",0.529887053459436,"Veragua vs Altos de Campana"
"220609_01","220707_18","Veragua","Altos de Campana",0.843949324764986,"Veragua vs Altos de Campana"
"220609_02","220707_18","Veragua","Altos de Campana",0.538643858221626,"Veragua vs Altos de Campana"
"220609_03","220707_18","Veragua","Altos de Campana",0.594922651190695,"Veragua vs Altos de Campana"
"220609_04","220707_18","Veragua","Altos de Campana",0.503837633926039,"Veragua vs Altos de Campana"
"220609_07","220707_18","Veragua","Altos de Campana",0.577460062087318,"Veragua vs Altos de Campana"
"220707_11","220707_18","Altos de Campana","Altos de Campana",0.401983649139024,"Altos de Campana vs Altos de Campana"
"220707_12","220707_18","Altos de Campana","Altos de Campana",0.31021070177133,"Altos de Campana vs Altos de Campana"
"220707_13","220707_18","Altos de Campana","Altos de Campana",0.386783363762268,"Altos de Campana vs Altos de Campana"
"220707_14","220707_18","Altos de Campana","Altos de Campana",0.351140684965052,"Altos de Campana vs Altos de Campana"
"220707_15","220707_18","Altos de Campana","Altos de Campana",0.527711069977145,"Altos de Campana vs Altos de Campana"
"220707_16","220707_18","Altos de Campana","Altos de Campana",0.268362219539688,"Altos de Campana vs Altos de Campana"
"220707_17","220707_18","Altos de Campana","Altos de Campana",0.43534751361477,"Altos de Campana vs Altos de Campana"
"220604_01","220707_19","Veragua","Altos de Campana",0.672733548811512,"Veragua vs Altos de Campana"
"220604_02","220707_19","Veragua","Altos de Campana",0.735936285279354,"Veragua vs Altos de Campana"
"220604_03","220707_19","Veragua","Altos de Campana",0.767423578520228,"Veragua vs Altos de Campana"
"220604_04","220707_19","Veragua","Altos de Campana",0.704327683289216,"Veragua vs Altos de Campana"
"220604_05","220707_19","Veragua","Altos de Campana",0.683833344291676,"Veragua vs Altos de Campana"
"220604_06","220707_19","Veragua","Altos de Campana",0.641456218154424,"Veragua vs Altos de Campana"
"220604_07","220707_19","Veragua","Altos de Campana",0.540270604279816,"Veragua vs Altos de Campana"
"220606_02","220707_19","Veragua","Altos de Campana",0.557795127361561,"Veragua vs Altos de Campana"
"220606_04","220707_19","Veragua","Altos de Campana",0.794557580443014,"Veragua vs Altos de Campana"
"220607_01","220707_19","Veragua","Altos de Campana",0.490815899380801,"Veragua vs Altos de Campana"
"220607_02","220707_19","Veragua","Altos de Campana",0.6558561308824,"Veragua vs Altos de Campana"
"220607_03","220707_19","Veragua","Altos de Campana",0.50872498647499,"Veragua vs Altos de Campana"
"220607_04","220707_19","Veragua","Altos de Campana",0.630217118130746,"Veragua vs Altos de Campana"
"220609_01","220707_19","Veragua","Altos de Campana",0.83637699130566,"Veragua vs Altos de Campana"
"220609_02","220707_19","Veragua","Altos de Campana",0.524739886841753,"Veragua vs Altos de Campana"
"220609_03","220707_19","Veragua","Altos de Campana",0.665901435641855,"Veragua vs Altos de Campana"
"220609_04","220707_19","Veragua","Altos de Campana",0.616651132995019,"Veragua vs Altos de Campana"
"220609_07","220707_19","Veragua","Altos de Campana",0.557960346966156,"Veragua vs Altos de Campana"
"220707_11","220707_19","Altos de Campana","Altos de Campana",0.485458447813514,"Altos de Campana vs Altos de Campana"
"220707_12","220707_19","Altos de Campana","Altos de Campana",0.518038239608302,"Altos de Campana vs Altos de Campana"
"220707_13","220707_19","Altos de Campana","Altos de Campana",0.496379235972514,"Altos de Campana vs Altos de Campana"
"220707_14","220707_19","Altos de Campana","Altos de Campana",0.435182615973341,"Altos de Campana vs Altos de Campana"
"220707_15","220707_19","Altos de Campana","Altos de Campana",0.409119645529538,"Altos de Campana vs Altos de Campana"
"220707_16","220707_19","Altos de Campana","Altos de Campana",0.480522586234282,"Altos de Campana vs Altos de Campana"
"220707_17","220707_19","Altos de Campana","Altos de Campana",0.569335580692715,"Altos de Campana vs Altos de Campana"
"220707_18","220707_19","Altos de Campana","Altos de Campana",0.484730563693418,"Altos de Campana vs Altos de Campana"
"220604_01","220707_20","Veragua","Altos de Campana",0.679775327263847,"Veragua vs Altos de Campana"
"220604_02","220707_20","Veragua","Altos de Campana",0.766787881469086,"Veragua vs Altos de Campana"
"220604_03","220707_20","Veragua","Altos de Campana",0.752056343783773,"Veragua vs Altos de Campana"
"220604_04","220707_20","Veragua","Altos de Campana",0.67497485069643,"Veragua vs Altos de Campana"
"220604_05","220707_20","Veragua","Altos de Campana",0.686843150677184,"Veragua vs Altos de Campana"
"220604_06","220707_20","Veragua","Altos de Campana",0.657969401000077,"Veragua vs Altos de Campana"
"220604_07","220707_20","Veragua","Altos de Campana",0.47925742067824,"Veragua vs Altos de Campana"
"220606_02","220707_20","Veragua","Altos de Campana",0.480217976424247,"Veragua vs Altos de Campana"
"220606_04","220707_20","Veragua","Altos de Campana",0.808608966167443,"Veragua vs Altos de Campana"
"220607_01","220707_20","Veragua","Altos de Campana",0.483496174312259,"Veragua vs Altos de Campana"
"220607_02","220707_20","Veragua","Altos de Campana",0.655588687184789,"Veragua vs Altos de Campana"
"220607_03","220707_20","Veragua","Altos de Campana",0.384796428832939,"Veragua vs Altos de Campana"
"220607_04","220707_20","Veragua","Altos de Campana",0.580045718489057,"Veragua vs Altos de Campana"
"220609_01","220707_20","Veragua","Altos de Campana",0.857530646609348,"Veragua vs Altos de Campana"
"220609_02","220707_20","Veragua","Altos de Campana",0.475624549720273,"Veragua vs Altos de Campana"
"220609_03","220707_20","Veragua","Altos de Campana",0.661865792528845,"Veragua vs Altos de Campana"
"220609_04","220707_20","Veragua","Altos de Campana",0.506876409643035,"Veragua vs Altos de Campana"
"220609_07","220707_20","Veragua","Altos de Campana",0.572546256622,"Veragua vs Altos de Campana"
"220707_11","220707_20","Altos de Campana","Altos de Campana",0.41546183866656,"Altos de Campana vs Altos de Campana"
"220707_12","220707_20","Altos de Campana","Altos de Campana",0.410519261398277,"Altos de Campana vs Altos de Campana"
"220707_13","220707_20","Altos de Campana","Altos de Campana",0.324472007128844,"Altos de Campana vs Altos de Campana"
"220707_14","220707_20","Altos de Campana","Altos de Campana",0.294632581164232,"Altos de Campana vs Altos de Campana"
"220707_15","220707_20","Altos de Campana","Altos de Campana",0.531841673025735,"Altos de Campana vs Altos de Campana"
"220707_16","220707_20","Altos de Campana","Altos de Campana",0.341244960051603,"Altos de Campana vs Altos de Campana"
"220707_17","220707_20","Altos de Campana","Altos de Campana",0.425369505505729,"Altos de Campana vs Altos de Campana"
"220707_18","220707_20","Altos de Campana","Altos de Campana",0.383349641292201,"Altos de Campana vs Altos de Campana"
"220707_19","220707_20","Altos de Campana","Altos de Campana",0.406339956534663,"Altos de Campana vs Altos de Campana"
"220604_01","220708_01","Veragua","Soberanía",0.506291617774829,"Veragua vs Soberanía"
"220604_02","220708_01","Veragua","Soberanía",0.583787847420823,"Veragua vs Soberanía"
"220604_03","220708_01","Veragua","Soberanía",0.724538271147648,"Veragua vs Soberanía"
"220604_04","220708_01","Veragua","Soberanía",0.566444488018025,"Veragua vs Soberanía"
"220604_05","220708_01","Veragua","Soberanía",0.523020904231527,"Veragua vs Soberanía"
"220604_06","220708_01","Veragua","Soberanía",0.476148816684152,"Veragua vs Soberanía"
"220604_07","220708_01","Veragua","Soberanía",0.322749234547667,"Veragua vs Soberanía"
"220606_02","220708_01","Veragua","Soberanía",0.420822021828724,"Veragua vs Soberanía"
"220606_04","220708_01","Veragua","Soberanía",0.695101801062645,"Veragua vs Soberanía"
"220607_01","220708_01","Veragua","Soberanía",0.50140130526872,"Veragua vs Soberanía"
"220607_02","220708_01","Veragua","Soberanía",0.621671737542464,"Veragua vs Soberanía"
"220607_03","220708_01","Veragua","Soberanía",0.337307125895836,"Veragua vs Soberanía"
"220607_04","220708_01","Veragua","Soberanía",0.444997649540138,"Veragua vs Soberanía"
"220609_01","220708_01","Veragua","Soberanía",0.754884509136774,"Veragua vs Soberanía"
"220609_02","220708_01","Veragua","Soberanía",0.465517781021253,"Veragua vs Soberanía"
"220609_03","220708_01","Veragua","Soberanía",0.47045493196072,"Veragua vs Soberanía"
"220609_04","220708_01","Veragua","Soberanía",0.40555542322566,"Veragua vs Soberanía"
"220609_07","220708_01","Veragua","Soberanía",0.533096114474276,"Veragua vs Soberanía"
"220707_11","220708_01","Altos de Campana","Soberanía",0.369072972999762,"Altos de Campana vs Soberanía"
"220707_12","220708_01","Altos de Campana","Soberanía",0.391717638794182,"Altos de Campana vs Soberanía"
"220707_13","220708_01","Altos de Campana","Soberanía",0.431096255106772,"Altos de Campana vs Soberanía"
"220707_14","220708_01","Altos de Campana","Soberanía",0.359032898365771,"Altos de Campana vs Soberanía"
"220707_15","220708_01","Altos de Campana","Soberanía",0.546392887319356,"Altos de Campana vs Soberanía"
"220707_16","220708_01","Altos de Campana","Soberanía",0.442159145225798,"Altos de Campana vs Soberanía"
"220707_17","220708_01","Altos de Campana","Soberanía",0.523297018108076,"Altos de Campana vs Soberanía"
"220707_18","220708_01","Altos de Campana","Soberanía",0.415197866264464,"Altos de Campana vs Soberanía"
"220707_19","220708_01","Altos de Campana","Soberanía",0.537344647765836,"Altos de Campana vs Soberanía"
"220707_20","220708_01","Altos de Campana","Soberanía",0.457121492016532,"Altos de Campana vs Soberanía"
"220604_01","220708_02","Veragua","Soberanía",0.524931766532849,"Veragua vs Soberanía"
"220604_02","220708_02","Veragua","Soberanía",0.582027421448928,"Veragua vs Soberanía"
"220604_03","220708_02","Veragua","Soberanía",0.807218084486826,"Veragua vs Soberanía"
"220604_04","220708_02","Veragua","Soberanía",0.690950902652749,"Veragua vs Soberanía"
"220604_05","220708_02","Veragua","Soberanía",0.627002722963368,"Veragua vs Soberanía"
"220604_06","220708_02","Veragua","Soberanía",0.56318403962649,"Veragua vs Soberanía"
"220604_07","220708_02","Veragua","Soberanía",0.467561226274187,"Veragua vs Soberanía"
"220606_02","220708_02","Veragua","Soberanía",0.55322980312519,"Veragua vs Soberanía"
"220606_04","220708_02","Veragua","Soberanía",0.779968473485074,"Veragua vs Soberanía"
"220607_01","220708_02","Veragua","Soberanía",0.584829011386653,"Veragua vs Soberanía"
"220607_02","220708_02","Veragua","Soberanía",0.718390265310988,"Veragua vs Soberanía"
"220607_03","220708_02","Veragua","Soberanía",0.486238130417179,"Veragua vs Soberanía"
"220607_04","220708_02","Veragua","Soberanía",0.525219040844223,"Veragua vs Soberanía"
"220609_01","220708_02","Veragua","Soberanía",0.807501133235752,"Veragua vs Soberanía"
"220609_02","220708_02","Veragua","Soberanía",0.533724734625386,"Veragua vs Soberanía"
"220609_03","220708_02","Veragua","Soberanía",0.525179209451144,"Veragua vs Soberanía"
"220609_04","220708_02","Veragua","Soberanía",0.637470822375957,"Veragua vs Soberanía"
"220609_07","220708_02","Veragua","Soberanía",0.660124339977608,"Veragua vs Soberanía"
"220707_11","220708_02","Altos de Campana","Soberanía",0.525216516792805,"Altos de Campana vs Soberanía"
"220707_12","220708_02","Altos de Campana","Soberanía",0.541489565234367,"Altos de Campana vs Soberanía"
"220707_13","220708_02","Altos de Campana","Soberanía",0.39102030879037,"Altos de Campana vs Soberanía"
"220707_14","220708_02","Altos de Campana","Soberanía",0.478469831186305,"Altos de Campana vs Soberanía"
"220707_15","220708_02","Altos de Campana","Soberanía",0.576473521838618,"Altos de Campana vs Soberanía"
"220707_16","220708_02","Altos de Campana","Soberanía",0.61231487572704,"Altos de Campana vs Soberanía"
"220707_17","220708_02","Altos de Campana","Soberanía",0.586511646964954,"Altos de Campana vs Soberanía"
"220707_18","220708_02","Altos de Campana","Soberanía",0.543213094118894,"Altos de Campana vs Soberanía"
"220707_19","220708_02","Altos de Campana","Soberanía",0.601959281537231,"Altos de Campana vs Soberanía"
"220707_20","220708_02","Altos de Campana","Soberanía",0.572458994177218,"Altos de Campana vs Soberanía"
"220708_01","220708_02","Soberanía","Soberanía",0.515275017535202,"Soberanía vs Soberanía"
"220604_01","220708_03","Veragua","Soberanía",0.524919914802596,"Veragua vs Soberanía"
"220604_02","220708_03","Veragua","Soberanía",0.612379116658742,"Veragua vs Soberanía"
"220604_03","220708_03","Veragua","Soberanía",0.77883809316207,"Veragua vs Soberanía"
"220604_04","220708_03","Veragua","Soberanía",0.663714435304823,"Veragua vs Soberanía"
"220604_05","220708_03","Veragua","Soberanía",0.61422972526129,"Veragua vs Soberanía"
"220604_06","220708_03","Veragua","Soberanía",0.560669143331769,"Veragua vs Soberanía"
"220604_07","220708_03","Veragua","Soberanía",0.449470861061411,"Veragua vs Soberanía"
"220606_02","220708_03","Veragua","Soberanía",0.554316567871303,"Veragua vs Soberanía"
"220606_04","220708_03","Veragua","Soberanía",0.801106815435782,"Veragua vs Soberanía"
"220607_01","220708_03","Veragua","Soberanía",0.525732156079538,"Veragua vs Soberanía"
"220607_02","220708_03","Veragua","Soberanía",0.715595888457089,"Veragua vs Soberanía"
"220607_03","220708_03","Veragua","Soberanía",0.451649623725564,"Veragua vs Soberanía"
"220607_04","220708_03","Veragua","Soberanía",0.495944661152823,"Veragua vs Soberanía"
"220609_01","220708_03","Veragua","Soberanía",0.833960570353955,"Veragua vs Soberanía"
"220609_02","220708_03","Veragua","Soberanía",0.54802060478892,"Veragua vs Soberanía"
"220609_03","220708_03","Veragua","Soberanía",0.502157707431554,"Veragua vs Soberanía"
"220609_04","220708_03","Veragua","Soberanía",0.604467457050046,"Veragua vs Soberanía"
"220609_07","220708_03","Veragua","Soberanía",0.660559137416029,"Veragua vs Soberanía"
"220707_11","220708_03","Altos de Campana","Soberanía",0.500533395923265,"Altos de Campana vs Soberanía"
"220707_12","220708_03","Altos de Campana","Soberanía",0.469941049784941,"Altos de Campana vs Soberanía"
"220707_13","220708_03","Altos de Campana","Soberanía",0.394220354882525,"Altos de Campana vs Soberanía"
"220707_14","220708_03","Altos de Campana","Soberanía",0.449868192269325,"Altos de Campana vs Soberanía"
"220707_15","220708_03","Altos de Campana","Soberanía",0.552407877512276,"Altos de Campana vs Soberanía"
"220707_16","220708_03","Altos de Campana","Soberanía",0.547763344666739,"Altos de Campana vs Soberanía"
"220707_17","220708_03","Altos de Campana","Soberanía",0.534395251897888,"Altos de Campana vs Soberanía"
"220707_18","220708_03","Altos de Campana","Soberanía",0.476201067968032,"Altos de Campana vs Soberanía"
"220707_19","220708_03","Altos de Campana","Soberanía",0.583647737991514,"Altos de Campana vs Soberanía"
"220707_20","220708_03","Altos de Campana","Soberanía",0.516275189446688,"Altos de Campana vs Soberanía"
"220708_01","220708_03","Soberanía","Soberanía",0.4714415061211,"Soberanía vs Soberanía"
"220708_02","220708_03","Soberanía","Soberanía",0.23637573236933,"Soberanía vs Soberanía"
"220604_01","220708_04","Veragua","Soberanía",0.559553735398428,"Veragua vs Soberanía"
"220604_02","220708_04","Veragua","Soberanía",0.633100903118441,"Veragua vs Soberanía"
"220604_03","220708_04","Veragua","Soberanía",0.792081872746496,"Veragua vs Soberanía"
"220604_04","220708_04","Veragua","Soberanía",0.645964942787902,"Veragua vs Soberanía"
"220604_05","220708_04","Veragua","Soberanía",0.592125217490659,"Veragua vs Soberanía"
"220604_06","220708_04","Veragua","Soberanía",0.571902304165223,"Veragua vs Soberanía"
"220604_07","220708_04","Veragua","Soberanía",0.493093035449108,"Veragua vs Soberanía"
"220606_02","220708_04","Veragua","Soberanía",0.502470521906736,"Veragua vs Soberanía"
"220606_04","220708_04","Veragua","Soberanía",0.730701937620463,"Veragua vs Soberanía"
"220607_01","220708_04","Veragua","Soberanía",0.615777933154519,"Veragua vs Soberanía"
"220607_02","220708_04","Veragua","Soberanía",0.648638748296593,"Veragua vs Soberanía"
"220607_03","220708_04","Veragua","Soberanía",0.53834582303564,"Veragua vs Soberanía"
"220607_04","220708_04","Veragua","Soberanía",0.578751012737326,"Veragua vs Soberanía"
"220609_01","220708_04","Veragua","Soberanía",0.751388482554205,"Veragua vs Soberanía"
"220609_02","220708_04","Veragua","Soberanía",0.506323796321627,"Veragua vs Soberanía"
"220609_03","220708_04","Veragua","Soberanía",0.588310407592817,"Veragua vs Soberanía"
"220609_04","220708_04","Veragua","Soberanía",0.588451536041026,"Veragua vs Soberanía"
"220609_07","220708_04","Veragua","Soberanía",0.638193921768211,"Veragua vs Soberanía"
"220707_11","220708_04","Altos de Campana","Soberanía",0.52935417935259,"Altos de Campana vs Soberanía"
"220707_12","220708_04","Altos de Campana","Soberanía",0.604324434199668,"Altos de Campana vs Soberanía"
"220707_13","220708_04","Altos de Campana","Soberanía",0.46895125774175,"Altos de Campana vs Soberanía"
"220707_14","220708_04","Altos de Campana","Soberanía",0.485950027854685,"Altos de Campana vs Soberanía"
"220707_15","220708_04","Altos de Campana","Soberanía",0.636141489657113,"Altos de Campana vs Soberanía"
"220707_16","220708_04","Altos de Campana","Soberanía",0.619217292541691,"Altos de Campana vs Soberanía"
"220707_17","220708_04","Altos de Campana","Soberanía",0.577645668285274,"Altos de Campana vs Soberanía"
"220707_18","220708_04","Altos de Campana","Soberanía",0.547625007396539,"Altos de Campana vs Soberanía"
"220707_19","220708_04","Altos de Campana","Soberanía",0.601505868967013,"Altos de Campana vs Soberanía"
"220707_20","220708_04","Altos de Campana","Soberanía",0.558980577686212,"Altos de Campana vs Soberanía"
"220708_01","220708_04","Soberanía","Soberanía",0.508773635574399,"Soberanía vs Soberanía"
"220708_02","220708_04","Soberanía","Soberanía",0.273552854397869,"Soberanía vs Soberanía"
"220708_03","220708_04","Soberanía","Soberanía",0.384346657511507,"Soberanía vs Soberanía"
"220604_01","220708_05","Veragua","Soberanía",0.656228899176416,"Veragua vs Soberanía"
"220604_02","220708_05","Veragua","Soberanía",0.713152809484795,"Veragua vs Soberanía"
"220604_03","220708_05","Veragua","Soberanía",0.824439318425408,"Veragua vs Soberanía"
"220604_04","220708_05","Veragua","Soberanía",0.7634077570565,"Veragua vs Soberanía"
"220604_05","220708_05","Veragua","Soberanía",0.694272652057002,"Veragua vs Soberanía"
"220604_06","220708_05","Veragua","Soberanía",0.683849584530623,"Veragua vs Soberanía"
"220604_07","220708_05","Veragua","Soberanía",0.620399043948433,"Veragua vs Soberanía"
"220606_02","220708_05","Veragua","Soberanía",0.656466587296125,"Veragua vs Soberanía"
"220606_04","220708_05","Veragua","Soberanía",0.812793815128351,"Veragua vs Soberanía"
"220607_01","220708_05","Veragua","Soberanía",0.646279093918072,"Veragua vs Soberanía"
"220607_02","220708_05","Veragua","Soberanía",0.752614667182699,"Veragua vs Soberanía"
"220607_03","220708_05","Veragua","Soberanía",0.608618461795922,"Veragua vs Soberanía"
"220607_04","220708_05","Veragua","Soberanía",0.694398633109733,"Veragua vs Soberanía"
"220609_01","220708_05","Veragua","Soberanía",0.852509715853055,"Veragua vs Soberanía"
"220609_02","220708_05","Veragua","Soberanía",0.598764419644218,"Veragua vs Soberanía"
"220609_03","220708_05","Veragua","Soberanía",0.677931197450307,"Veragua vs Soberanía"
"220609_04","220708_05","Veragua","Soberanía",0.709349285979128,"Veragua vs Soberanía"
"220609_07","220708_05","Veragua","Soberanía",0.704998824065033,"Veragua vs Soberanía"
"220707_11","220708_05","Altos de Campana","Soberanía",0.604626742869045,"Altos de Campana vs Soberanía"
"220707_12","220708_05","Altos de Campana","Soberanía",0.636266531991296,"Altos de Campana vs Soberanía"
"220707_13","220708_05","Altos de Campana","Soberanía",0.43485142347503,"Altos de Campana vs Soberanía"
"220707_14","220708_05","Altos de Campana","Soberanía",0.566679993485136,"Altos de Campana vs Soberanía"
"220707_15","220708_05","Altos de Campana","Soberanía",0.608722503961517,"Altos de Campana vs Soberanía"
"220707_16","220708_05","Altos de Campana","Soberanía",0.69008278820609,"Altos de Campana vs Soberanía"
"220707_17","220708_05","Altos de Campana","Soberanía",0.626065745489373,"Altos de Campana vs Soberanía"
"220707_18","220708_05","Altos de Campana","Soberanía",0.612629636507359,"Altos de Campana vs Soberanía"
"220707_19","220708_05","Altos de Campana","Soberanía",0.581390330189241,"Altos de Campana vs Soberanía"
"220707_20","220708_05","Altos de Campana","Soberanía",0.61401418844801,"Altos de Campana vs Soberanía"
"220708_01","220708_05","Soberanía","Soberanía",0.587424945655412,"Soberanía vs Soberanía"
"220708_02","220708_05","Soberanía","Soberanía",0.38874170019617,"Soberanía vs Soberanía"
"220708_03","220708_05","Soberanía","Soberanía",0.450005314052762,"Soberanía vs Soberanía"
"220708_04","220708_05","Soberanía","Soberanía",0.474065687816878,"Soberanía vs Soberanía"
"220604_01","220708_06","Veragua","Soberanía",0.523974930761192,"Veragua vs Soberanía"
"220604_02","220708_06","Veragua","Soberanía",0.559938748222882,"Veragua vs Soberanía"
"220604_03","220708_06","Veragua","Soberanía",0.793871165535554,"Veragua vs Soberanía"
"220604_04","220708_06","Veragua","Soberanía",0.683591162460568,"Veragua vs Soberanía"
"220604_05","220708_06","Veragua","Soberanía",0.606129011746612,"Veragua vs Soberanía"
"220604_06","220708_06","Veragua","Soberanía",0.561063159009726,"Veragua vs Soberanía"
"220604_07","220708_06","Veragua","Soberanía",0.49063923965971,"Veragua vs Soberanía"
"220606_02","220708_06","Veragua","Soberanía",0.541071021618649,"Veragua vs Soberanía"
"220606_04","220708_06","Veragua","Soberanía",0.746023661536757,"Veragua vs Soberanía"
"220607_01","220708_06","Veragua","Soberanía",0.624663729911609,"Veragua vs Soberanía"
"220607_02","220708_06","Veragua","Soberanía",0.696780120894012,"Veragua vs Soberanía"
"220607_03","220708_06","Veragua","Soberanía",0.501666883524401,"Veragua vs Soberanía"
"220607_04","220708_06","Veragua","Soberanía",0.495739521198267,"Veragua vs Soberanía"
"220609_01","220708_06","Veragua","Soberanía",0.776370375395379,"Veragua vs Soberanía"
"220609_02","220708_06","Veragua","Soberanía",0.526899252543816,"Veragua vs Soberanía"
"220609_03","220708_06","Veragua","Soberanía",0.506787211621505,"Veragua vs Soberanía"
"220609_04","220708_06","Veragua","Soberanía",0.630328225651338,"Veragua vs Soberanía"
"220609_07","220708_06","Veragua","Soberanía",0.676691156938823,"Veragua vs Soberanía"
"220707_11","220708_06","Altos de Campana","Soberanía",0.524982408083748,"Altos de Campana vs Soberanía"
"220707_12","220708_06","Altos de Campana","Soberanía",0.575616521371636,"Altos de Campana vs Soberanía"
"220707_13","220708_06","Altos de Campana","Soberanía",0.407443840973087,"Altos de Campana vs Soberanía"
"220707_14","220708_06","Altos de Campana","Soberanía",0.503218175800599,"Altos de Campana vs Soberanía"
"220707_15","220708_06","Altos de Campana","Soberanía",0.57557853303814,"Altos de Campana vs Soberanía"
"220707_16","220708_06","Altos de Campana","Soberanía",0.659255745434187,"Altos de Campana vs Soberanía"
"220707_17","220708_06","Altos de Campana","Soberanía",0.603257373880416,"Altos de Campana vs Soberanía"
"220707_18","220708_06","Altos de Campana","Soberanía",0.575253805688334,"Altos de Campana vs Soberanía"
"220707_19","220708_06","Altos de Campana","Soberanía",0.623936478788806,"Altos de Campana vs Soberanía"
"220707_20","220708_06","Altos de Campana","Soberanía",0.576192032004762,"Altos de Campana vs Soberanía"
"220708_01","220708_06","Soberanía","Soberanía",0.504254136521318,"Soberanía vs Soberanía"
"220708_02","220708_06","Soberanía","Soberanía",0.283448865813268,"Soberanía vs Soberanía"
"220708_03","220708_06","Soberanía","Soberanía",0.334184026532607,"Soberanía vs Soberanía"
"220708_04","220708_06","Soberanía","Soberanía",0.384772587226823,"Soberanía vs Soberanía"
"220708_05","220708_06","Soberanía","Soberanía",0.421516376933397,"Soberanía vs Soberanía"
"220604_01","220708_07","Veragua","Soberanía",0.623586355654901,"Veragua vs Soberanía"
"220604_02","220708_07","Veragua","Soberanía",0.718186871705856,"Veragua vs Soberanía"
"220604_03","220708_07","Veragua","Soberanía",0.729401466758123,"Veragua vs Soberanía"
"220604_04","220708_07","Veragua","Soberanía",0.654233714852392,"Veragua vs Soberanía"
"220604_05","220708_07","Veragua","Soberanía",0.632625953839458,"Veragua vs Soberanía"
"220604_06","220708_07","Veragua","Soberanía",0.59546587765096,"Veragua vs Soberanía"
"220604_07","220708_07","Veragua","Soberanía",0.45730697432604,"Veragua vs Soberanía"
"220606_02","220708_07","Veragua","Soberanía",0.456203387125689,"Veragua vs Soberanía"
"220606_04","220708_07","Veragua","Soberanía",0.755026510823258,"Veragua vs Soberanía"
"220607_01","220708_07","Veragua","Soberanía",0.530985474954617,"Veragua vs Soberanía"
"220607_02","220708_07","Veragua","Soberanía",0.6490981533713,"Veragua vs Soberanía"
"220607_03","220708_07","Veragua","Soberanía",0.430016018319648,"Veragua vs Soberanía"
"220607_04","220708_07","Veragua","Soberanía",0.554476065935551,"Veragua vs Soberanía"
"220609_01","220708_07","Veragua","Soberanía",0.821201206293604,"Veragua vs Soberanía"
"220609_02","220708_07","Veragua","Soberanía",0.417441634145551,"Veragua vs Soberanía"
"220609_03","220708_07","Veragua","Soberanía",0.605361803505779,"Veragua vs Soberanía"
"220609_04","220708_07","Veragua","Soberanía",0.52136971285619,"Veragua vs Soberanía"
"220609_07","220708_07","Veragua","Soberanía",0.513954076661217,"Veragua vs Soberanía"
"220707_11","220708_07","Altos de Campana","Soberanía",0.415631375479268,"Altos de Campana vs Soberanía"
"220707_12","220708_07","Altos de Campana","Soberanía",0.479902402282026,"Altos de Campana vs Soberanía"
"220707_13","220708_07","Altos de Campana","Soberanía",0.329542722622714,"Altos de Campana vs Soberanía"
"220707_14","220708_07","Altos de Campana","Soberanía",0.337588992171795,"Altos de Campana vs Soberanía"
"220707_15","220708_07","Altos de Campana","Soberanía",0.570095850691408,"Altos de Campana vs Soberanía"
"220707_16","220708_07","Altos de Campana","Soberanía",0.458191758662997,"Altos de Campana vs Soberanía"
"220707_17","220708_07","Altos de Campana","Soberanía",0.475892022931187,"Altos de Campana vs Soberanía"
"220707_18","220708_07","Altos de Campana","Soberanía",0.433523191285429,"Altos de Campana vs Soberanía"
"220707_19","220708_07","Altos de Campana","Soberanía",0.490362780189037,"Altos de Campana vs Soberanía"
"220707_20","220708_07","Altos de Campana","Soberanía",0.371109499247187,"Altos de Campana vs Soberanía"
"220708_01","220708_07","Soberanía","Soberanía",0.415790009004574,"Soberanía vs Soberanía"
"220708_02","220708_07","Soberanía","Soberanía",0.423658509239458,"Soberanía vs Soberanía"
"220708_03","220708_07","Soberanía","Soberanía",0.376240691517415,"Soberanía vs Soberanía"
"220708_04","220708_07","Soberanía","Soberanía",0.430979345342801,"Soberanía vs Soberanía"
"220708_05","220708_07","Soberanía","Soberanía",0.518962955330188,"Soberanía vs Soberanía"
"220708_06","220708_07","Soberanía","Soberanía",0.487259585228616,"Soberanía vs Soberanía"
"220604_01","220708_08","Veragua","Soberanía",0.669617275413686,"Veragua vs Soberanía"
"220604_02","220708_08","Veragua","Soberanía",0.746070287101752,"Veragua vs Soberanía"
"220604_03","220708_08","Veragua","Soberanía",0.744162021838965,"Veragua vs Soberanía"
"220604_04","220708_08","Veragua","Soberanía",0.658842876964257,"Veragua vs Soberanía"
"220604_05","220708_08","Veragua","Soberanía",0.664033089097109,"Veragua vs Soberanía"
"220604_06","220708_08","Veragua","Soberanía",0.64620491823802,"Veragua vs Soberanía"
"220604_07","220708_08","Veragua","Soberanía",0.488213552472426,"Veragua vs Soberanía"
"220606_02","220708_08","Veragua","Soberanía",0.4745038249226,"Veragua vs Soberanía"
"220606_04","220708_08","Veragua","Soberanía",0.785383087220768,"Veragua vs Soberanía"
"220607_01","220708_08","Veragua","Soberanía",0.572004990117774,"Veragua vs Soberanía"
"220607_02","220708_08","Veragua","Soberanía",0.708302317909143,"Veragua vs Soberanía"
"220607_03","220708_08","Veragua","Soberanía",0.458735772474093,"Veragua vs Soberanía"
"220607_04","220708_08","Veragua","Soberanía",0.58703515133691,"Veragua vs Soberanía"
"220609_01","220708_08","Veragua","Soberanía",0.837867806647333,"Veragua vs Soberanía"
"220609_02","220708_08","Veragua","Soberanía",0.462473278905933,"Veragua vs Soberanía"
"220609_03","220708_08","Veragua","Soberanía",0.622078240151639,"Veragua vs Soberanía"
"220609_04","220708_08","Veragua","Soberanía",0.494693112140901,"Veragua vs Soberanía"
"220609_07","220708_08","Veragua","Soberanía",0.579564897459029,"Veragua vs Soberanía"
"220707_11","220708_08","Altos de Campana","Soberanía",0.451029340415869,"Altos de Campana vs Soberanía"
"220707_12","220708_08","Altos de Campana","Soberanía",0.486197981034579,"Altos de Campana vs Soberanía"
"220707_13","220708_08","Altos de Campana","Soberanía",0.26961828338574,"Altos de Campana vs Soberanía"
"220707_14","220708_08","Altos de Campana","Soberanía",0.406998487157547,"Altos de Campana vs Soberanía"
"220707_15","220708_08","Altos de Campana","Soberanía",0.605003070708029,"Altos de Campana vs Soberanía"
"220707_16","220708_08","Altos de Campana","Soberanía",0.455294528852637,"Altos de Campana vs Soberanía"
"220707_17","220708_08","Altos de Campana","Soberanía",0.46451461359123,"Altos de Campana vs Soberanía"
"220707_18","220708_08","Altos de Campana","Soberanía",0.451755683059371,"Altos de Campana vs Soberanía"
"220707_19","220708_08","Altos de Campana","Soberanía",0.552845578388018,"Altos de Campana vs Soberanía"
"220707_20","220708_08","Altos de Campana","Soberanía",0.371951413437625,"Altos de Campana vs Soberanía"
"220708_01","220708_08","Soberanía","Soberanía",0.394696736135493,"Soberanía vs Soberanía"
"220708_02","220708_08","Soberanía","Soberanía",0.431690055356368,"Soberanía vs Soberanía"
"220708_03","220708_08","Soberanía","Soberanía",0.423446432241915,"Soberanía vs Soberanía"
"220708_04","220708_08","Soberanía","Soberanía",0.487526196189909,"Soberanía vs Soberanía"
"220708_05","220708_08","Soberanía","Soberanía",0.449992595021449,"Soberanía vs Soberanía"
"220708_06","220708_08","Soberanía","Soberanía",0.467096435772011,"Soberanía vs Soberanía"
"220708_07","220708_08","Soberanía","Soberanía",0.31702291600561,"Soberanía vs Soberanía"
"220604_01","220708_09","Veragua","Soberanía",0.618039992330588,"Veragua vs Soberanía"
"220604_02","220708_09","Veragua","Soberanía",0.69074058854611,"Veragua vs Soberanía"
"220604_03","220708_09","Veragua","Soberanía",0.749867798969058,"Veragua vs Soberanía"
"220604_04","220708_09","Veragua","Soberanía",0.704349850570708,"Veragua vs Soberanía"
"220604_05","220708_09","Veragua","Soberanía",0.649147274869943,"Veragua vs Soberanía"
"220604_06","220708_09","Veragua","Soberanía",0.599878569270556,"Veragua vs Soberanía"
"220604_07","220708_09","Veragua","Soberanía",0.478572487820538,"Veragua vs Soberanía"
"220606_02","220708_09","Veragua","Soberanía",0.534513527318026,"Veragua vs Soberanía"
"220606_04","220708_09","Veragua","Soberanía",0.822013741816472,"Veragua vs Soberanía"
"220607_01","220708_09","Veragua","Soberanía",0.59187876064874,"Veragua vs Soberanía"
"220607_02","220708_09","Veragua","Soberanía",0.725040521289338,"Veragua vs Soberanía"
"220607_03","220708_09","Veragua","Soberanía",0.440343534564749,"Veragua vs Soberanía"
"220607_04","220708_09","Veragua","Soberanía",0.574230186068535,"Veragua vs Soberanía"
"220609_01","220708_09","Veragua","Soberanía",0.865320433925251,"Veragua vs Soberanía"
"220609_02","220708_09","Veragua","Soberanía",0.471872204553319,"Veragua vs Soberanía"
"220609_03","220708_09","Veragua","Soberanía",0.592920474688378,"Veragua vs Soberanía"
"220609_04","220708_09","Veragua","Soberanía",0.562421016843147,"Veragua vs Soberanía"
"220609_07","220708_09","Veragua","Soberanía",0.603138780404408,"Veragua vs Soberanía"
"220707_11","220708_09","Altos de Campana","Soberanía",0.440502930626136,"Altos de Campana vs Soberanía"
"220707_12","220708_09","Altos de Campana","Soberanía",0.459515651244736,"Altos de Campana vs Soberanía"
"220707_13","220708_09","Altos de Campana","Soberanía",0.275526363746298,"Altos de Campana vs Soberanía"
"220707_14","220708_09","Altos de Campana","Soberanía",0.395833597845195,"Altos de Campana vs Soberanía"
"220707_15","220708_09","Altos de Campana","Soberanía",0.528946054869199,"Altos de Campana vs Soberanía"
"220707_16","220708_09","Altos de Campana","Soberanía",0.538970781368738,"Altos de Campana vs Soberanía"
"220707_17","220708_09","Altos de Campana","Soberanía",0.511711680922693,"Altos de Campana vs Soberanía"
"220707_18","220708_09","Altos de Campana","Soberanía",0.459005682683592,"Altos de Campana vs Soberanía"
"220707_19","220708_09","Altos de Campana","Soberanía",0.501692090803862,"Altos de Campana vs Soberanía"
"220707_20","220708_09","Altos de Campana","Soberanía",0.382299406562948,"Altos de Campana vs Soberanía"
"220708_01","220708_09","Soberanía","Soberanía",0.406929423431637,"Soberanía vs Soberanía"
"220708_02","220708_09","Soberanía","Soberanía",0.373216492695964,"Soberanía vs Soberanía"
"220708_03","220708_09","Soberanía","Soberanía",0.355888391234073,"Soberanía vs Soberanía"
"220708_04","220708_09","Soberanía","Soberanía",0.481307140604515,"Soberanía vs Soberanía"
"220708_05","220708_09","Soberanía","Soberanía",0.437620777727672,"Soberanía vs Soberanía"
"220708_06","220708_09","Soberanía","Soberanía",0.397942619873777,"Soberanía vs Soberanía"
"220708_07","220708_09","Soberanía","Soberanía",0.331104693115321,"Soberanía vs Soberanía"
"220708_08","220708_09","Soberanía","Soberanía",0.282881132845363,"Soberanía vs Soberanía"
"220604_01","220708_10","Veragua","Soberanía",0.863204559134686,"Veragua vs Soberanía"
"220604_02","220708_10","Veragua","Soberanía",0.868374917514648,"Veragua vs Soberanía"
"220604_03","220708_10","Veragua","Soberanía",0.71664623278683,"Veragua vs Soberanía"
"220604_04","220708_10","Veragua","Soberanía",0.823684690823356,"Veragua vs Soberanía"
"220604_05","220708_10","Veragua","Soberanía",0.820104190342603,"Veragua vs Soberanía"
"220604_06","220708_10","Veragua","Soberanía",0.83331836173535,"Veragua vs Soberanía"
"220604_07","220708_10","Veragua","Soberanía",0.826272132398661,"Veragua vs Soberanía"
"220606_02","220708_10","Veragua","Soberanía",0.805237162046454,"Veragua vs Soberanía"
"220606_04","220708_10","Veragua","Soberanía",0.866075996296741,"Veragua vs Soberanía"
"220607_01","220708_10","Veragua","Soberanía",0.865225403779527,"Veragua vs Soberanía"
"220607_02","220708_10","Veragua","Soberanía",0.868073989299019,"Veragua vs Soberanía"
"220607_03","220708_10","Veragua","Soberanía",0.821516036731199,"Veragua vs Soberanía"
"220607_04","220708_10","Veragua","Soberanía",0.83800255594182,"Veragua vs Soberanía"
"220609_01","220708_10","Veragua","Soberanía",0.867480038314438,"Veragua vs Soberanía"
"220609_02","220708_10","Veragua","Soberanía",0.874234206541955,"Veragua vs Soberanía"
"220609_03","220708_10","Veragua","Soberanía",0.812983795186445,"Veragua vs Soberanía"
"220609_04","220708_10","Veragua","Soberanía",0.828021859612311,"Veragua vs Soberanía"
"220609_07","220708_10","Veragua","Soberanía",0.842725849558411,"Veragua vs Soberanía"
"220707_11","220708_10","Altos de Campana","Soberanía",0.83784309723154,"Altos de Campana vs Soberanía"
"220707_12","220708_10","Altos de Campana","Soberanía",0.836546353589401,"Altos de Campana vs Soberanía"
"220707_13","220708_10","Altos de Campana","Soberanía",0.845293916379462,"Altos de Campana vs Soberanía"
"220707_14","220708_10","Altos de Campana","Soberanía",0.84053190322152,"Altos de Campana vs Soberanía"
"220707_15","220708_10","Altos de Campana","Soberanía",0.871685007544254,"Altos de Campana vs Soberanía"
"220707_16","220708_10","Altos de Campana","Soberanía",0.855501039542879,"Altos de Campana vs Soberanía"
"220707_17","220708_10","Altos de Campana","Soberanía",0.857924191421879,"Altos de Campana vs Soberanía"
"220707_18","220708_10","Altos de Campana","Soberanía",0.856976405992568,"Altos de Campana vs Soberanía"
"220707_19","220708_10","Altos de Campana","Soberanía",0.845072517469597,"Altos de Campana vs Soberanía"
"220707_20","220708_10","Altos de Campana","Soberanía",0.842496985715919,"Altos de Campana vs Soberanía"
"220708_01","220708_10","Soberanía","Soberanía",0.807726474358101,"Soberanía vs Soberanía"
"220708_02","220708_10","Soberanía","Soberanía",0.874375329091191,"Soberanía vs Soberanía"
"220708_03","220708_10","Soberanía","Soberanía",0.857485610307777,"Soberanía vs Soberanía"
"220708_04","220708_10","Soberanía","Soberanía",0.86843594664031,"Soberanía vs Soberanía"
"220708_05","220708_10","Soberanía","Soberanía",0.874416280628767,"Soberanía vs Soberanía"
"220708_06","220708_10","Soberanía","Soberanía",0.859494161212369,"Soberanía vs Soberanía"
"220708_07","220708_10","Soberanía","Soberanía",0.818731021243784,"Soberanía vs Soberanía"
"220708_08","220708_10","Soberanía","Soberanía",0.822841491392615,"Soberanía vs Soberanía"
"220708_09","220708_10","Soberanía","Soberanía",0.82191156594992,"Soberanía vs Soberanía"
"220604_01","250607_01","Veragua","Lost Iguana",0.532481069257075,"Lost Iguana vs Veragua"
"220604_02","250607_01","Veragua","Lost Iguana",0.548196581450428,"Lost Iguana vs Veragua"
"220604_03","250607_01","Veragua","Lost Iguana",0.814540352075285,"Lost Iguana vs Veragua"
"220604_04","250607_01","Veragua","Lost Iguana",0.657185391572109,"Lost Iguana vs Veragua"
"220604_05","250607_01","Veragua","Lost Iguana",0.621623664683012,"Lost Iguana vs Veragua"
"220604_06","250607_01","Veragua","Lost Iguana",0.613470928134447,"Lost Iguana vs Veragua"
"220604_07","250607_01","Veragua","Lost Iguana",0.597327610235654,"Lost Iguana vs Veragua"
"220606_02","250607_01","Veragua","Lost Iguana",0.657975822397873,"Lost Iguana vs Veragua"
"220606_04","250607_01","Veragua","Lost Iguana",0.757829095580896,"Lost Iguana vs Veragua"
"220607_01","250607_01","Veragua","Lost Iguana",0.780201093050454,"Lost Iguana vs Veragua"
"220607_02","250607_01","Veragua","Lost Iguana",0.79066574403451,"Lost Iguana vs Veragua"
"220607_03","250607_01","Veragua","Lost Iguana",0.655352857690794,"Lost Iguana vs Veragua"
"220607_04","250607_01","Veragua","Lost Iguana",0.516359845385413,"Lost Iguana vs Veragua"
"220609_01","250607_01","Veragua","Lost Iguana",0.721607550075853,"Lost Iguana vs Veragua"
"220609_02","250607_01","Veragua","Lost Iguana",0.759573170039447,"Lost Iguana vs Veragua"
"220609_03","250607_01","Veragua","Lost Iguana",0.521993947816882,"Lost Iguana vs Veragua"
"220609_04","250607_01","Veragua","Lost Iguana",0.721292850739862,"Lost Iguana vs Veragua"
"220609_07","250607_01","Veragua","Lost Iguana",0.767069430187306,"Lost Iguana vs Veragua"
"220707_11","250607_01","Altos de Campana","Lost Iguana",0.692912147498943,"Lost Iguana vs Altos de Campana"
"220707_12","250607_01","Altos de Campana","Lost Iguana",0.702002751254205,"Lost Iguana vs Altos de Campana"
"220707_13","250607_01","Altos de Campana","Lost Iguana",0.747179544348149,"Lost Iguana vs Altos de Campana"
"220707_14","250607_01","Altos de Campana","Lost Iguana",0.718272438442759,"Lost Iguana vs Altos de Campana"
"220707_15","250607_01","Altos de Campana","Lost Iguana",0.711918955348252,"Lost Iguana vs Altos de Campana"
"220707_16","250607_01","Altos de Campana","Lost Iguana",0.816509522823356,"Lost Iguana vs Altos de Campana"
"220707_17","250607_01","Altos de Campana","Lost Iguana",0.81190017906072,"Lost Iguana vs Altos de Campana"
"220707_18","250607_01","Altos de Campana","Lost Iguana",0.763039326953788,"Lost Iguana vs Altos de Campana"
"220707_19","250607_01","Altos de Campana","Lost Iguana",0.785234250004088,"Lost Iguana vs Altos de Campana"
"220707_20","250607_01","Altos de Campana","Lost Iguana",0.802422673153075,"Lost Iguana vs Altos de Campana"
"220708_01","250607_01","Soberanía","Lost Iguana",0.633231450414329,"Lost Iguana vs Soberanía"
"220708_02","250607_01","Soberanía","Lost Iguana",0.632637283543741,"Lost Iguana vs Soberanía"
"220708_03","250607_01","Soberanía","Lost Iguana",0.631610608715997,"Lost Iguana vs Soberanía"
"220708_04","250607_01","Soberanía","Lost Iguana",0.675619584045813,"Lost Iguana vs Soberanía"
"220708_05","250607_01","Soberanía","Lost Iguana",0.76493505502636,"Lost Iguana vs Soberanía"
"220708_06","250607_01","Soberanía","Lost Iguana",0.520619806063825,"Lost Iguana vs Soberanía"
"220708_07","250607_01","Soberanía","Lost Iguana",0.745632764865318,"Lost Iguana vs Soberanía"
"220708_08","250607_01","Soberanía","Lost Iguana",0.770672972243208,"Lost Iguana vs Soberanía"
"220708_09","250607_01","Soberanía","Lost Iguana",0.716719552028367,"Lost Iguana vs Soberanía"
"220708_10","250607_01","Soberanía","Lost Iguana",0.788104746947076,"Lost Iguana vs Soberanía"
"220604_01","250607_02","Veragua","Lost Iguana",0.592391243181435,"Lost Iguana vs Veragua"
"220604_02","250607_02","Veragua","Lost Iguana",0.616991359303871,"Lost Iguana vs Veragua"
"220604_03","250607_02","Veragua","Lost Iguana",0.829311824292319,"Lost Iguana vs Veragua"
"220604_04","250607_02","Veragua","Lost Iguana",0.710177329001431,"Lost Iguana vs Veragua"
"220604_05","250607_02","Veragua","Lost Iguana",0.673890422043566,"Lost Iguana vs Veragua"
"220604_06","250607_02","Veragua","Lost Iguana",0.630037973451198,"Lost Iguana vs Veragua"
"220604_07","250607_02","Veragua","Lost Iguana",0.636660937376261,"Lost Iguana vs Veragua"
"220606_02","250607_02","Veragua","Lost Iguana",0.708946199413223,"Lost Iguana vs Veragua"
"220606_04","250607_02","Veragua","Lost Iguana",0.799611007015013,"Lost Iguana vs Veragua"
"220607_01","250607_02","Veragua","Lost Iguana",0.781503620623805,"Lost Iguana vs Veragua"
"220607_02","250607_02","Veragua","Lost Iguana",0.81321367694929,"Lost Iguana vs Veragua"
"220607_03","250607_02","Veragua","Lost Iguana",0.646385788973829,"Lost Iguana vs Veragua"
"220607_04","250607_02","Veragua","Lost Iguana",0.572297074939828,"Lost Iguana vs Veragua"
"220609_01","250607_02","Veragua","Lost Iguana",0.797798381149857,"Lost Iguana vs Veragua"
"220609_02","250607_02","Veragua","Lost Iguana",0.748843565600051,"Lost Iguana vs Veragua"
"220609_03","250607_02","Veragua","Lost Iguana",0.566528817342009,"Lost Iguana vs Veragua"
"220609_04","250607_02","Veragua","Lost Iguana",0.757141596294852,"Lost Iguana vs Veragua"
"220609_07","250607_02","Veragua","Lost Iguana",0.788369861346427,"Lost Iguana vs Veragua"
"220707_11","250607_02","Altos de Campana","Lost Iguana",0.694821019410718,"Lost Iguana vs Altos de Campana"
"220707_12","250607_02","Altos de Campana","Lost Iguana",0.693684806461912,"Lost Iguana vs Altos de Campana"
"220707_13","250607_02","Altos de Campana","Lost Iguana",0.740605835319348,"Lost Iguana vs Altos de Campana"
"220707_14","250607_02","Altos de Campana","Lost Iguana",0.717714402490992,"Lost Iguana vs Altos de Campana"
"220707_15","250607_02","Altos de Campana","Lost Iguana",0.691428530592379,"Lost Iguana vs Altos de Campana"
"220707_16","250607_02","Altos de Campana","Lost Iguana",0.80981621654241,"Lost Iguana vs Altos de Campana"
"220707_17","250607_02","Altos de Campana","Lost Iguana",0.802584016634994,"Lost Iguana vs Altos de Campana"
"220707_18","250607_02","Altos de Campana","Lost Iguana",0.749594395571489,"Lost Iguana vs Altos de Campana"
"220707_19","250607_02","Altos de Campana","Lost Iguana",0.769679786067002,"Lost Iguana vs Altos de Campana"
"220707_20","250607_02","Altos de Campana","Lost Iguana",0.797828404836917,"Lost Iguana vs Altos de Campana"
"220708_01","250607_02","Soberanía","Lost Iguana",0.650880064275322,"Lost Iguana vs Soberanía"
"220708_02","250607_02","Soberanía","Lost Iguana",0.595768552955485,"Lost Iguana vs Soberanía"
"220708_03","250607_02","Soberanía","Lost Iguana",0.618690219289241,"Lost Iguana vs Soberanía"
"220708_04","250607_02","Soberanía","Lost Iguana",0.653315428898711,"Lost Iguana vs Soberanía"
"220708_05","250607_02","Soberanía","Lost Iguana",0.759228425671527,"Lost Iguana vs Soberanía"
"220708_06","250607_02","Soberanía","Lost Iguana",0.451006147808438,"Lost Iguana vs Soberanía"
"220708_07","250607_02","Soberanía","Lost Iguana",0.716488002444932,"Lost Iguana vs Soberanía"
"220708_08","250607_02","Soberanía","Lost Iguana",0.775005996891951,"Lost Iguana vs Soberanía"
"220708_09","250607_02","Soberanía","Lost Iguana",0.706645343867387,"Lost Iguana vs Soberanía"
"220708_10","250607_02","Soberanía","Lost Iguana",0.833052603323067,"Lost Iguana vs Soberanía"
"250607_01","250607_02","Lost Iguana","Lost Iguana",0.446463724211069,"Lost Iguana vs Lost Iguana"
"220604_01","250607_03","Veragua","Lost Iguana",0.472671674498085,"Lost Iguana vs Veragua"
"220604_02","250607_03","Veragua","Lost Iguana",0.539504032089906,"Lost Iguana vs Veragua"
"220604_03","250607_03","Veragua","Lost Iguana",0.80036472121613,"Lost Iguana vs Veragua"
"220604_04","250607_03","Veragua","Lost Iguana",0.605924794518745,"Lost Iguana vs Veragua"
"220604_05","250607_03","Veragua","Lost Iguana",0.5818007454053,"Lost Iguana vs Veragua"
"220604_06","250607_03","Veragua","Lost Iguana",0.533089957302349,"Lost Iguana vs Veragua"
"220604_07","250607_03","Veragua","Lost Iguana",0.434276996709042,"Lost Iguana vs Veragua"
"220606_02","250607_03","Veragua","Lost Iguana",0.537532799472303,"Lost Iguana vs Veragua"
"220606_04","250607_03","Veragua","Lost Iguana",0.761808461818101,"Lost Iguana vs Veragua"
"220607_01","250607_03","Veragua","Lost Iguana",0.604176410093832,"Lost Iguana vs Veragua"
"220607_02","250607_03","Veragua","Lost Iguana",0.687794659871246,"Lost Iguana vs Veragua"
"220607_03","250607_03","Veragua","Lost Iguana",0.437803903049135,"Lost Iguana vs Veragua"
"220607_04","250607_03","Veragua","Lost Iguana",0.421039299838828,"Lost Iguana vs Veragua"
"220609_01","250607_03","Veragua","Lost Iguana",0.73299579226824,"Lost Iguana vs Veragua"
"220609_02","250607_03","Veragua","Lost Iguana",0.625597132905442,"Lost Iguana vs Veragua"
"220609_03","250607_03","Veragua","Lost Iguana",0.478677034254725,"Lost Iguana vs Veragua"
"220609_04","250607_03","Veragua","Lost Iguana",0.56850620811012,"Lost Iguana vs Veragua"
"220609_07","250607_03","Veragua","Lost Iguana",0.649599851531688,"Lost Iguana vs Veragua"
"220707_11","250607_03","Altos de Campana","Lost Iguana",0.533657151816769,"Lost Iguana vs Altos de Campana"
"220707_12","250607_03","Altos de Campana","Lost Iguana",0.500353161093194,"Lost Iguana vs Altos de Campana"
"220707_13","250607_03","Altos de Campana","Lost Iguana",0.575433959589257,"Lost Iguana vs Altos de Campana"
"220707_14","250607_03","Altos de Campana","Lost Iguana",0.535218200210907,"Lost Iguana vs Altos de Campana"
"220707_15","250607_03","Altos de Campana","Lost Iguana",0.590370405440015,"Lost Iguana vs Altos de Campana"
"220707_16","250607_03","Altos de Campana","Lost Iguana",0.599144645475966,"Lost Iguana vs Altos de Campana"
"220707_17","250607_03","Altos de Campana","Lost Iguana",0.624106175360697,"Lost Iguana vs Altos de Campana"
"220707_18","250607_03","Altos de Campana","Lost Iguana",0.567416295252305,"Lost Iguana vs Altos de Campana"
"220707_19","250607_03","Altos de Campana","Lost Iguana",0.660230188686026,"Lost Iguana vs Altos de Campana"
"220707_20","250607_03","Altos de Campana","Lost Iguana",0.585953548258987,"Lost Iguana vs Altos de Campana"
"220708_01","250607_03","Soberanía","Lost Iguana",0.479174650862032,"Lost Iguana vs Soberanía"
"220708_02","250607_03","Soberanía","Lost Iguana",0.499760500185422,"Lost Iguana vs Soberanía"
"220708_03","250607_03","Soberanía","Lost Iguana",0.485884996995193,"Lost Iguana vs Soberanía"
"220708_04","250607_03","Soberanía","Lost Iguana",0.580795322944707,"Lost Iguana vs Soberanía"
"220708_05","250607_03","Soberanía","Lost Iguana",0.667968247874321,"Lost Iguana vs Soberanía"
"220708_06","250607_03","Soberanía","Lost Iguana",0.42832476284377,"Lost Iguana vs Soberanía"
"220708_07","250607_03","Soberanía","Lost Iguana",0.564239511626274,"Lost Iguana vs Soberanía"
"220708_08","250607_03","Soberanía","Lost Iguana",0.593397557294261,"Lost Iguana vs Soberanía"
"220708_09","250607_03","Soberanía","Lost Iguana",0.55370645655856,"Lost Iguana vs Soberanía"
"220708_10","250607_03","Soberanía","Lost Iguana",0.828364931970787,"Lost Iguana vs Soberanía"
"250607_01","250607_03","Lost Iguana","Lost Iguana",0.352448821482138,"Lost Iguana vs Lost Iguana"
"250607_02","250607_03","Lost Iguana","Lost Iguana",0.475389948684573,"Lost Iguana vs Lost Iguana"
"220604_01","250607_04","Veragua","Lost Iguana",0.734251152584824,"Lost Iguana vs Veragua"
"220604_02","250607_04","Veragua","Lost Iguana",0.734767290171145,"Lost Iguana vs Veragua"
"220604_03","250607_04","Veragua","Lost Iguana",0.967942724536666,"Lost Iguana vs Veragua"
"220604_04","250607_04","Veragua","Lost Iguana",0.860316773397086,"Lost Iguana vs Veragua"
"220604_05","250607_04","Veragua","Lost Iguana",0.819377209189207,"Lost Iguana vs Veragua"
"220604_06","250607_04","Veragua","Lost Iguana",0.790303097110173,"Lost Iguana vs Veragua"
"220604_07","250607_04","Veragua","Lost Iguana",0.773720648462545,"Lost Iguana vs Veragua"
"220606_02","250607_04","Veragua","Lost Iguana",0.87555986206469,"Lost Iguana vs Veragua"
"220606_04","250607_04","Veragua","Lost Iguana",0.89785497015075,"Lost Iguana vs Veragua"
"220607_01","250607_04","Veragua","Lost Iguana",0.845346667277923,"Lost Iguana vs Veragua"
"220607_02","250607_04","Veragua","Lost Iguana",0.94766015596333,"Lost Iguana vs Veragua"
"220607_03","250607_04","Veragua","Lost Iguana",0.767633058256309,"Lost Iguana vs Veragua"
"220607_04","250607_04","Veragua","Lost Iguana",0.701797119961115,"Lost Iguana vs Veragua"
"220609_01","250607_04","Veragua","Lost Iguana",0.915696831959849,"Lost Iguana vs Veragua"
"220609_02","250607_04","Veragua","Lost Iguana",0.857003022911213,"Lost Iguana vs Veragua"
"220609_03","250607_04","Veragua","Lost Iguana",0.720326324659146,"Lost Iguana vs Veragua"
"220609_04","250607_04","Veragua","Lost Iguana",0.882230439716496,"Lost Iguana vs Veragua"
"220609_07","250607_04","Veragua","Lost Iguana",0.877502600628241,"Lost Iguana vs Veragua"
"220707_11","250607_04","Altos de Campana","Lost Iguana",0.809779749251732,"Lost Iguana vs Altos de Campana"
"220707_12","250607_04","Altos de Campana","Lost Iguana",0.79086657894878,"Lost Iguana vs Altos de Campana"
"220707_13","250607_04","Altos de Campana","Lost Iguana",0.824943275965008,"Lost Iguana vs Altos de Campana"
"220707_14","250607_04","Altos de Campana","Lost Iguana",0.82287316849539,"Lost Iguana vs Altos de Campana"
"220707_15","250607_04","Altos de Campana","Lost Iguana",0.773348532732766,"Lost Iguana vs Altos de Campana"
"220707_16","250607_04","Altos de Campana","Lost Iguana",0.900279537019152,"Lost Iguana vs Altos de Campana"
"220707_17","250607_04","Altos de Campana","Lost Iguana",0.894479516362322,"Lost Iguana vs Altos de Campana"
"220707_18","250607_04","Altos de Campana","Lost Iguana",0.84365390803765,"Lost Iguana vs Altos de Campana"
"220707_19","250607_04","Altos de Campana","Lost Iguana",0.848904213567363,"Lost Iguana vs Altos de Campana"
"220707_20","250607_04","Altos de Campana","Lost Iguana",0.872844393274688,"Lost Iguana vs Altos de Campana"
"220708_01","250607_04","Soberanía","Lost Iguana",0.791005441786268,"Lost Iguana vs Soberanía"
"220708_02","250607_04","Soberanía","Lost Iguana",0.708880000315952,"Lost Iguana vs Soberanía"
"220708_03","250607_04","Soberanía","Lost Iguana",0.708880272513145,"Lost Iguana vs Soberanía"
"220708_04","250607_04","Soberanía","Lost Iguana",0.807585528042518,"Lost Iguana vs Soberanía"
"220708_05","250607_04","Soberanía","Lost Iguana",0.80851325611768,"Lost Iguana vs Soberanía"
"220708_06","250607_04","Soberanía","Lost Iguana",0.578154150183001,"Lost Iguana vs Soberanía"
"220708_07","250607_04","Soberanía","Lost Iguana",0.828716429988255,"Lost Iguana vs Soberanía"
"220708_08","250607_04","Soberanía","Lost Iguana",0.866435550616295,"Lost Iguana vs Soberanía"
"220708_09","250607_04","Soberanía","Lost Iguana",0.794410571735493,"Lost Iguana vs Soberanía"
"220708_10","250607_04","Soberanía","Lost Iguana",0.9569220932985,"Lost Iguana vs Soberanía"
"250607_01","250607_04","Lost Iguana","Lost Iguana",0.639482930304129,"Lost Iguana vs Lost Iguana"
"250607_02","250607_04","Lost Iguana","Lost Iguana",0.414596685364804,"Lost Iguana vs Lost Iguana"
"250607_03","250607_04","Lost Iguana","Lost Iguana",0.636581707477064,"Lost Iguana vs Lost Iguana"
"220604_01","250607_05","Veragua","Lost Iguana",0.617244029095269,"Lost Iguana vs Veragua"
"220604_02","250607_05","Veragua","Lost Iguana",0.626063577309257,"Lost Iguana vs Veragua"
"220604_03","250607_05","Veragua","Lost Iguana",0.893544170608177,"Lost Iguana vs Veragua"
"220604_04","250607_05","Veragua","Lost Iguana",0.758310454116121,"Lost Iguana vs Veragua"
"220604_05","250607_05","Veragua","Lost Iguana",0.710426393554281,"Lost Iguana vs Veragua"
"220604_06","250607_05","Veragua","Lost Iguana",0.676633003647205,"Lost Iguana vs Veragua"
"220604_07","250607_05","Veragua","Lost Iguana",0.656574369965796,"Lost Iguana vs Veragua"
"220606_02","250607_05","Veragua","Lost Iguana",0.741687695998944,"Lost Iguana vs Veragua"
"220606_04","250607_05","Veragua","Lost Iguana",0.82734740994874,"Lost Iguana vs Veragua"
"220607_01","250607_05","Veragua","Lost Iguana",0.779886297100281,"Lost Iguana vs Veragua"
"220607_02","250607_05","Veragua","Lost Iguana",0.840487544477921,"Lost Iguana vs Veragua"
"220607_03","250607_05","Veragua","Lost Iguana",0.666456405637024,"Lost Iguana vs Veragua"
"220607_04","250607_05","Veragua","Lost Iguana",0.593276183005965,"Lost Iguana vs Veragua"
"220609_01","250607_05","Veragua","Lost Iguana",0.822258530580191,"Lost Iguana vs Veragua"
"220609_02","250607_05","Veragua","Lost Iguana",0.771318303363832,"Lost Iguana vs Veragua"
"220609_03","250607_05","Veragua","Lost Iguana",0.602853013864141,"Lost Iguana vs Veragua"
"220609_04","250607_05","Veragua","Lost Iguana",0.78901984421216,"Lost Iguana vs Veragua"
"220609_07","250607_05","Veragua","Lost Iguana",0.776673416606074,"Lost Iguana vs Veragua"
"220707_11","250607_05","Altos de Campana","Lost Iguana",0.718776589573197,"Lost Iguana vs Altos de Campana"
"220707_12","250607_05","Altos de Campana","Lost Iguana",0.724748312939626,"Lost Iguana vs Altos de Campana"
"220707_13","250607_05","Altos de Campana","Lost Iguana",0.766631303414327,"Lost Iguana vs Altos de Campana"
"220707_14","250607_05","Altos de Campana","Lost Iguana",0.727809593954823,"Lost Iguana vs Altos de Campana"
"220707_15","250607_05","Altos de Campana","Lost Iguana",0.70719335845862,"Lost Iguana vs Altos de Campana"
"220707_16","250607_05","Altos de Campana","Lost Iguana",0.829588342740948,"Lost Iguana vs Altos de Campana"
"220707_17","250607_05","Altos de Campana","Lost Iguana",0.827435256345606,"Lost Iguana vs Altos de Campana"
"220707_18","250607_05","Altos de Campana","Lost Iguana",0.773821813829537,"Lost Iguana vs Altos de Campana"
"220707_19","250607_05","Altos de Campana","Lost Iguana",0.784264676114703,"Lost Iguana vs Altos de Campana"
"220707_20","250607_05","Altos de Campana","Lost Iguana",0.811020199447096,"Lost Iguana vs Altos de Campana"
"220708_01","250607_05","Soberanía","Lost Iguana",0.701578937957879,"Lost Iguana vs Soberanía"
"220708_02","250607_05","Soberanía","Lost Iguana",0.5529311452796,"Lost Iguana vs Soberanía"
"220708_03","250607_05","Soberanía","Lost Iguana",0.612301863652982,"Lost Iguana vs Soberanía"
"220708_04","250607_05","Soberanía","Lost Iguana",0.632910286491413,"Lost Iguana vs Soberanía"
"220708_05","250607_05","Soberanía","Lost Iguana",0.744015583960443,"Lost Iguana vs Soberanía"
"220708_06","250607_05","Soberanía","Lost Iguana",0.4834909701064,"Lost Iguana vs Soberanía"
"220708_07","250607_05","Soberanía","Lost Iguana",0.762032506238384,"Lost Iguana vs Soberanía"
"220708_08","250607_05","Soberanía","Lost Iguana",0.79990185745432,"Lost Iguana vs Soberanía"
"220708_09","250607_05","Soberanía","Lost Iguana",0.733752978972677,"Lost Iguana vs Soberanía"
"220708_10","250607_05","Soberanía","Lost Iguana",0.90529091314285,"Lost Iguana vs Soberanía"
"250607_01","250607_05","Lost Iguana","Lost Iguana",0.558737059450109,"Lost Iguana vs Lost Iguana"
"250607_02","250607_05","Lost Iguana","Lost Iguana",0.349856592513362,"Lost Iguana vs Lost Iguana"
"250607_03","250607_05","Lost Iguana","Lost Iguana",0.510343344025463,"Lost Iguana vs Lost Iguana"
"250607_04","250607_05","Lost Iguana","Lost Iguana",0.274491104743157,"Lost Iguana vs Lost Iguana"
"220604_01","250607_07","Veragua","Lost Iguana",0.583334177698448,"Lost Iguana vs Veragua"
"220604_02","250607_07","Veragua","Lost Iguana",0.655883596063535,"Lost Iguana vs Veragua"
"220604_03","250607_07","Veragua","Lost Iguana",0.61607887667749,"Lost Iguana vs Veragua"
"220604_04","250607_07","Veragua","Lost Iguana",0.607486833132585,"Lost Iguana vs Veragua"
"220604_05","250607_07","Veragua","Lost Iguana",0.614272303041722,"Lost Iguana vs Veragua"
"220604_06","250607_07","Veragua","Lost Iguana",0.535708601426283,"Lost Iguana vs Veragua"
"220604_07","250607_07","Veragua","Lost Iguana",0.591120111593982,"Lost Iguana vs Veragua"
"220606_02","250607_07","Veragua","Lost Iguana",0.581461948343461,"Lost Iguana vs Veragua"
"220606_04","250607_07","Veragua","Lost Iguana",0.718206830814294,"Lost Iguana vs Veragua"
"220607_01","250607_07","Veragua","Lost Iguana",0.733635501163719,"Lost Iguana vs Veragua"
"220607_02","250607_07","Veragua","Lost Iguana",0.72987311519857,"Lost Iguana vs Veragua"
"220607_03","250607_07","Veragua","Lost Iguana",0.632528784634095,"Lost Iguana vs Veragua"
"220607_04","250607_07","Veragua","Lost Iguana",0.558271204916122,"Lost Iguana vs Veragua"
"220609_01","250607_07","Veragua","Lost Iguana",0.72937726972704,"Lost Iguana vs Veragua"
"220609_02","250607_07","Veragua","Lost Iguana",0.649871860628696,"Lost Iguana vs Veragua"
"220609_03","250607_07","Veragua","Lost Iguana",0.607619219561491,"Lost Iguana vs Veragua"
"220609_04","250607_07","Veragua","Lost Iguana",0.63132705833904,"Lost Iguana vs Veragua"
"220609_07","250607_07","Veragua","Lost Iguana",0.715235015112753,"Lost Iguana vs Veragua"
"220707_11","250607_07","Altos de Campana","Lost Iguana",0.646450146753402,"Lost Iguana vs Altos de Campana"
"220707_12","250607_07","Altos de Campana","Lost Iguana",0.688886657532014,"Lost Iguana vs Altos de Campana"
"220707_13","250607_07","Altos de Campana","Lost Iguana",0.690922874252305,"Lost Iguana vs Altos de Campana"
"220707_14","250607_07","Altos de Campana","Lost Iguana",0.651959795591369,"Lost Iguana vs Altos de Campana"
"220707_15","250607_07","Altos de Campana","Lost Iguana",0.728770686949479,"Lost Iguana vs Altos de Campana"
"220707_16","250607_07","Altos de Campana","Lost Iguana",0.718393589291296,"Lost Iguana vs Altos de Campana"
"220707_17","250607_07","Altos de Campana","Lost Iguana",0.728275500074429,"Lost Iguana vs Altos de Campana"
"220707_18","250607_07","Altos de Campana","Lost Iguana",0.691621786399036,"Lost Iguana vs Altos de Campana"
"220707_19","250607_07","Altos de Campana","Lost Iguana",0.698388861254575,"Lost Iguana vs Altos de Campana"
"220707_20","250607_07","Altos de Campana","Lost Iguana",0.666414569338482,"Lost Iguana vs Altos de Campana"
"220708_01","250607_07","Soberanía","Lost Iguana",0.570727928885832,"Lost Iguana vs Soberanía"
"220708_02","250607_07","Soberanía","Lost Iguana",0.706744631315603,"Lost Iguana vs Soberanía"
"220708_03","250607_07","Soberanía","Lost Iguana",0.696520573869672,"Lost Iguana vs Soberanía"
"220708_04","250607_07","Soberanía","Lost Iguana",0.648822733758399,"Lost Iguana vs Soberanía"
"220708_05","250607_07","Soberanía","Lost Iguana",0.76367942922075,"Lost Iguana vs Soberanía"
"220708_06","250607_07","Soberanía","Lost Iguana",0.660217489077359,"Lost Iguana vs Soberanía"
"220708_07","250607_07","Soberanía","Lost Iguana",0.648618866060546,"Lost Iguana vs Soberanía"
"220708_08","250607_07","Soberanía","Lost Iguana",0.679925283383015,"Lost Iguana vs Soberanía"
"220708_09","250607_07","Soberanía","Lost Iguana",0.67166809343694,"Lost Iguana vs Soberanía"
"220708_10","250607_07","Soberanía","Lost Iguana",0.788295256947541,"Lost Iguana vs Soberanía"
"250607_01","250607_07","Lost Iguana","Lost Iguana",0.585199700967318,"Lost Iguana vs Lost Iguana"
"250607_02","250607_07","Lost Iguana","Lost Iguana",0.630206180416445,"Lost Iguana vs Lost Iguana"
"250607_03","250607_07","Lost Iguana","Lost Iguana",0.569124203680785,"Lost Iguana vs Lost Iguana"
"250607_04","250607_07","Lost Iguana","Lost Iguana",0.822727170760323,"Lost Iguana vs Lost Iguana"
"250607_05","250607_07","Lost Iguana","Lost Iguana",0.725023114774942,"Lost Iguana vs Lost Iguana"
"220604_01","250607_08","Veragua","Lost Iguana",0.486906380882348,"Lost Iguana vs Veragua"
"220604_02","250607_08","Veragua","Lost Iguana",0.539939432090917,"Lost Iguana vs Veragua"
"220604_03","250607_08","Veragua","Lost Iguana",0.842794716685993,"Lost Iguana vs Veragua"
"220604_04","250607_08","Veragua","Lost Iguana",0.631764029315432,"Lost Iguana vs Veragua"
"220604_05","250607_08","Veragua","Lost Iguana",0.596571445051735,"Lost Iguana vs Veragua"
"220604_06","250607_08","Veragua","Lost Iguana",0.54353552546406,"Lost Iguana vs Veragua"
"220604_07","250607_08","Veragua","Lost Iguana",0.541589016457608,"Lost Iguana vs Veragua"
"220606_02","250607_08","Veragua","Lost Iguana",0.602067438386839,"Lost Iguana vs Veragua"
"220606_04","250607_08","Veragua","Lost Iguana",0.742657326479604,"Lost Iguana vs Veragua"
"220607_01","250607_08","Veragua","Lost Iguana",0.726581036928644,"Lost Iguana vs Veragua"
"220607_02","250607_08","Veragua","Lost Iguana",0.747862641191609,"Lost Iguana vs Veragua"
"220607_03","250607_08","Veragua","Lost Iguana",0.585244179047642,"Lost Iguana vs Veragua"
"220607_04","250607_08","Veragua","Lost Iguana",0.390137809941928,"Lost Iguana vs Veragua"
"220609_01","250607_08","Veragua","Lost Iguana",0.724374614264805,"Lost Iguana vs Veragua"
"220609_02","250607_08","Veragua","Lost Iguana",0.715453062015695,"Lost Iguana vs Veragua"
"220609_03","250607_08","Veragua","Lost Iguana",0.486134815751764,"Lost Iguana vs Veragua"
"220609_04","250607_08","Veragua","Lost Iguana",0.666859219253981,"Lost Iguana vs Veragua"
"220609_07","250607_08","Veragua","Lost Iguana",0.729768246123465,"Lost Iguana vs Veragua"
"220707_11","250607_08","Altos de Campana","Lost Iguana",0.627143330965714,"Lost Iguana vs Altos de Campana"
"220707_12","250607_08","Altos de Campana","Lost Iguana",0.636298151488276,"Lost Iguana vs Altos de Campana"
"220707_13","250607_08","Altos de Campana","Lost Iguana",0.681864652850649,"Lost Iguana vs Altos de Campana"
"220707_14","250607_08","Altos de Campana","Lost Iguana",0.648437374896251,"Lost Iguana vs Altos de Campana"
"220707_15","250607_08","Altos de Campana","Lost Iguana",0.659965541460561,"Lost Iguana vs Altos de Campana"
"220707_16","250607_08","Altos de Campana","Lost Iguana",0.744716803764495,"Lost Iguana vs Altos de Campana"
"220707_17","250607_08","Altos de Campana","Lost Iguana",0.743664666451153,"Lost Iguana vs Altos de Campana"
"220707_18","250607_08","Altos de Campana","Lost Iguana",0.691353095776933,"Lost Iguana vs Altos de Campana"
"220707_19","250607_08","Altos de Campana","Lost Iguana",0.732412806788739,"Lost Iguana vs Altos de Campana"
"220707_20","250607_08","Altos de Campana","Lost Iguana",0.727541352137885,"Lost Iguana vs Altos de Campana"
"220708_01","250607_08","Soberanía","Lost Iguana",0.569346895728056,"Lost Iguana vs Soberanía"
"220708_02","250607_08","Soberanía","Lost Iguana",0.576907895967919,"Lost Iguana vs Soberanía"
"220708_03","250607_08","Soberanía","Lost Iguana",0.573592542057273,"Lost Iguana vs Soberanía"
"220708_04","250607_08","Soberanía","Lost Iguana",0.629347917073829,"Lost Iguana vs Soberanía"
"220708_05","250607_08","Soberanía","Lost Iguana",0.717590829981316,"Lost Iguana vs Soberanía"
"220708_06","250607_08","Soberanía","Lost Iguana",0.403621218788894,"Lost Iguana vs Soberanía"
"220708_07","250607_08","Soberanía","Lost Iguana",0.682089010802614,"Lost Iguana vs Soberanía"
"220708_08","250607_08","Soberanía","Lost Iguana",0.701185340161637,"Lost Iguana vs Soberanía"
"220708_09","250607_08","Soberanía","Lost Iguana",0.650184034599303,"Lost Iguana vs Soberanía"
"220708_10","250607_08","Soberanía","Lost Iguana",0.817224459297658,"Lost Iguana vs Soberanía"
"250607_01","250607_08","Lost Iguana","Lost Iguana",0.386266626895507,"Lost Iguana vs Lost Iguana"
"250607_02","250607_08","Lost Iguana","Lost Iguana",0.332173117008747,"Lost Iguana vs Lost Iguana"
"250607_03","250607_08","Lost Iguana","Lost Iguana",0.35233451504804,"Lost Iguana vs Lost Iguana"
"250607_04","250607_08","Lost Iguana","Lost Iguana",0.511403767580143,"Lost Iguana vs Lost Iguana"
"250607_05","250607_08","Lost Iguana","Lost Iguana",0.402779388614319,"Lost Iguana vs Lost Iguana"
"250607_07","250607_08","Lost Iguana","Lost Iguana",0.501606562916647,"Lost Iguana vs Lost Iguana"
"220604_01","250607_09","Veragua","Lost Iguana",0.532536690798369,"Lost Iguana vs Veragua"
"220604_02","250607_09","Veragua","Lost Iguana",0.576530656971426,"Lost Iguana vs Veragua"
"220604_03","250607_09","Veragua","Lost Iguana",0.877120744767495,"Lost Iguana vs Veragua"
"220604_04","250607_09","Veragua","Lost Iguana",0.698640644915929,"Lost Iguana vs Veragua"
"220604_05","250607_09","Veragua","Lost Iguana",0.649236352477744,"Lost Iguana vs Veragua"
"220604_06","250607_09","Veragua","Lost Iguana",0.616027088329659,"Lost Iguana vs Veragua"
"220604_07","250607_09","Veragua","Lost Iguana",0.608116390041503,"Lost Iguana vs Veragua"
"220606_02","250607_09","Veragua","Lost Iguana",0.667148695421318,"Lost Iguana vs Veragua"
"220606_04","250607_09","Veragua","Lost Iguana",0.769387225555394,"Lost Iguana vs Veragua"
"220607_01","250607_09","Veragua","Lost Iguana",0.785531482515136,"Lost Iguana vs Veragua"
"220607_02","250607_09","Veragua","Lost Iguana",0.801554576359872,"Lost Iguana vs Veragua"
"220607_03","250607_09","Veragua","Lost Iguana",0.650333019307859,"Lost Iguana vs Veragua"
"220607_04","250607_09","Veragua","Lost Iguana",0.502339344037935,"Lost Iguana vs Veragua"
"220609_01","250607_09","Veragua","Lost Iguana",0.75673035442654,"Lost Iguana vs Veragua"
"220609_02","250607_09","Veragua","Lost Iguana",0.759787138469868,"Lost Iguana vs Veragua"
"220609_03","250607_09","Veragua","Lost Iguana",0.549185571803783,"Lost Iguana vs Veragua"
"220609_04","250607_09","Veragua","Lost Iguana",0.732344386832936,"Lost Iguana vs Veragua"
"220609_07","250607_09","Veragua","Lost Iguana",0.764949212045573,"Lost Iguana vs Veragua"
"220707_11","250607_09","Altos de Campana","Lost Iguana",0.683724625776895,"Lost Iguana vs Altos de Campana"
"220707_12","250607_09","Altos de Campana","Lost Iguana",0.703325302088865,"Lost Iguana vs Altos de Campana"
"220707_13","250607_09","Altos de Campana","Lost Iguana",0.747629065476515,"Lost Iguana vs Altos de Campana"
"220707_14","250607_09","Altos de Campana","Lost Iguana",0.716050612083547,"Lost Iguana vs Altos de Campana"
"220707_15","250607_09","Altos de Campana","Lost Iguana",0.714119002235052,"Lost Iguana vs Altos de Campana"
"220707_16","250607_09","Altos de Campana","Lost Iguana",0.813229190360924,"Lost Iguana vs Altos de Campana"
"220707_17","250607_09","Altos de Campana","Lost Iguana",0.811808058689678,"Lost Iguana vs Altos de Campana"
"220707_18","250607_09","Altos de Campana","Lost Iguana",0.760476618260405,"Lost Iguana vs Altos de Campana"
"220707_19","250607_09","Altos de Campana","Lost Iguana",0.776563144092967,"Lost Iguana vs Altos de Campana"
"220707_20","250607_09","Altos de Campana","Lost Iguana",0.796393274123961,"Lost Iguana vs Altos de Campana"
"220708_01","250607_09","Soberanía","Lost Iguana",0.647967118254434,"Lost Iguana vs Soberanía"
"220708_02","250607_09","Soberanía","Lost Iguana",0.631812568124514,"Lost Iguana vs Soberanía"
"220708_03","250607_09","Soberanía","Lost Iguana",0.647522232827535,"Lost Iguana vs Soberanía"
"220708_04","250607_09","Soberanía","Lost Iguana",0.682693802648764,"Lost Iguana vs Soberanía"
"220708_05","250607_09","Soberanía","Lost Iguana",0.765815514053188,"Lost Iguana vs Soberanía"
"220708_06","250607_09","Soberanía","Lost Iguana",0.437251140030709,"Lost Iguana vs Soberanía"
"220708_07","250607_09","Soberanía","Lost Iguana",0.757194444877701,"Lost Iguana vs Soberanía"
"220708_08","250607_09","Soberanía","Lost Iguana",0.786629105897783,"Lost Iguana vs Soberanía"
"220708_09","250607_09","Soberanía","Lost Iguana",0.722534801026197,"Lost Iguana vs Soberanía"
"220708_10","250607_09","Soberanía","Lost Iguana",0.853536925223021,"Lost Iguana vs Soberanía"
"250607_01","250607_09","Lost Iguana","Lost Iguana",0.360245326951841,"Lost Iguana vs Lost Iguana"
"250607_02","250607_09","Lost Iguana","Lost Iguana",0.339058775654263,"Lost Iguana vs Lost Iguana"
"250607_03","250607_09","Lost Iguana","Lost Iguana",0.443398861224237,"Lost Iguana vs Lost Iguana"
"250607_04","250607_09","Lost Iguana","Lost Iguana",0.52630691556306,"Lost Iguana vs Lost Iguana"
"250607_05","250607_09","Lost Iguana","Lost Iguana",0.440908661076438,"Lost Iguana vs Lost Iguana"
"250607_07","250607_09","Lost Iguana","Lost Iguana",0.585048211851761,"Lost Iguana vs Lost Iguana"
"250607_08","250607_09","Lost Iguana","Lost Iguana",0.266714486590791,"Lost Iguana vs Lost Iguana"
"220604_01","250607_10","Veragua","Lost Iguana",0.723499624412308,"Lost Iguana vs Veragua"
"220604_02","250607_10","Veragua","Lost Iguana",0.711916962147392,"Lost Iguana vs Veragua"
"220604_03","250607_10","Veragua","Lost Iguana",0.779294679026198,"Lost Iguana vs Veragua"
"220604_04","250607_10","Veragua","Lost Iguana",0.760181392890223,"Lost Iguana vs Veragua"
"220604_05","250607_10","Veragua","Lost Iguana",0.725767564611176,"Lost Iguana vs Veragua"
"220604_06","250607_10","Veragua","Lost Iguana",0.729591387304429,"Lost Iguana vs Veragua"
"220604_07","250607_10","Veragua","Lost Iguana",0.739763562587975,"Lost Iguana vs Veragua"
"220606_02","250607_10","Veragua","Lost Iguana",0.782741122961407,"Lost Iguana vs Veragua"
"220606_04","250607_10","Veragua","Lost Iguana",0.841008231420808,"Lost Iguana vs Veragua"
"220607_01","250607_10","Veragua","Lost Iguana",0.809080976599596,"Lost Iguana vs Veragua"
"220607_02","250607_10","Veragua","Lost Iguana",0.882368425676633,"Lost Iguana vs Veragua"
"220607_03","250607_10","Veragua","Lost Iguana",0.743879964015614,"Lost Iguana vs Veragua"
"220607_04","250607_10","Veragua","Lost Iguana",0.745517067287323,"Lost Iguana vs Veragua"
"220609_01","250607_10","Veragua","Lost Iguana",0.81419726080451,"Lost Iguana vs Veragua"
"220609_02","250607_10","Veragua","Lost Iguana",0.818529549772362,"Lost Iguana vs Veragua"
"220609_03","250607_10","Veragua","Lost Iguana",0.716237831450809,"Lost Iguana vs Veragua"
"220609_04","250607_10","Veragua","Lost Iguana",0.815152842968856,"Lost Iguana vs Veragua"
"220609_07","250607_10","Veragua","Lost Iguana",0.831679345886979,"Lost Iguana vs Veragua"
"220707_11","250607_10","Altos de Campana","Lost Iguana",0.760058206573828,"Lost Iguana vs Altos de Campana"
"220707_12","250607_10","Altos de Campana","Lost Iguana",0.770676991082665,"Lost Iguana vs Altos de Campana"
"220707_13","250607_10","Altos de Campana","Lost Iguana",0.780713557667141,"Lost Iguana vs Altos de Campana"
"220707_14","250607_10","Altos de Campana","Lost Iguana",0.774815840730501,"Lost Iguana vs Altos de Campana"
"220707_15","250607_10","Altos de Campana","Lost Iguana",0.785870410266511,"Lost Iguana vs Altos de Campana"
"220707_16","250607_10","Altos de Campana","Lost Iguana",0.852398278259485,"Lost Iguana vs Altos de Campana"
"220707_17","250607_10","Altos de Campana","Lost Iguana",0.845606926620704,"Lost Iguana vs Altos de Campana"
"220707_18","250607_10","Altos de Campana","Lost Iguana",0.796957556400851,"Lost Iguana vs Altos de Campana"
"220707_19","250607_10","Altos de Campana","Lost Iguana",0.811518559274746,"Lost Iguana vs Altos de Campana"
"220707_20","250607_10","Altos de Campana","Lost Iguana",0.826921459867366,"Lost Iguana vs Altos de Campana"
"220708_01","250607_10","Soberanía","Lost Iguana",0.736344628995787,"Lost Iguana vs Soberanía"
"220708_02","250607_10","Soberanía","Lost Iguana",0.762756443276156,"Lost Iguana vs Soberanía"
"220708_03","250607_10","Soberanía","Lost Iguana",0.761308765569201,"Lost Iguana vs Soberanía"
"220708_04","250607_10","Soberanía","Lost Iguana",0.778630402043602,"Lost Iguana vs Soberanía"
"220708_05","250607_10","Soberanía","Lost Iguana",0.776239782018397,"Lost Iguana vs Soberanía"
"220708_06","250607_10","Soberanía","Lost Iguana",0.743808066709538,"Lost Iguana vs Soberanía"
"220708_07","250607_10","Soberanía","Lost Iguana",0.787573150563884,"Lost Iguana vs Soberanía"
"220708_08","250607_10","Soberanía","Lost Iguana",0.808279572104624,"Lost Iguana vs Soberanía"
"220708_09","250607_10","Soberanía","Lost Iguana",0.783968497113828,"Lost Iguana vs Soberanía"
"220708_10","250607_10","Soberanía","Lost Iguana",0.801428983739992,"Lost Iguana vs Soberanía"
"250607_01","250607_10","Lost Iguana","Lost Iguana",0.460023264086665,"Lost Iguana vs Lost Iguana"
"250607_02","250607_10","Lost Iguana","Lost Iguana",0.667489745328919,"Lost Iguana vs Lost Iguana"
"250607_03","250607_10","Lost Iguana","Lost Iguana",0.617241162019566,"Lost Iguana vs Lost Iguana"
"250607_04","250607_10","Lost Iguana","Lost Iguana",0.795876582141859,"Lost Iguana vs Lost Iguana"
"250607_05","250607_10","Lost Iguana","Lost Iguana",0.753136455377886,"Lost Iguana vs Lost Iguana"
"250607_07","250607_10","Lost Iguana","Lost Iguana",0.719127189161909,"Lost Iguana vs Lost Iguana"
"250607_08","250607_10","Lost Iguana","Lost Iguana",0.6651609118818,"Lost Iguana vs Lost Iguana"
"250607_09","250607_10","Lost Iguana","Lost Iguana",0.672977551501636,"Lost Iguana vs Lost Iguana"
