"Genus","Bd_arrival_year","Fit_percent","Low_percent","High_percent"
"Staphylococcus",1982.91046925675,2.39310557608136,1.37446580222073,4.13502482692053
"Staphylococcus",1983.07729620865,2.36441010287141,1.36186218919928,4.07450679888325
"Staphylococcus",1983.24412316054,2.33605047895623,1.34929534340085,4.01506095984214
"Staphylococcus",1983.41095011244,2.30802297003427,1.33676515010962,3.9566706216604
"Staphylococcus",1983.57777706433,2.2803238786338,1.32427152242641,3.89931928419816
"Staphylococcus",1983.74460401623,2.25294954386371,1.31181440215569,3.84299063329759
"Staphylococcus",1983.91143096813,2.225896341163,1.2993937606761,3.78766853872063
"Staphylococcus",1984.07825792002,2.19916068204917,1.28700959979019,3.73333705204745
"Staphylococcus",1984.24508487192,2.17273901386539,1.27466195254863,3.67998040454323
"Staphylococcus",1984.41191182381,2.14662781952663,1.26235088404415,3.62758300500099
"Staphylococcus",1984.57873877571,2.12082361726518,1.25007649217045,3.57612943756954
"Staphylococcus",1984.7455657276,2.09532296037498,1.23783890834059,3.5256044595733
"Staphylococcus",1984.9123926795,2.07012243695542,1.22563829815984,3.47599299933304
"Staphylococcus",1985.0792196314,2.0452186696545,1.2134748620475,3.42728015399557
"Staphylococcus",1985.24604658329,2.02060831541137,1.20134883580226,3.37945118738033
"Staphylococcus",1985.41287353519,1.99628806519841,1.18926049110557,3.33249152785124
"Staphylococcus",1985.57970048708,1.97225464376298,1.17721013595749,3.28638676622168
"Staphylococcus",1985.74652743898,1.94850480936877,1.16519811503952,3.24112265370059
"Staphylococcus",1985.91335439088,1.92503535353694,1.15322480999913,3.19668509988742
"Staphylococcus",1986.08018134277,1.90184310078711,1.14129063965055,3.1530601708235
"Staphylococcus",1986.24700829467,1.87892490837824,1.12939606008681,3.11023408710701
"Staphylococcus",1986.41383524656,1.85627766604945,1.11754156469816,3.0681932220787
"Staphylococcus",1986.58066219846,1.83389829576097,1.10572768409232,3.02692410008476
"Staphylococcus",1986.74748915036,1.81178375143495,1.09395498591214,2.98641339482303
"Staphylococcus",1986.91431610225,1.78993101869687,1.08222407454713,2.94664792777883
"Staphylococcus",1987.08114305415,1.76833711461671,1.07053559073504,2.90761466675472
"Staphylococcus",1987.24797000604,1.74699908745071,1.05889021105092,2.86930072449956
"Staphylococcus",1987.41479695794,1.72591401638332,1.04728864728101,2.83169335744072
"Staphylococcus",1987.58162390984,1.7050790112696,1.03573164567986,2.79477996452273
"Staphylococcus",1987.74845086173,1.68449121237811,1.02421998610933,2.75854808615521
"Staphylococcus",1987.91527781363,1.6641477901342,1.01275448105914,2.72298540327201
"Staphylococcus",1988.08210476552,1.64404594486391,1.00133597454911,2.6880797365027
"Staphylococcus",1988.24893171742,1.6241829065385,0.989965340913901,2.65381904545695
"Staphylococcus",1988.41575866932,1.60455593451955,0.978643483472217,2.62019142812132
"Staphylococcus",1988.58258562121,1.58516231730482,0.967371333082609,2.58718512036722
"Staphylococcus",1988.74941257311,1.56599937227476,0.956149846589309,2.55478849556818
"Staphylococcus",1988.916239525,1.54706444543991,0.94498000516198,2.52299006432337
"Staphylococcus",1989.0830664769,1.52835491118902,0.933862812534151,2.4917784742839
"Staphylococcus",1989.24989342879,1.50986817203797,0.9227992931457,2.46114251007719
"Staphylococcus",1989.41672038069,1.49160165837984,0.911790490195808,2.43107109332478
"Staphylococcus",1989.58354733259,1.47355282823558,0.900837463612909,2.40155328274692
"Staphylococcus",1989.75037428448,1.45571916700589,0.889941287949338,2.37257827434791
"Staphylococcus",1989.91720123638,1.43809818722392,0.879103050208638,2.34413540167482
"Staphylococcus",1990.08402818827,1.42068742830915,0.86832384761409,2.31621413614178
"Staphylococcus",1990.25085514017,1.40348445632218,0.857604785327493,2.28880408741171
"Staphylococcus",1990.41768209207,1.38648686372076,0.846946974127574,2.26189500382667
"Staphylococcus",1990.58450904396,1.36969226911678,0.836351528057734,2.23547677287795
"Staphylococcus",1990.75133599586,1.35309831703455,0.825819562053057,2.2095394217066
"Staphylococcus",1990.91816294775,1.33670267767013,0.815352189556631,2.18407311762483
"Staphylococcus",1991.08498989965,1.32050304665191,0.804950520135352,2.15906816864892
"Staphylococcus",1991.25181685155,1.30449714480241,0.794615657105286,2.13451502403388
"Staphylococcus",1991.41864380344,1.28868271790134,0.784348695176637,2.11040427480048
"Staphylococcus",1991.58547075534,1.27305753644975,0.774150718128058,2.08672665424523
"Staphylococcus",1991.75229770723,1.25761939543582,0.764022796520087,2.06347303842435
"Staphylococcus",1991.91912465913,1.24236611410157,0.753965985456665,2.04063444660267
"Staphylococcus",1992.08595161103,1.2272955357111,0.74398132240378,2.0182020416592
"Staphylococcus",1992.25277856292,1.21240552732012,0.734069825073523,1.99616713044132
"Staphylococcus",1992.41960551482,1.19769397954687,0.724232489381432,1.97452116406006
"Staphylococcus",1992.58643246671,1.18315880634432,0.71447028748438,1.95325573811958
"Staphylococcus",1992.75325941861,1.16879794477385,0.704784165905708,1.93236259287433
"Staphylococcus",1992.9200863705,1.15460935478027,0.695175043753584,1.91183361330837
"Staphylococcus",1993.0869133224,1.14059101896831,0.685643811037965,1.89166082913156
"Staphylococcus",1993.2537402743,1.12674094238046,0.67619132709077,1.87183641468821
"Staphylococcus",1993.42056722619,1.11305715227631,0.666818419093245,1.8523526887747
"Staphylococcus",1993.58739417809,1.09953769791332,0.65752588071371,1.83320211436267
"Staphylococcus",1993.75422112998,1.08618065032905,0.648314470858241,1.81437729822578
"Staphylococcus",1993.92104808188,1.0729841021248,0.639184912536004,1.79587099046807
"Staphylococcus",1994.08787503378,1.05994616725086,0.630137891840593,1.77767608395325
"Staphylococcus",1994.25470198567,1.04706498079314,0.621174057047551,1.75978561363428
"Staphylococcus",1994.42152893757,1.03433869876128,0.612294017828127,1.74219275578366
"Staphylococcus",1994.58835588946,1.02176549787834,0.603498344578387,1.72489082712527
"Staphylococcus",1994.75518284136,1.00934357537196,0.59478756786237,1.70787328386922
"Staphylococcus",1994.92200979326,0.997071148766995,0.586162177967391,1.69113372065157
"Staphylococcus",1995.08883674515,0.98494645567971,0.577622624569141,1.67466586938138
"Staphylococcus",1995.25566369705,0.972967753613498,0.56916931650373,1.658463597998
"Staphylococcus",1995.42249064894,0.961133319756097,0.560802621643481,1.64252090914176
"Staphylococcus",1995.58931760084,0.949441450778358,0.552522866872871,1.62683193874166
"Staphylococcus",1995.75614455274,0.937890462634524,0.544330338160712,1.61139095452414
"Staphylococcus",1995.92297150463,0.926478690364063,0.536225280724406,1.59619235444678
"Staphylococcus",1996.08979845653,0.915204487895024,0.52820789928188,1.58123066506166
"Staphylococcus",1996.25662540842,0.904066227848955,0.520278358386606,1.56650053981265
"Staphylococcus",1996.42345236032,0.89306230134727,0.512436782840929,1.55199675727146
"Staphylococcus",1996.59027931221,0.882191117819322,0.50468325818302,1.53771421931732
"Staphylococcus",1996.75710626411,0.871451104811854,0.49701783124235,1.52364794926493
"Staphylococcus",1996.92393321601,0.860840707800063,0.489440510758891,1.50979308994572
"Staphylococcus",1997.0907601679,0.850358390000198,0.481951268061065,1.49614490174719
"Staphylococcus",1997.2575871198,0.840002632183682,0.474550037797543,1.48269876061528
"Staphylococcus",1997.42441407169,0.829771932492776,0.467236718718026,1.46945015602435
"Staphylococcus",1997.59124102359,0.819664806257777,0.460011174498273,1.45639468891966
"Staphylococcus",1997.75806797549,0.809679785815743,0.452873234604681,1.44352806963678
"Staphylococcus",1997.92489492738,0.799815420330757,0.445822695193895,1.43084611580242
"Staphylococcus",1998.09172187928,0.790070275615702,0.438859320043031,1.41834475022096
"Staphylococcus",1998.25854883117,0.780442933955572,0.431982841506267,1.40601999875091
"Staphylococcus",1998.42537578307,0.770931993932299,0.42519296149372,1.39386798817509
"Staphylococcus",1998.59220273497,0.761536070251101,0.418489352468697,1.38188494406857
"Staphylococcus",1998.75902968686,0.75225379356829,0.411871658459545,1.37006718866773
"Staphylococcus",1998.92585663876,0.743083810320708,0.405339496082691,1.35841113874409
"Staphylococcus",1999.09268359065,0.734024782556537,0.398892455573344,1.3469133034859
"Staphylococcus",1999.25951054255,0.725075387767675,0.392530101820833,1.33557028239073
"Staphylococcus",1999.42633749445,0.716234318723592,0.386251975405581,1.32437876317176
"Staphylococcus",1999.59316444634,0.707500283306665,0.380057593634935,1.31333551968038
"Staphylococcus",1999.75999139824,0.698872004349011,0.373946451575301,1.30243740984767
"Staphylococcus",1999.92681835013,0.69034821947078,0.367918023078183,1.29168137364687
"Staphylococcus",2000.09364530203,0.681927680919931,0.361971761797928,1.28106443107894
"Staphylococcus",2000.26047225392,0.673609155413461,0.356107102199167,1.27058368018316
"Staphylococcus",2000.42729920582,0.665391423980104,0.350323460552102,1.26023629507433
"Staphylococcus",2000.59412615772,0.657273281804471,0.344620235913958,1.2500195240082
"Staphylococcus",2000.76095310961,0.649253538072638,0.338996811095107,1.23993068747643
"Staphylococcus",2000.92778006151,0.641331015819177,0.333452553608488,1.22996717633239
"Staphylococcus",2001.0946070134,0.633504551775619,0.327986816601147,1.22012644994871
"Staphylococcus",2001.2614339653,0.625772996220293,0.32259893976677,1.21040603440749
"Staphylococcus",2001.4282609172,0.61813521282969,0.317288250238407,1.20080352072426
"Staphylococcus",2001.59508786909,0.610590078531123,0.312054063460434,1.19131656310581
"Staphylococcus",2001.76191482099,0.603136483356845,0.306895684039175,1.18194287724284
"Staphylococcus",2001.92874177288,0.595773330299548,0.301812406571597,1.1726802386377
"Staphylococcus",2002.09556872478,0.588499535169252,0.296803516451588,1.1635264809675
"Staphylococcus",2002.26239567668,0.581314026451566,0.2918682906535,1.15447949448277
"Staphylococcus",2002.42922262857,0.574215745167323,0.287005998492638,1.14553722444198
"Staphylococcus",2002.59604958047,0.567203644733569,0.282215902362556,1.13669766958166
"Staphylococcus",2002.76287653236,0.560276690825917,0.277497258449019,1.12795888062229
"Staphylococcus",2002.92970348426,0.553433861242236,0.272849317420611,1.11931895880982
"Staphylococcus",2003.09653043616,0.54667414576768,0.268271325096019,1.11077605449247
"Staphylococcus",2003.26335738805,0.539996546041041,0.263762523088097,1.10232836573279
"Staphylococcus",2003.43018433995,0.53340007542244,0.259322149424831,1.09397413695451
"Staphylococcus",2003.59701129184,0.526883758862271,0.254949439147413,1.08571165762387
"Staphylococcus",2003.76383824374,0.520446632771546,0.250643624885716,1.07753926096515
"Staphylococcus",2003.93066519563,0.514087744893437,0.246403937411356,1.06945532270977
"Staphylococcus",2004.09749214753,0.507806154176152,0.24222960616875,1.06145825987861
"Staphylococcus",2004.26431909943,0.501600930647074,0.238119859784472,1.05354652959707
"Staphylococcus",2004.43114605132,0.49547115528817,0.234073926555309,1.04571862794226
"Staphylococcus",2004.59797300322,0.489415919912648,0.230091034915408,1.03797308882181
"Staphylococcus",2004.76479995511,0.483434327042876,0.226170413882945,1.03030848288374
"Staphylococcus",2004.93162690701,0.477525489789528,0.222311293486762,1.02272341645678
"Staphylococcus",2005.09845385891,0.471688531731968,0.218512905173423,1.01521653052054
"Staphylococcus",2005.2652808108,0.465922586799851,0.214774482195163,1.0077864997049
"Staphylococcus",2005.4321077627,0.460226799155936,0.211095259979214,1.00043203131807
"Staphylococcus",2005.59893471459,0.454600323080104,0.207474476478985,0.993151864402582
"Staphylococcus",2005.76576166649,0.449042322854565,0.203911372507606,0.985944768818637
"Staphylococcus",2005.93258861839,0.443551972650262,0.200405192054321,0.978809544354209
"Staphylococcus",2006.09941557028,0.438128456414409,0.196955182584214,0.97174501986115
"Staphylococcus",2006.26624252218,0.43277096775927,0.193560595321824,0.964750052416844
"Staphylococcus",2006.43306947407,0.427478709852022,0.190220685519072,0.957823526510565
"Staphylococcus",2006.59989642597,0.422250895305796,0.186934712708048,0.950964353254073
"Staphylococcus",2006.76672337787,0.41708674607186,0.183701940939126,0.944171469615739
"Staphylococcus",2006.93355032976,0.411985493332917,0.18052163900491,0.937443837677611
"Staphylococcus",2007.10037728166,0.406946377397535,0.177393080650478,0.930780443914802
"Staphylococcus",2007.26720423355,0.401968647595678,0.174315544770412,0.924180298496586
"Staphylococcus",2007.43403118545,0.397051562175343,0.171288315593066,0.91764243460863
"Staphylococcus",2007.60085813735,0.392194388200288,0.168310682852551,0.911165907795743
"Staphylococcus",2007.76768508924,0.38739640144884,0.165381941948878,0.904749795324596
"Staphylococcus",2007.93451204114,0.382656886313781,0.162501394096702,0.898393195565825
"Staphylococcus",2008.10133899303,0.377975135703293,0.159668346463103,0.892095227394971
"Staphylococcus",2008.26816594493,0.373350450942968,0.15688211229484,0.885855029611709
"Staphylococcus",2008.43499289682,0.368782141678834,0.154142011035451,0.879671760376804
"Staphylococcus",2008.60181984872,0.364269525781473,0.151447368432681,0.873544596666369
"Staphylococcus",2008.76864680062,0.359811929251114,0.148797516636549,0.867472733742765
"Staphylococcus",2008.93547375251,0.355408686123767,0.146191794288486,0.861455384641764
"Staphylococcus",2009.10230070441,0.351059138378367,0.143629546601909,0.855491779675428
"Staphylococcus",2009.2691276563,0.346762635844918,0.141110125434597,0.849581165950265
"Staphylococcus",2009.4359546082,0.34251853611362,0.138632889353207,0.843722806900148
"Acinetobacter",1982.91046925675,4.74047462425313,3.31032291383057,6.74538740656998
"Acinetobacter",1983.07729620865,4.69601569975828,3.28613469806881,6.66907950340555
"Acinetobacter",1983.24412316054,4.65195337475974,3.26201102134538,6.5937811534409
"Acinetobacter",1983.41095011244,4.60828449194113,3.23795106876352,6.51948256947181
"Acinetobacter",1983.57777706433,4.56500591198337,3.21395404970569,6.44617400383181
"Acinetobacter",1983.74460401623,4.52211451360262,3.19001919940957,6.37384574766472
"Acinetobacter",1983.91143096813,4.47960719358466,3.16614578058819,6.30248813010956
"Acinetobacter",1984.07825792002,4.43748086681583,3.14233308509183,6.23209151740117
"Acinetobacter",1984.24508487192,4.39573246631065,3.11858043560857,6.16264631189063
"Acinetobacter",1984.41191182381,4.35435894323589,3.09488718739999,6.09414295098934
"Acinetobacter",1984.57873877571,4.31335726693188,3.07125273006855,6.02657190604297
"Acinetobacter",1984.7455657276,4.27272442493018,3.04767648935152,5.95992368113878
"Acinetobacter",1984.9123926795,4.23245742296831,3.0241579289371,5.89418881185354
"Acinetobacter",1985.0792196314,4.19255328500147,3.00069655229698,5.8293578639479
"Acinetobacter",1985.24604658329,4.15300905321124,2.97729190452952,5.76542143201416
"Acinetobacter",1985.41287353519,4.11382178801134,2.95394357420688,5.70237013808481
"Acinetobacter",1985.57970048708,4.07498856805063,2.9306511952191,5.64019463020996
"Acinetobacter",1985.74652743898,4.03650649021315,2.9074144486076,5.57888558101186
"Acinetobacter",1985.91335439088,3.99837266961563,2.8842330643798,5.51843368622567
"Acinetobacter",1986.08018134277,3.96058423960215,2.86110682329651,5.45882966323591
"Acinetobacter",1986.24700829467,3.92313835173631,2.83803555862277,5.40006424961843
"Acinetobacter",1986.41383524656,3.88603217579078,2.81501915783277,5.34212820169827
"Acinetobacter",1986.58066219846,3.84926289973441,2.79205756425888,5.28501229313438
"Acinetobacter",1986.74748915036,3.81282772971673,2.76915077867438,5.22870731354145
"Acinetobacter",1986.91431610225,3.77672389005045,2.74629886079972,5.17320406716182
"Acinetobacter",1987.08114305415,3.74094862319122,2.72350193072099,5.11849337159712
"Acinetobacter",1987.24797000604,3.70549918971533,2.70076017020996,5.06456605661271
"Acinetobacter",1987.41479695794,3.67037286829517,2.67807382393465,5.01141296302629
"Acinetobacter",1987.58162390984,3.63556695567252,2.65544320054918,4.95902494169235
"Acinetobacter",1987.74845086173,3.60107876662969,2.63286867365225,4.90739285259433
"Acinetobacter",1987.91527781363,3.56690563395869,2.61035068260327,4.85650756405578
"Acinetobacter",1988.08210476552,3.53304490842829,2.58788973318578,4.80635995208175
"Acinetobacter",1988.24893171742,3.49949395874923,2.56548639810826,4.75694089984115
"Acinetobacter",1988.41575866932,3.46625017153741,2.54314131733254,4.70824129730017
"Acinetobacter",1988.58258562121,3.43331095127531,2.52085519822125,4.66025204101638
"Acinetobacter",1988.74941257311,3.40067372027161,2.4986288154959,4.61296403410229
"Acinetobacter",1988.916239525,3.36833591861892,2.47646301099848,4.56636818636632
"Acinetobacter",1989.0830664769,3.33629500415002,2.45435869325019,4.52045541463817
"Acinetobacter",1989.24989342879,3.30454845239207,2.43231683680184,4.4752166432841
"Acinetobacter",1989.41672038069,3.27309375651972,2.41033848137225,4.43064280491786
"Acinetobacter",1989.58354733259,3.24192842730613,2.38842473077123,4.38672484130946
"Acinetobacter",1989.75037428448,3.21104999307276,2.3665767516058,4.34345370449494
"Acinetobacter",1989.91720123638,3.18045599963756,2.34479577176945,4.30082035808746
"Acinetobacter",1990.08402818827,3.15014401026173,2.32308307871551,4.25881577878931
"Acinetobacter",1990.25085514017,3.12011160559506,2.30144001751739,4.21743095810258
"Acinetobacter",1990.41768209207,3.09035638361997,2.27986798871961,4.17665690423503
"Acinetobacter",1990.58450904396,3.0608759595941,2.25836844598545,4.13648464419611
"Acinetobacter",1990.75133599586,3.03166796599177,2.23694289354791,4.09690522607654
"Acinetobacter",1990.91816294775,3.00273005244404,2.21559288347276,4.0579097215036
"Acinetobacter",1991.08498989965,2.97405988567768,2.19432001274321,4.01948922826281
"Acinetobacter",1991.25181685155,2.94565514945291,2.17312592017747,3.98163487307526
"Acinetobacter",1991.41864380344,2.91751354450006,2.15201228319144,3.94433781451899
"Acinetobacter",1991.58547075534,2.88963278845497,2.13098081441996,3.90758924608088
"Acinetobacter",1991.75229770723,2.86201061579362,2.11003325821123,3.87138039932606
"Acinetobacter",1991.91912465913,2.8346447777655,2.08917138700954,3.83570254716867
"Acinetobacter",1992.08595161103,2.80753304232605,2.06839699764238,3.80054700722931
"Acinetobacter",1992.25277856292,2.78067319406816,2.04771190752886,3.76590514526247
"Acinetobacter",1992.41960551482,2.75406303415277,2.02711795082634,3.73176837863718
"Acinetobacter",1992.58643246671,2.72770038023853,2.00661697453284,3.69812817985405
"Acinetobacter",1992.75325941861,2.70158306641064,1.98621083456281,3.66497608008121
"Acinetobacter",1992.9200863705,2.67570894310882,1.96590139181391,3.63230367269212
"Acinetobacter",1993.0869133224,2.65007587705458,1.94569050824208,3.60010261678809
"Acinetobacter",1993.2537402743,2.62468175117761,1.92558004296229,3.56836464068873
"Acinetobacter",1993.42056722619,2.59952446454148,1.90557184839146,3.53708154537396
"Acinetobacter",1993.58739417809,2.5746019322687,1.88566776644976,3.50624520786184
"Acinetobacter",1993.75422112998,2.54991208546504,1.86586962483579,3.47584758450714
"Acinetobacter",1993.92104808188,2.52545287114307,1.84617923338997,3.44588071420608
"Acinetobacter",1994.08787503378,2.50122225214545,1.82659838056039,3.41633672149445
"Acinetobacter",1994.25470198567,2.47721820706724,1.80712882998327,3.3872078195259
"Acinetobacter",1994.42152893757,2.45343873017785,1.78777231719002,3.35848631291964
"Acinetobacter",1994.58835588946,2.42988183134239,1.76853054645147,3.33016460046693
"Acinetobacter",1994.75518284136,2.40654553594252,1.7494051877685,3.30223517768747
"Acinetobacter",1994.92200979326,2.38342788479681,1.7303978740174,3.27469063922756
"Acinetobacter",1995.08883674515,2.36052693408064,1.71151019825697,3.24752368109341
"Acinetobacter",1995.25566369705,2.33784075524563,1.69274371120304,3.22072710271398
"Acinetobacter",1995.42249064894,2.31536743493871,1.67409991887531,3.194293808829
"Acinetobacter",1995.58931760084,2.29310507492072,1.6555802804196,3.16821681119893
"Acinetobacter",1995.75614455274,2.27105179198471,1.63718620610812,3.14248923013482
"Acinetobacter",1995.92297150463,2.24920571787386,1.6189190555189,3.11710429584699
"Acinetobacter",1996.08979845653,2.22756499919907,1.60078013589452,3.09205534961262
"Acinetobacter",1996.25662540842,2.20612779735625,1.58277070067945,3.06733584476327
"Acinetobacter",1996.42345236032,2.18489228844326,1.56489194823406,3.04293934749401
"Acinetobacter",1996.59027931221,2.16385666317678,1.54714502072323,3.01885953749749
"Acinetobacter",1996.75710626411,2.14301912680871,1.52953100317559,2.99509020842573
"Acinetobacter",1996.92393321601,2.12237789904244,1.51205092270975,2.97162526818452
"Acinetobacter",1997.0907601679,2.10193121394895,1.49470574792278,2.94845873906484
"Acinetobacter",1997.2575871198,2.08167731988266,1.47749638843555,2.92558475771707
"Acinetobacter",1997.42441407169,2.06161447939712,1.46042369458935,2.90299757497362
"Acinetobacter",1997.59124102359,2.0417409691606,1.44348845728752,2.88069155552644
"Acinetobacter",1997.75806797549,2.02205507987147,1.42669140797577,2.85866117746602
"Acinetobacter",1997.92489492738,2.00255511617353,1.4100332187542,2.83690103168876
"Acinetobacter",1998.09172187928,1.98323939657118,1.39351450261425,2.81540582117987
"Acinetobacter",1998.25854883117,1.96410625334459,1.37713581379337,2.79417036017904
"Acinetobacter",1998.42537578307,1.94515403246467,1.36089764824013,2.77318957323629
"Acinetobacter",1998.59220273497,1.92638109350816,1.3448004441827,2.7524584941653
"Acinetobacter",1998.75902968686,1.90778580957245,1.32884458279311,2.73197226490159
"Acinetobacter",1998.92585663876,1.88936656719065,1.31303038894057,2.71172613427319
"Acinetobacter",1999.09268359065,1.87112176624645,1.29735813202627,2.69171545669043
"Acinetobacter",1999.25951054255,1.85304981988908,1.28182802689293,2.67193569076256
"Acinetobacter",1999.42633749445,1.8351491544482,1.26644023480221,2.65238239784768
"Acinetobacter",1999.59316444634,1.81741820934895,1.25119486447336,2.63305124054308
"Acinetobacter",1999.75999139824,1.79985543702692,1.23609197317662,2.61393798112225
"Acinetobacter",1999.92681835013,1.7824593028433,1.22113156787521,2.59503847992504
"Acinetobacter",2000.09364530203,1.76522828499995,1.2063136064099,2.57634869370693
"Acinetobacter",2000.26047225392,1.74816087445472,1.19163799872049,2.55786467395334
"Acinetobacter",2000.42729920582,1.73125557483675,1.17710460809869,2.53958256516432
"Acinetobacter",2000.59412615772,1.7145109023619,1.1627132524673,2.52149860311512
"Acinetobacter",2000.76095310961,1.69792538574832,1.14846370568067,2.5036091130974
"Acinetobacter",2000.92778006151,1.68149756613213,1.13435569884199,2.4859105081459
"Acinetobacter",2001.0946070134,1.66522599698325,1.12038892163284,2.46839928725504
"Acinetobacter",2001.2614339653,1.64910924402134,1.10656302365107,2.45107203358935
"Acinetobacter",2001.4282609172,1.63314588513199,1.09287761575324,2.43392541269206
"Acinetobacter",2001.59508786909,1.61733451028297,1.07933227139791,2.41695617069485
"Acinetobacter",2001.76191482099,1.60167372144075,1.06592652798667,2.40016113253261
"Acinetobacter",2001.92874177288,1.58616213248713,1.05265988819979,2.38353720016606
"Acinetobacter",2002.09556872478,1.5707983691361,1.03953182132372,2.36708135081501
"Acinetobacter",2002.26239567668,1.55558106885094,1.02654176456793,2.35079063520508
"Acinetobacter",2002.42922262857,1.54050888076148,1.01368912436876,2.33466217582999
"Acinetobacter",2002.59604958047,1.52558046558162,1.00097327767814,2.31869316523177
"Acinetobacter",2002.76287653236,1.51079449552703,0.988393573235272,2.30288086430071
"Acinetobacter",2002.92970348426,1.49614965423315,0.975949332819689,2.28722260059682
"Acinetobacter",2003.09653043616,1.48164463667341,0.963639852484043,2.27171576669441
"Acinetobacter",2003.26335738805,1.46727814907765,0.951464403765334,2.25635781855107
"Acinetobacter",2003.43018433995,1.45304890885093,0.939422234873462,2.24114627390229
"Acinetobacter",2003.59701129184,1.43895564449241,0.927512571855917,2.22607871068277
"Acinetobacter",2003.76383824374,1.42499709551474,0.915734619738043,2.21115276547541
"Acinetobacter",2003.93066519563,1.4111720123635,0.904087563637778,2.19636613198855
"Acinetobacter",2004.09749214753,1.39747915633711,0.892570569854528,2.18171655956221
"Acinetobacter",2004.26431909943,1.38391729950689,0.881182786931577,2.16720185170388
"Acinetobacter",2004.43114605132,1.37048522463753,0.869923346691674,2.15281986465415
"Acinetobacter",2004.59797300322,1.35718172510777,0.858791365245523,2.13856850598256
"Acinetobacter",2004.76479995511,1.34400560483145,0.847785943972988,2.12444573321385
"Acinetobacter",2004.93162690701,1.33095567817883,0.836906170476902,2.11044955248469
"Acinetobacter",2005.09845385891,1.31803076989832,0.826151119509482,2.09657801723097
"Acinetobacter",2005.2652808108,1.30522971503835,0.815519853871376,2.08282922690564
"Acinetobacter",2005.4321077627,1.2925513588698,0.805011425283472,2.06920132572689
"Acinetobacter",2005.59893471459,1.27999455680855,0.794624875231635,2.05569250145659
"Acinetobacter",2005.76576166649,1.26755817433852,0.784359235784594,2.04230098420878
"Acinetobacter",2005.93258861839,1.25524108693499,0.774213530385286,2.02902504528792
"Acinetobacter",2006.09941557028,1.24304217998818,0.764186774615858,2.01586299605651
"Acinetobacter",2006.26624252218,1.23096034872739,0.754277976936913,2.00281318683191
"Acinetobacter",2006.43306947407,1.21899449814531,0.744486139401108,1.98987400581182
"Acinetobacter",2006.59989642597,1.20714354292272,0.734810258341707,1.97704387802806
"Acinetobacter",2006.76672337787,1.19540640735359,0.725249325036469,1.9643212643282
"Acinetobacter",2006.93355032976,1.18378202527055,0.715802326347341,1.95170466038463
"Acinetobacter",2007.10037728166,1.17226933997065,0.706468245336423,1.93919259573047
"Acinetobacter",2007.26720423355,1.16086730414158,0.697246061858726,1.92678363282201
"Acinetobacter",2007.43403118545,1.14957487978821,0.68813475313221,1.91447636612691
"Acinetobacter",2007.60085813735,1.13839103815947,0.679133294285628,1.9022694212379
"Acinetobacter",2007.76768508924,1.12731475967573,0.670240658884708,1.89016145401124
"Acinetobacter",2007.93451204114,1.1163450338564,0.661455819437198,1.87815114972955
"Acinetobacter",2008.10133899303,1.10548085924803,0.65277774787731,1.8662372222884
"Acinetobacter",2008.26816594493,1.09472124335276,0.64420541603012,1.85441841340606
"Acinetobacter",2008.43499289682,1.08406520255708,0.635737796056377,1.84269349185595
"Acinetobacter",2008.60181984872,1.07351176206113,0.627373860878451,1.8310612527213
"Acinetobacter",2008.76864680062,1.06305995580828,0.6191125845877,1.8195205166713
"Acinetobacter",2008.93547375251,1.05270882641506,0.610952942833986,1.80807012925826
"Acinetobacter",2009.10230070441,1.04245742510165,0.602893913197769,1.7967089602354
"Acinetobacter",2009.2691276563,1.03230481162256,0.594934475545332,1.78543590289449
"Acinetobacter",2009.4359546082,1.02225005419788,0.58707361236764,1.77424987342303
"Pseudomonas",1982.91046925675,0.983655502800125,0.59215884530391,1.62974069985284
"Pseudomonas",1983.07729620865,0.976730452818314,0.58940528208096,1.61445109846604
"Pseudomonas",1983.24412316054,0.96985367846808,0.586645291217583,1.59935429767308
"Pseudomonas",1983.41095011244,0.963024849913519,0.583878808314075,1.58444834726739
"Pseudomonas",1983.57777706433,0.956243639478218,0.581105772414882,1.56973131447197
"Pseudomonas",1983.74460401623,0.949509721632446,0.578326126195937,1.5552012835652
"Pseudomonas",1983.91143096813,0.942822772980401,0.575539816155461,1.54085635550395
"Pseudomonas",1984.07825792002,0.93618247224751,0.572746792807957,1.52669464754468
"Pseudomonas",1984.24508487192,0.929588500267803,0.569947010881124,1.51271429286237
"Pseudomonas",1984.41191182381,0.923040539971289,0.567140429515341,1.49891344016798
"Pseudomonas",1984.57873877571,0.916538276371488,0.564327012465435,1.48529025332471
"Pseudomonas",1984.7455657276,0.910081396552923,0.561506728304276,1.47184291096328
"Pseudomonas",1984.9123926795,0.90366958965872,0.558679550627851,1.45856960609683
"Pseudomonas",1985.0792196314,0.897302546878249,0.55584545826135,1.44546854573589
"Pseudomonas",1985.24604658329,0.89097996143483,0.553004435465806,1.43253795050376
"Pseudomonas",1985.41287353519,0.884701528573491,0.550156472144774,1.41977605425295
"Pseudomonas",1985.57970048708,0.878466945548783,0.547301564050535,1.40718110368319
"Pseudomonas",1985.74652743898,0.872275911612654,0.544439712989243,1.39475135796151
"Pseudomonas",1985.91335439088,0.866128128002378,0.541570927024443,1.38248508834506
"Pseudomonas",1986.08018134277,0.860023297928544,0.538695220678335,1.37038057780732
"Pseudomonas",1986.24700829467,0.853961126563099,0.535812615130124,1.35843612066821
"Pseudomonas",1986.41383524656,0.847941321027447,0.532923138410814,1.34665002222899
"Pseudomonas",1986.58066219846,0.84196359038062,0.530026825593728,1.33502059841248
"Pseudomonas",1986.74748915036,0.836027645607455,0.527123718980035,1.32354617540931
"Pseudomonas",1986.91431610225,0.830133199606917,0.524213868278597,1.31222508933119
"Pseudomonas",1987.08114305415,0.824279967180394,0.521297330779315,1.30105568587161
"Pseudomonas",1987.24797000604,0.818467665020091,0.518374171519268,1.29003631997493
"Pseudomonas",1987.41479695794,0.81269601169747,0.515444463440842,1.27916535551467
"Pseudomonas",1987.58162390984,0.806964727651749,0.512508287541098,1.26844116498163
"Pseudomonas",1987.74845086173,0.801273535178458,0.509565733011564,1.2578621291828
"Pseudomonas",1987.91527781363,0.795622158418048,0.506616897367708,1.24742663695167
"Pseudomonas",1988.08210476552,0.79001032334456,0.503661886567294,1.23713308487083
"Pseudomonas",1988.24893171742,0.78443775775435,0.500700815116872,1.22697987700761
"Pseudomonas",1988.41575866932,0.778904191254866,0.497733806165664,1.21696542466345
"Pseudomonas",1988.58258562121,0.773409355253487,0.494760991586099,1.20708814613779
"Pseudomonas",1988.74941257311,0.767952982946415,0.491782512040319,1.1973464665071
"Pseudomonas",1988.916239525,0.762534809307622,0.488798517031982,1.18773881741988
"Pseudomonas",1989.0830664769,0.757154571077865,0.485809164942725,1.17826363690803
"Pseudomonas",1989.24989342879,0.751812006753713,0.482814623052673,1.16891936921533
"Pseudomonas",1989.41672038069,0.746506856576707,0.479815067544517,1.15970446464373
"Pseudomonas",1989.58354733259,0.741238862522505,0.476810683490571,1.15061737941749
"Pseudomonas",1989.75037428448,0.736007768290115,0.47380166482243,1.14165657556611
"Pseudomonas",1989.91720123638,0.730813319291177,0.470788214282828,1.13282052082614
"Pseudomonas",1990.08402818827,0.725655262639298,0.467770543359368,1.12410768856227
"Pseudomonas",1990.25085514017,0.720533347139451,0.464748872199899,1.1155165577079
"Pseudomonas",1990.41768209207,0.715447323277415,0.461723429509316,1.10704561272554
"Pseudomonas",1990.58450904396,0.710396943209286,0.458694452427727,1.09869334358685
"Pseudomonas",1990.75133599586,0.705381960751026,0.45566218638992,1.09045824577263
"Pseudomonas",1990.91816294775,0.700402131368083,0.452626884966191,1.08233882029259
"Pseudomonas",1991.08498989965,0.69545721216505,0.449588809684671,1.0743335737247
"Pseudomonas",1991.25181685155,0.690546961875396,0.446548229835344,1.06644101827403
"Pseudomonas",1991.41864380344,0.685671140851237,0.443505422256078,1.05865967185078
"Pseudomonas",1991.58547075534,0.680829511053147,0.440460671100985,1.05098805816691
"Pseudomonas",1991.75229770723,0.67602183604008,0.43741426759166,1.04342470685131
"Pseudomonas",1991.91912465913,0.671247880959277,0.434366509751727,1.03596815358257
"Pseudomonas",1992.08595161103,0.66650741253627,0.431317702125375,1.02861694023894
"Pseudomonas",1992.25277856292,0.661800199064921,0.428268155480543,1.02136961506482
"Pseudomonas",1992.41960551482,0.657126010397524,0.425218186497517,1.01422473285287
"Pseudomonas",1992.58643246671,0.652484617934958,0.422168117443752,1.0071808551411
"Pseudomonas",1992.75325941861,0.647875794616886,0.419118275835831,1.00023655042382
"Pseudomonas",1992.9200863705,0.643299314912018,0.416068994089475,0.99339039437576
"Pseudomonas",1993.0869133224,0.638754954808419,0.413020609158632,0.98664097008811
"Pseudomonas",1993.2537402743,0.634242491803875,0.409973462164666,0.979986868315626
"Pseudomonas",1993.42056722619,0.629761704896306,0.40692789801676,0.97342668773358
"Pseudomonas",1993.58739417809,0.625312374574234,0.403884265024624,0.966959035203487
"Pseudomonas",1993.75422112998,0.620894282807314,0.400842914504687,0.96058252604646
"Pseudomonas",1993.92104808188,0.616507213036877,0.397804200380915,0.954295784322933
"Pseudomonas",1994.08787503378,0.612150950166594,0.394768478781491,0.948097443117735
"Pseudomonas",1994.25470198567,0.607825280553127,0.391736107632482,0.941986144829095
"Pseudomonas",1994.42152893757,0.603529991996864,0.388707446249754,0.93596054146055
"Pseudomonas",1994.58835588946,0.599264873732693,0.385682854930278,0.930019294914472
"Pseudomonas",1994.75518284136,0.595029716420842,0.382662694544041,0.924161077286064
"Pseudomonas",1994.92200979326,0.590824312137751,0.37964732612769,0.918384571156651
"Pseudomonas",1995.08883674515,0.586648454367009,0.376637110481066,0.912688469885127
"Pseudomonas",1995.25566369705,0.582501937990337,0.37363240776772,0.907071477896442
"Pseudomonas",1995.42249064894,0.57838455927862,0.370633577120486,0.90153231096607
"Pseudomonas",1995.58931760084,0.574296115882992,0.367640976253133,0.896069696499407
"Pseudomonas",1995.75614455274,0.57023640682597,0.364654961079079,0.890682373805124
"Pseudomonas",1995.92297150463,0.566205232492637,0.361675885338105,0.885369094361534
"Pseudomonas",1996.08979845653,0.562202394621879,0.35870410023194,0.880128622075079
"Pseudomonas",1996.25662540842,0.558227696297671,0.355739954069542,0.874959733530132
"Pseudomonas",1996.42345236032,0.554280941940387,0.35278379192283,0.869861218229289
"Pseudomonas",1996.59027931221,0.550361937298221,0.349835955293609,0.864831878823548
"Pseudomonas",1996.75710626411,0.546470489438591,0.346896781792258,0.859870531331606
"Pseudomonas",1996.92393321601,0.542606406739628,0.343966604828817,0.854976005347765
"Pseudomonas",1997.0907601679,0.538769498881702,0.341045753316959,0.85014714423793
"Pseudomonas",1997.2575871198,0.534959576839004,0.338134551391283,0.845382805323217
"Pseudomonas",1997.42441407169,0.531176452871167,0.335233318138337,0.840681860050804
"Pseudomonas",1997.59124102359,0.527419940514946,0.332342367341655,0.836043194151696
"Pseudomonas",1997.75806797549,0.523689854575934,0.329462007241093,0.831465707785148
"Pseudomonas",1997.92489492738,0.519986011120336,0.326592540306628,0.826948315669535
"Pseudomonas",1998.09172187928,0.516308227466787,0.323734263026773,0.822489947199548
"Pseudomonas",1998.25854883117,0.512656322178214,0.320887465711677,0.818089546549617
"Pseudomonas",1998.42537578307,0.50903011505375,0.318052432310924,0.813746072763551
"Pseudomonas",1998.59220273497,0.505429427120698,0.315229440246004,0.809458499830408
"Pseudomonas",1998.75902968686,0.501854080626518,0.312418760257356,0.805225816746668
"Pseudomonas",1998.92585663876,0.498303899030907,0.309620656265897,0.801047027564883
"Pseudomonas",1999.09268359065,0.494778706997881,0.306835385248798,0.796921151428886
"Pseudomonas",1999.25951054255,0.491278330387926,0.304063197129331,0.79284722259585
"Pseudomonas",1999.42633749445,0.487802596250187,0.301304334680534,0.788824290445395
"Pseudomonas",1999.59316444634,0.484351332814704,0.298559033442378,0.784851419476052
"Pseudomonas",1999.75999139824,0.480924369484702,0.295827521652144,0.780927689289384
"Pseudomonas",1999.92681835013,0.477521536828912,0.293110020187635,0.777052194562122
"Pseudomonas",2000.09364530203,0.474142666573949,0.290406742522871,0.773224045006659
"Pseudomonas",2000.26047225392,0.470787591596729,0.287717894695851,0.769442365320325
"Pseudomonas",2000.42729920582,0.467456145916937,0.285043675287979,0.76570629512382
"Pseudomonas",2000.59412615772,0.464148164689527,0.282384275414717,0.762014988889262
"Pseudomonas",2000.76095310961,0.460863484197286,0.279739878727013,0.758367615858257
"Pseudomonas",2000.92778006151,0.457601941843421,0.277110661423063,0.754763359950466
"Pseudomonas",2001.0946070134,0.454363376144213,0.274496792269932,0.751201419663123
"Pseudomonas",2001.2614339653,0.45114762672168,0.271898432634552,0.74768100796193
"Pseudomonas",2001.4282609172,0.447954534296334,0.269315736523668,0.744201352163881
"Pseudomonas",2001.59508786909,0.444783940679936,0.266748850632195,0.740761693812383
"Pseudomonas",2001.76191482099,0.441635688768317,0.264197914399567,0.737361288545202
"Pseudomonas",2001.92874177288,0.438509622534236,0.26166306007357,0.733999405955689
"Pseudomonas",2002.09556872478,0.435405587020281,0.259144412781219,0.730675329447737
"Pseudomonas",2002.26239567668,0.432323428331817,0.2566420906062,0.72738835608492
"Pseudomonas",2002.42922262857,0.429262993629971,0.25415620467243,0.724137796434283
"Pseudomonas",2002.59604958047,0.426224131124662,0.251686859233292,0.72092297440519
"Pseudomonas",2002.76287653236,0.42320669006767,0.24923415176611,0.717743227083687
"Pseudomonas",2002.92970348426,0.420210520745757,0.246798173071431,0.714597904562777
"Pseudomonas",2003.09653043616,0.417235474473814,0.244379007376716,0.711486369769035
"Pseudomonas",2003.26335738805,0.414281403588063,0.241976732444023,0.708407998285931
"Pseudomonas",2003.43018433995,0.411348161439298,0.239591419681311,0.705362178174266
"Pseudomonas",2003.59701129184,0.408435602386149,0.237223134256961,0.702348309790067
"Pseudomonas",2003.76383824374,0.405543581788423,0.234871935217208,0.699365805600341
"Pseudomonas",2003.93066519563,0.402671956000455,0.232537875606072,0.696414089996952
"Pseudomonas",2004.09749214753,0.399820582364509,0.230221002587498,0.693492599109024
"Pseudomonas",2004.26431909943,0.396989319204222,0.22792135756938,0.690600780614133
"Pseudomonas",2004.43114605132,0.394178025818085,0.225638976329151,0.687738093548603
"Pseudomonas",2004.59797300322,0.391386562472967,0.223373889140671,0.684904008117196
"Pseudomonas",2004.76479995511,0.388614790397674,0.221126120902121,0.682098005502441
"Pseudomonas",2004.93162690701,0.385862571776554,0.21889569126465,0.679319577673881
"Pseudomonas",2005.09845385891,0.383129769743136,0.216682614761534,0.676568227197463
"Pseudomonas",2005.2652808108,0.380416248373809,0.214486900937598,0.673843467045304
"Pseudomonas",2005.4321077627,0.377721872681544,0.212308554478706,0.671144820406043
"Pseudomonas",2005.59893471459,0.375046508609649,0.210147575341094,0.668471820495974
"Pseudomonas",2005.76576166649,0.372390023025565,0.20800395888036,0.665824010371164
"Pseudomonas",2005.93258861839,0.369752283714708,0.205877695979943,0.663200942740701
"Pseudomonas",2006.09941557028,0.367133159374325,0.203768773178883,0.660602179781252
"Pseudomonas",2006.26624252218,0.364532519607427,0.201677172798786,0.658027292953101
"Pseudomonas",2006.43306947407,0.361950234916723,0.199602873069749,0.655475862817756
"Pseudomonas",2006.59989642597,0.35938617669861,0.197545848255195,0.652947478857285
"Pseudomonas",2006.76672337787,0.356840217237198,0.195506068775453,0.650441739295501
"Pseudomonas",2006.93355032976,0.354312229698372,0.193483501329978,0.647958250921089
"Pseudomonas",2007.10037728166,0.351802088123886,0.191478109018122,0.645496628912771
"Pseudomonas",2007.26720423355,0.349309667425501,0.189489851458339,0.64305649666661
"Pseudomonas",2007.43403118545,0.346834843379159,0.187518684905768,0.64063748562552
"Pseudomonas",2007.60085813735,0.344377492619186,0.185564562368094,0.638239235111055
"Pseudomonas",2007.76768508924,0.341937492632538,0.18362743371963,0.635861392157538
"Pseudomonas",2007.93451204114,0.339514721753086,0.181707245813563,0.633503611348597
"Pseudomonas",2008.10133899303,0.337109059155924,0.179803942592303,0.631165554656129
"Pseudomonas",2008.26816594493,0.334720384851734,0.177917465195901,0.628846891281769
"Pseudomonas",2008.43499289682,0.332348579681151,0.176047752068467,0.626547297500844
"Pseudomonas",2008.60181984872,0.329993525309214,0.174194739062614,0.624266456508923
"Pseudomonas",2008.76864680062,0.327655104219805,0.172358359541826,0.622004058270894
"Pseudomonas",2008.93547375251,0.325333199710149,0.170538544480781,0.619759799372645
"Pseudomonas",2009.10230070441,0.323027695885338,0.168735222563599,0.617533382875341
"Pseudomonas",2009.2691276563,0.320738477652899,0.166948320279989,0.615324518172308
"Pseudomonas",2009.4359546082,0.318465430717384,0.1651777620193,0.613132920848525
"Stenotrophomonas",1982.91046925675,0.997365808580386,0.457112425550637,2.16226563651154
"Stenotrophomonas",1983.07729620865,0.994395057182822,0.457023609791574,2.14996466919154
"Stenotrophomonas",1983.24412316054,0.991433065845764,0.456921100594075,2.13779521488979
"Stenotrophomonas",1983.41095011244,0.988479809264947,0.456804759657049,2.12575653712836
"Stenotrophomonas",1983.57777706433,0.985535262206067,0.456674449594045,2.11384790501855
"Stenotrophomonas",1983.74460401623,0.982599399504601,0.456530034027256,2.10206859312807
"Stenotrophomonas",1983.91143096813,0.979672196065637,0.456371377683804,2.09041788134601
"Stenotrophomonas",1984.07825792002,0.976753626863694,0.456198346494276,2.07889505474566
"Stenotrophomonas",1984.24508487192,0.973843666942558,0.45601080769346,2.06749940344524
"Stenotrophomonas",1984.41191182381,0.97094229141509,0.455808629923223,2.05623022246652
"Stenotrophomonas",1984.57873877571,0.968049475463077,0.4555916833375,2.04508681159148
"Stenotrophomonas",1984.7455657276,0.965165194337045,0.455359839709294,2.03406847521708
"Stenotrophomonas",1984.9123926795,0.962289423356089,0.455112972539644,2.02317452220803
"Stenotrophomonas",1985.0792196314,0.959422137907699,0.454850957168474,2.01240426574794
"Stenotrophomonas",1985.24604658329,0.956563313447594,0.454573670887234,2.00175702318866
"Stenotrophomonas",1985.41287353519,0.953712925499544,0.454280993053241,1.99123211589815
"Stenotrophomonas",1985.57970048708,0.950870949655205,0.453972805205627,1.98082886910671
"Stenotrophomonas",1985.74652743898,0.948037361573943,0.453648991182773,1.97054661175193
"Stenotrophomonas",1985.91335439088,0.945212136982667,0.453309437241117,1.96038467632236
"Stenotrophomonas",1986.08018134277,0.942395251675656,0.452954032175227,1.95034239870006
"Stenotrophomonas",1986.24700829467,0.939586681514393,0.452582667438974,1.94041911800206
"Stenotrophomonas",1986.41383524656,0.936786402427393,0.452195237267701,1.93061417642109
"Stenotrophomonas",1986.58066219846,0.933994390410035,0.451791638801211,1.92092691906552
"Stenotrophomonas",1986.74748915036,0.931210621524386,0.451371772207434,1.9113566937987
"Stenotrophomonas",1986.91431610225,0.928435071899047,0.450935540806609,1.90190285107811
"Stenotrophomonas",1987.08114305415,0.925667717728973,0.4504828511958,1.89256474379406
"Stenotrophomonas",1987.24797000604,0.922908535275309,0.450013613373572,1.8833417271085
"Stenotrophomonas",1987.41479695794,0.920157500865225,0.449527740864646,1.87423315829398
"Stenotrophomonas",1987.58162390984,0.91741459089174,0.449025150844331,1.86523839657288
"Stenotrophomonas",1987.74845086173,0.914679781813567,0.448505764262536,1.85635680295731
"Stenotrophomonas",1987.91527781363,0.911953050154939,0.44796950596716,1.84758774008967
"Stenotrophomonas",1988.08210476552,0.909234372505441,0.447416304826641,1.83893057208421
"Stenotrophomonas",1988.24893171742,0.906523725519853,0.446846093851444,1.83038466436986
"Stenotrophomonas",1988.41575866932,0.903821085917974,0.44625881031427,1.82194938353437
"Stenotrophomonas",1988.58258562121,0.901126430484464,0.445654395868759,1.81362409717016
"Stenotrophomonas",1988.74941257311,0.898439736068675,0.445032796666444,1.80540817372208
"Stenotrophomonas",1988.916239525,0.89576097958449,0.444393963471724,1.79730098233722
"Stenotrophomonas",1989.0830664769,0.893090138010156,0.443737851774625,1.78930189271718
"Stenotrophomonas",1989.24989342879,0.890427188388117,0.443064421901089,1.78141027497279
"Stenotrophomonas",1989.41672038069,0.887772107824858,0.442373639120562,1.77362549948194
"Stenotrophomonas",1989.58354733259,0.885124873490736,0.441665473750627,1.76594693675023
"Stenotrophomonas",1989.75037428448,0.88248546261982,0.440939901258442,1.75837395727515
"Stenotrophomonas",1989.91720123638,0.879853852509727,0.440196902358727,1.75090593141379
"Stenotrophomonas",1990.08402818827,0.877230020521455,0.439436463108068,1.74354222925442
"Stenotrophomonas",1990.25085514017,0.874613944079232,0.438658574995295,1.73628222049209
"Stenotrophomonas",1990.41768209207,0.872005600670343,0.437863235027677,1.7291252743086
"Stenotrophomonas",1990.58450904396,0.869404967844977,0.437050445812718,1.72207075925707
"Stenotrophomonas",1990.75133599586,0.866812023216058,0.436220215635317,1.71511804315119
"Stenotrophomonas",1990.91816294775,0.864226744459091,0.435372558530061,1.7082664929596
"Stenotrophomonas",1991.08498989965,0.861649109312,0.434507494348434,1.70151547470544
"Stenotrophomonas",1991.25181685155,0.859079095574965,0.43362504882073,1.69486435337138
"Stenotrophomonas",1991.41864380344,0.856516681110268,0.432725253612466,1.68831249281032
"Stenotrophomonas",1991.58547075534,0.853961843842121,0.431808146375101,1.68185925566186
"Stenotrophomonas",1991.75229770723,0.851414561756524,0.430873770790866,1.67550400327496
"Stenotrophomonas",1991.91912465913,0.848874812901093,0.429922176611548,1.66924609563668
"Stenotrophomonas",1992.08595161103,0.846342575384912,0.428953419691044,1.66308489130737
"Stenotrophomonas",1992.25277856292,0.843817827378362,0.427967562011547,1.65701974736234
"Stenotrophomonas",1992.41960551482,0.841300547112976,0.426964671703215,1.65105001934027
"Stenotrophomonas",1992.58643246671,0.83879071288127,0.42594482305722,1.64517506119836
"Stenotrophomonas",1992.75325941861,0.836288303036598,0.424908096532031,1.63939422527438
"Stenotrophomonas",1992.9200863705,0.833793295992983,0.423854578752872,1.6337068622558
"Stenotrophomonas",1993.0869133224,0.831305670224971,0.42278436250425,1.62811232115589
"Stenotrophomonas",1993.2537402743,0.828825404267464,0.421697546715493,1.62260994929706
"Stenotrophomonas",1993.42056722619,0.826352476715574,0.420594236439272,1.61719909230135
"Stenotrophomonas",1993.58739417809,0.823886866224463,0.419474542823038,1.61187909408818
"Stenotrophomonas",1993.75422112998,0.82142855150919,0.418338583073396,1.60664929687926
"Stenotrophomonas",1993.92104808188,0.818977511344545,0.417186480413394,1.60150904121084
"Stenotrophomonas",1994.08787503378,0.816533724564913,0.416018364032772,1.59645766595312
"Stenotrophomonas",1994.25470198567,0.814097170064106,0.414834369031182,1.59149450833684
"Stenotrophomonas",1994.42152893757,0.811667826795214,0.413634636354464,1.586618903987
"Stenotrophomonas",1994.58835588946,0.809245673770451,0.412419312724023,1.58183018696361
"Stenotrophomonas",1994.75518284136,0.806830690061,0.411188550559427,1.57712768980943
"Stenotrophomonas",1994.92200979326,0.80442285479686,0.409942507894312,1.5725107436045
"Stenotrophomonas",1995.08883674515,0.802022147166697,0.408681348285732,1.56797867802749
"Stenotrophomonas",1995.25566369705,0.799628546417688,0.407405240717089,1.56353082142351
"Stenotrophomonas",1995.42249064894,0.797242031855368,0.406114359494805,1.5591665008784
"Stenotrophomonas",1995.58931760084,0.794862582843483,0.404808884138909,1.55488504229934
"Stenotrophomonas",1995.75614455274,0.792490178803833,0.403488999267719,1.55068577050134
"Stenotrophomonas",1995.92297150463,0.790124799216124,0.402154894476846,1.54656800929982
"Stenotrophomonas",1996.08979845653,0.787766423617819,0.400806764212696,1.5425310816086
"Stenotrophomonas",1996.25662540842,0.785415031603986,0.399444807640745,1.53857430954349
"Stenotrophomonas",1996.42345236032,0.783070602827138,0.398069228508782,1.53469701453091
"Stenotrophomonas",1996.59027931221,0.780733116997104,0.39668023500542,1.53089851742155
"Stenotrophomonas",1996.75710626411,0.77840255388086,0.395278039614097,1.52717813860859
"Stenotrophomonas",1996.92393321601,0.776078893302391,0.393862858962859,1.52353519815036
"Stenotrophomonas",1997.0907601679,0.773762115142539,0.392434913670201,1.51996901589704
"Stenotrophomonas",1997.2575871198,0.771452199338853,0.390994428187255,1.5164789116213
"Stenotrophomonas",1997.42441407169,0.76914912588544,0.389541630636615,1.51306420515232
"Stenotrophomonas",1997.59124102359,0.766852874832822,0.388076752648103,1.50972421651309
"Stenotrophomonas",1997.75806797549,0.764563426287783,0.386600029191776,1.50645826606068
"Stenotrophomonas",1997.92489492738,0.762280760413226,0.385111698408476,1.50326567462905
"Stenotrophomonas",1998.09172187928,0.760004857428021,0.383612001438245,1.50014576367419
"Stenotrophomonas",1998.25854883117,0.757735697606864,0.382101182246899,1.49709785542124
"Stenotrophomonas",1998.42537578307,0.755473261280127,0.380579487451083,1.49412127301334
"Stenotrophomonas",1998.59220273497,0.753217528833716,0.379047166142113,1.4912153406618
"Stenotrophomonas",1998.75902968686,0.750968480708913,0.377504469708892,1.48837938379735
"Stenotrophomonas",1998.92585663876,0.748726097402249,0.375951651660252,1.48561272922218
"Stenotrophomonas",1999.09268359065,0.746490359465345,0.374388967446967,1.4829147052624
"Stenotrophomonas",1999.25951054255,0.744261247504775,0.372816674283771,1.48028464192071
"Stenotrophomonas",1999.42633749445,0.742038742181916,0.371235030971654,1.47772187102892
"Stenotrophomonas",1999.59316444634,0.739822824212808,0.369644297720721,1.47522572640004
"Stenotrophomonas",1999.75999139824,0.737613474368006,0.368044735973906,1.47279554397971
"Stenotrophomonas",1999.92681835013,0.735410673472441,0.366436608231784,1.47043066199672
"Stenotrophomonas",2000.09364530203,0.733214402405275,0.364820177878767,1.46813042111217
"Stenotrophomonas",2000.26047225392,0.731024642099755,0.363195709010922,1.46589416456735
"Stenotrophomonas",2000.42729920582,0.728841373543077,0.361563466265655,1.46372123832972
"Stenotrophomonas",2000.59412615772,0.726664577776237,0.359923714653499,1.46161099123711
"Stenotrophomonas",2000.76095310961,0.724494235893893,0.358276719392223,1.4595627751396
"Stenotrophomonas",2000.92778006151,0.722330329044223,0.356622745743475,1.45757594503914
"Stenotrophomonas",2001.0946070134,0.720172838428785,0.354962058852158,1.45564985922654
"Stenotrophomonas",2001.2614339653,0.718021745302366,0.353294923588725,1.45378387941566
"Stenotrophomonas",2001.4282609172,0.715877030972857,0.351621604394591,1.45197737087471
"Stenotrophomonas",2001.59508786909,0.713738676801103,0.349942365130784,1.45022970255438
"Stenotrophomonas",2001.76191482099,0.711606664200763,0.348257468930042,1.44854024721277
"Stenotrophomonas",2001.92874177288,0.709480974638174,0.34656717805245,1.44690838153683
"Stenotrophomonas",2002.09556872478,0.707361589632211,0.344871753744782,1.4453334862603
"Stenotrophomonas",2002.26239567668,0.70524849075414,0.343171456103645,1.44381494627803
"Stenotrophomonas",2002.42922262857,0.703141659627493,0.341466543942542,1.44235215075641
"Stenotrophomonas",2002.59604958047,0.701041077927917,0.33975727466294,1.4409444932401
"Stenotrophomonas",2002.76287653236,0.698946727383043,0.338043904129436,1.43959137175467
"Stenotrophomonas",2002.92970348426,0.696858589772345,0.336326686549089,1.43829218890533
"Stenotrophomonas",2003.09653043616,0.694776646927003,0.33460587435497,1.4370463519715
"Stenotrophomonas",2003.26335738805,0.692700880729767,0.332881718093994,1.43585327299731
"Stenotrophomonas",2003.43018433995,0.69063127311482,0.331154466319069,1.43471236887788
"Stenotrophomonas",2003.59701129184,0.688567806067632,0.329424365485571,1.43362306144145
"Stenotrophomonas",2003.76383824374,0.686510461624843,0.327691659852215,1.43258477752725
"Stenotrophomonas",2003.93066519563,0.684459221874109,0.325956591386271,1.43159694905916
"Stenotrophomonas",2004.09749214753,0.682414068953974,0.32421939967316,1.43065901311515
"Stenotrophomonas",2004.26431909943,0.680374985053735,0.322480321830426,1.42977041199245
"Stenotrophomonas",2004.43114605132,0.678341952413305,0.320739592426047,1.42893059326858
"Stenotrophomonas",2004.59797300322,0.676314953323076,0.318997443401075,1.42813900985811
"Stenotrophomonas",2004.76479995511,0.67429397012379,0.317254103996568,1.42739512006539
"Stenotrophomonas",2004.93162690701,0.672278985206399,0.315509800684777,1.42669838763302
"Stenotrophomonas",2005.09845385891,0.670269981011935,0.313764757104541,1.42604828178634
"Stenotrophomonas",2005.2652808108,0.668266940031376,0.312019194000839,1.42544427727394
"Stenotrophomonas",2005.4321077627,0.666269844805509,0.310273329168439,1.42488585440406
"Stenotrophomonas",2005.59893471459,0.664278677924802,0.308527377399583,1.42437249907727
"Stenotrophomonas",2005.76576166649,0.662293422029267,0.30678155043564,1.42390370281517
"Stenotrophomonas",2005.93258861839,0.660314059808334,0.30503605692266,1.42347896278544
"Stenotrophomonas",2006.09941557028,0.658340574000705,0.303291102370722,1.42309778182315
"Stenotrophomonas",2006.26624252218,0.65637294739424,0.301546889117056,1.42275966844845
"Stenotrophomonas",2006.43306947407,0.654411162825815,0.299803616292786,1.42246413688081
"Stenotrophomonas",2006.59989642597,0.652455203181191,0.298061479793251,1.42221070704979
"Stenotrophomonas",2006.76672337787,0.650505051394886,0.296320672251805,1.42199890460243
"Stenotrophomonas",2006.93355032976,0.648560690450042,0.294581383016993,1.42182826090745
"Stenotrophomonas",2007.10037728166,0.6466221033783,0.292843798133021,1.42169831305625
"Stenotrophomonas",2007.26720423355,0.644689273259658,0.291108100323418,1.42160860386089
"Stenotrophomonas",2007.43403118545,0.642762183222357,0.289374468977799,1.42155868184904
"Stenotrophomonas",2007.60085813735,0.64084081644274,0.287643080141618,1.42154810125612
"Stenotrophomonas",2007.76768508924,0.638925156145126,0.285914106508828,1.42157642201463
"Stenotrophomonas",2007.93451204114,0.637015185601682,0.284187717417338,1.42164320974083
"Stenotrophomonas",2008.10133899303,0.635110888132297,0.282464078847171,1.42174803571885
"Stenotrophomonas",2008.26816594493,0.63321224710445,0.280743353421229,1.42189047688228
"Stenotrophomonas",2008.43499289682,0.631319245933076,0.279025700408536,1.42207011579346
"Stenotrophomonas",2008.60181984872,0.629431868080454,0.277311275729924,1.42228654062042
"Stenotrophomonas",2008.76864680062,0.627550097056069,0.275600231965986,1.4225393451117
"Stenotrophomonas",2008.93547375251,0.625673916416485,0.273892718367252,1.42282812856901
"Stenotrophomonas",2009.10230070441,0.623803309765221,0.272188880866475,1.42315249581801
"Stenotrophomonas",2009.2691276563,0.621938260752623,0.270488862092931,1.42351205717713
"Stenotrophomonas",2009.4359546082,0.620078753075741,0.268792801388633,1.42390642842454
"Curtobacterium",1982.91046925675,0.141240068051075,0.0614085462693779,0.324516108600302
"Curtobacterium",1983.07729620865,0.140776936086438,0.0613736382368335,0.32257815627481
"Curtobacterium",1983.24412316054,0.140315320616589,0.0613368600680117,0.32066159440384
"Curtobacterium",1983.41095011244,0.139855216689837,0.0612981966912913,0.31876627539939
"Curtobacterium",1983.57777706433,0.139396619370569,0.0612576332307896,0.316892052903626
"Curtobacterium",1983.74460401623,0.138939523739198,0.0612151550182358,0.315038781764862
"Curtobacterium",1983.91143096813,0.13848392489211,0.0611707476050391,0.313206318013453
"Curtobacterium",1984.07825792002,0.138029817941614,0.0611243967745432,0.311394518837585
"Curtobacterium",1984.24508487192,0.137577198015891,0.0610760885544595,0.309603242559006
"Curtobacterium",1984.41191182381,0.137126060258939,0.0610258092294665,0.30783234860866
"Curtobacterium",1984.57873877571,0.136676399830531,0.0609735453539699,0.306081697502294
"Curtobacterium",1984.7455657276,0.136228211906155,0.0609192837650075,0.304351150815982
"Curtobacterium",1984.9123926795,0.135781491676969,0.0608630115952912,0.302640571161628
"Curtobacterium",1985.0792196314,0.135336234349751,0.0608047162863711,0.300949822162433
"Curtobacterium",1985.24604658329,0.134892435146844,0.06074438560191,0.299278768428349
"Curtobacterium",1985.41287353519,0.134450089306111,0.0606820076410534,0.297627275531533
"Curtobacterium",1985.57970048708,0.134009192080883,0.060617570851882,0.295995209981803
"Curtobacterium",1985.74652743898,0.133569738739909,0.0605510640449291,0.294382439202131
"Curtobacterium",1985.91335439088,0.133131724567309,0.0604824764067485,0.292788831504171
"Curtobacterium",1986.08018134277,0.132695144862519,0.0604117975135156,0.291214256063843
"Curtobacterium",1986.24700829467,0.132259994940249,0.0603390173446438,0.289658582896998
"Curtobacterium",1986.41383524656,0.131826270130428,0.0602641262963983,0.288121682835168
"Curtobacterium",1986.58066219846,0.13139396577816,0.0601871151954892,0.286603427501431
"Curtobacterium",1986.74748915036,0.13096307724367,0.0601079753126221,0.285103689286397
"Curtobacterium",1986.91431610225,0.130533599902259,0.0600266983759886,0.283622341324355
"Curtobacterium",1987.08114305415,0.130105529144256,0.0599432765846746,0.28215925746958
"Curtobacterium",1987.24797000604,0.129678860374965,0.0598577026219649,0.280714312272827
"Curtobacterium",1987.41479695794,0.129253589014625,0.0597699696685226,0.279287380958042
"Curtobacterium",1987.58162390984,0.128829710498353,0.0596800714154211,0.2778783393993
"Curtobacterium",1987.74845086173,0.128407220276103,0.0595880020770061,0.276487064098002
"Curtobacterium",1987.91527781363,0.127986113812613,0.0594937564035624,0.275113432160345
"Curtobacterium",1988.08210476552,0.127566386587363,0.0593973296937657,0.27375732127509
"Curtobacterium",1988.24893171742,0.127148034094523,0.0592987178068911,0.272418609691663
"Curtobacterium",1988.41575866932,0.126731051842907,0.0591979171747579,0.271097176198587
"Curtobacterium",1988.58258562121,0.126315435355928,0.0590949248133842,0.269792900102298
"Curtobacterium",1988.74941257311,0.125901180171549,0.0589897383343275,0.268505661206349
"Curtobacterium",1988.916239525,0.125488281842234,0.0588823559556869,0.26723533979103
"Curtobacterium",1989.0830664769,0.125076735934909,0.0587727765127425,0.265981816593436
"Curtobacterium",1989.24989342879,0.124666538030905,0.0586609994682064,0.264744972787989
"Curtobacterium",1989.41672038069,0.124257683725921,0.058547024922064,0.263524689967469
"Curtobacterium",1989.58354733259,0.123850168629971,0.0584308536209773,0.262320850124534
"Curtobacterium",1989.75037428448,0.123443988367343,0.0583124869672307,0.261133335633793
"Curtobacterium",1989.91720123638,0.12303913857655,0.0581919270271921,0.259962029234432
"Curtobacterium",1990.08402818827,0.122635614910285,0.0580691765392704,0.258806814013416
"Curtobacterium",1990.25085514017,0.122233413035375,0.0579442389213428,0.257667573389303
"Curtobacterium",1990.41768209207,0.121832528632737,0.057817118277634,0.256544191096674
"Curtobacterium",1990.58450904396,0.12143295739733,0.0576878194050229,0.255436551171212
"Curtobacterium",1990.75133599586,0.121034695038113,0.0575563477987601,0.254344537935439
"Curtobacterium",1990.91816294775,0.120637737277997,0.0574227096575727,0.253268035985146
"Curtobacterium",1991.08498989965,0.120242079853803,0.0572869118881411,0.252206930176511
"Curtobacterium",1991.25181685155,0.119847718516214,0.0571489621089295,0.251161105613945
"Curtobacterium",1991.41864380344,0.119454649029733,0.0570088686533529,0.250130447638667
"Curtobacterium",1991.58547075534,0.119062867172636,0.0568666405722647,0.249114841818022
"Curtobacterium",1991.75229770723,0.118672368736931,0.0567222876357552,0.248114173935577
"Curtobacterium",1991.91912465913,0.11828314952831,0.0565758203342414,0.247128329981971
"Curtobacterium",1992.08595161103,0.117895205366108,0.0564272498788431,0.246157196146561
"Curtobacterium",1992.25277856292,0.117508532083259,0.0562765882010307,0.245200658809861
"Curtobacterium",1992.41960551482,0.117123125526248,0.0561238479515392,0.244258604536782
"Curtobacterium",1992.58643246671,0.116738981555073,0.0559690424985401,0.243330920070677
"Curtobacterium",1992.75325941861,0.116356096043197,0.0558121859250652,0.242417492328206
"Curtobacterium",1992.9200863705,0.115974464877509,0.0556532930256797,0.241518208395016
"Curtobacterium",1993.0869133224,0.115594083958275,0.0554923793024013,0.240632955522233
"Curtobacterium",1993.2537402743,0.115214949199101,0.0553294609598656,0.239761621123783
"Curtobacterium",1993.42056722619,0.114837056526886,0.0551645548997381,0.238904092774524
"Curtobacterium",1993.58739417809,0.114460401881779,0.0549976787143755,0.23806025820919
"Curtobacterium",1993.75422112998,0.11408498121714,0.0548288506797421,0.23723000532215
"Curtobacterium",1993.92104808188,0.113710790499493,0.0546580897475844,0.236413222167962
"Curtobacterium",1994.08787503378,0.113337825708486,0.054485415536877,0.23560979696273
"Curtobacterium",1994.25470198567,0.11296608283685,0.0543108483245427,0.234819618086236
"Curtobacterium",1994.42152893757,0.112595557890354,0.0541344090354637,0.234042574084846
"Curtobacterium",1994.58835588946,0.112226246887762,0.053956119231793,0.233278553675182
"Curtobacterium",1994.75518284136,0.111858145860796,0.053776001101582,0.232527445748524
"Curtobacterium",1994.92200979326,0.111491250854091,0.0535940774467414,0.23178913937596
"Curtobacterium",1995.08883674515,0.111125557925152,0.0534103716703487,0.23106352381422
"Curtobacterium",1995.25566369705,0.110761063144316,0.053224907763327,0.230350488512225
"Curtobacterium",1995.42249064894,0.110397762594709,0.0530377102905105,0.229649923118286
"Curtobacterium",1995.58931760084,0.110035652372203,0.0528488043761216,0.228961717487963
"Curtobacterium",1995.75614455274,0.109674728585378,0.0526582156886804,0.228285761692541
"Curtobacterium",1995.92297150463,0.109314987355478,0.0524659704253728,0.227621946028105
"Curtobacterium",1996.08979845653,0.108956424816374,0.0522720952959014,0.226970161025192
"Curtobacterium",1996.25662540842,0.10859903711452,0.0520766175058456,0.226330297458985
"Curtobacterium",1996.42345236032,0.108242820408911,0.0518795647395571,0.225702246360028
"Curtobacterium",1996.59027931221,0.107887770871048,0.0516809651426243,0.225085899025431
"Curtobacterium",1996.75710626411,0.107533884684893,0.051480847303926,0.224481147030533
"Curtobacterium",1996.92393321601,0.107181158046832,0.0512792402373124,0.223887882240998
"Curtobacterium",1997.0907601679,0.106829587165631,0.0510761733629386,0.223305996825306
"Curtobacterium",1997.2575871198,0.106479168262399,0.0508716764882833,0.222735383267618
"Curtobacterium",1997.42441407169,0.106129897570549,0.0506657797888845,0.222175934380969
"Curtobacterium",1997.59124102359,0.105781771335755,0.0504585137888221,0.221627543320775
"Curtobacterium",1997.75806797549,0.105434785815914,0.0502499093409812,0.221090103598604
"Curtobacterium",1997.92489492738,0.105088937281109,0.0500399976071259,0.220563509096191
"Curtobacterium",1998.09172187928,0.104744222013565,0.049828810037818,0.220047654079658
"Curtobacterium",1998.25854883117,0.104400636307614,0.0496163783522101,0.219542433213909
"Curtobacterium",1998.42537578307,0.104058176469652,0.0494027345177464,0.21904774157717
"Curtobacterium",1998.59220273497,0.103716838818105,0.0491879107298029,0.218563474675638
"Curtobacterium",1998.75902968686,0.103376619683384,0.048971939391295,0.218089528458206
"Curtobacterium",1998.92585663876,0.103037515407853,0.04875485309229,0.217625799331246
"Curtobacterium",1999.09268359065,0.102699522345785,0.0485366845896466,0.217172184173398
"Curtobacterium",1999.25951054255,0.102362636863325,0.0483174667867171,0.216728580350353
"Curtobacterium",1999.42633749445,0.102026855338455,0.0480972327131382,0.216294885729592
"Curtobacterium",1999.59316444634,0.10169217416095,0.0478760155047407,0.215870998695053
"Curtobacterium",1999.75999139824,0.101358589732346,0.0476538483836039,0.215456818161706
"Curtobacterium",1999.92681835013,0.101026098465895,0.0474307646382825,0.215052243589988
"Curtobacterium",2000.09364530203,0.100694696786535,0.0472067976042315,0.214657175000103
"Curtobacterium",2000.26047225392,0.100364381130846,0.0469819806444537,0.214271512986135
"Curtobacterium",2000.42729920582,0.100035147947016,0.0467563471303945,0.213895158729955
"Curtobacterium",2000.59412615772,0.099706993694802,0.0465299304231054,0.213528014014918
"Curtobacterium",2000.76095310961,0.0993799148454916,0.0463027638546993,0.2131699812393
"Curtobacterium",2000.92778006151,0.0990539078818684,0.0460748807101179,0.212820963429473
"Curtobacterium",2001.0946070134,0.0987289692981737,0.0458463142092304,0.212480864252791
"Curtobacterium",2001.2614339653,0.0984050956000677,0.0456170974892811,0.212149588030165
"Curtobacterium",2001.4282609172,0.0980822833045956,0.0453872635877066,0.21182703974833
"Curtobacterium",2001.59508786909,0.0977605289401488,0.045156845425334,0.211513125071745
"Curtobacterium",2001.76191482099,0.0974398290464288,0.0449258757899773,0.211207750354164
"Curtobacterium",2001.92874177288,0.0971201801744109,0.0446943873204473,0.210910822649819
"Curtobacterium",2002.09556872478,0.0968015788863071,0.0444624124909837,0.210622249724226
"Curtobacterium",2002.26239567668,0.0964840217555306,0.0442299835961238,0.210341940064603
"Curtobacterium",2002.42922262857,0.0961675053666587,0.0439971327360175,0.21006980288987
"Curtobacterium",2002.59604958047,0.0958520263153977,0.0437638918021957,0.209805748160245
"Curtobacterium",2002.76287653236,0.0955375812085461,0.0435302924638028,0.209549686586417
"Curtobacterium",2002.92970348426,0.095224166663959,0.0432963661542975,0.209301529638281
"Curtobacterium",2003.09653043616,0.0949117793105125,0.0430621440586293,0.209061189553251
"Curtobacterium",2003.26335738805,0.0946004157880682,0.042827657100895,0.208828579344115
"Curtobacterium",2003.43018433995,0.0942900727474374,0.0425929359324773,0.208603612806468
"Curtobacterium",2003.59701129184,0.0939807468503448,0.0423580109206697,0.208386204525671
"Curtobacterium",2003.76383824374,0.0936724347693952,0.0421229121377896,0.208176269883387
"Curtobacterium",2003.93066519563,0.0933651331880371,0.0418876693507782,0.20797372506365
"Curtobacterium",2004.09749214753,0.0930588388005276,0.041652312011288,0.207778487058488
"Curtobacterium",2004.26431909943,0.0927535483118977,0.0414168692462572,0.207590473673102
"Curtobacterium",2004.43114605132,0.0924492584379172,0.0411813698489685,0.207409603530589
"Curtobacterium",2004.59797300322,0.0921459659050605,0.0409458422705892,0.207235796076229
"Curtobacterium",2004.76479995511,0.0918436674504713,0.0407103146121894,0.20706897158132
"Curtobacterium",2004.93162690701,0.0915423598219286,0.0404748146172337,0.206909051146588
"Curtobacterium",2005.09845385891,0.091242039777812,0.0402393696645422,0.206755956705152
"Curtobacterium",2005.2652808108,0.0909427040870674,0.040004006761714,0.206609611025069
"Curtobacterium",2005.4321077627,0.0906443495291732,0.0397687525390079,0.206469937711453
"Curtobacterium",2005.59893471459,0.0903469728941059,0.039533633243673,0.206336861208181
"Curtobacterium",2005.76576166649,0.0900505709823058,0.0392986747347228,0.206210306799191
"Curtobacterium",2005.93258861839,0.0897551406046442,0.0390639024781436,0.206090200609377
"Curtobacterium",2006.09941557028,0.0894606785823879,0.0388293415425292,0.205976469605092
"Curtobacterium",2006.26624252218,0.0891671817471676,0.0385950165951366,0.205869041594265
"Curtobacterium",2006.43306947407,0.0888746469409428,0.0383609518983478,0.205767845226148
"Curtobacterium",2006.59989642597,0.0885830710159693,0.0381271713065336,0.205672809990686
"Curtobacterium",2006.76672337787,0.0882924508347654,0.0378936982633069,0.205583866217541
"Curtobacterium",2006.93355032976,0.0880027832700786,0.0376605557991576,0.205500945074754
"Curtobacterium",2007.10037728166,0.087714065204853,0.0374277665294567,0.205423978567084
"Curtobacterium",2007.26720423355,0.0874262935321957,0.0371953526528222,0.205352899534007
"Curtobacterium",2007.43403118545,0.0871394651553445,0.0369633359498338,0.2052876416474
"Curtobacterium",2007.60085813735,0.0868535769876343,0.0367317377820877,0.205228139408921
"Curtobacterium",2007.76768508924,0.0865686259524654,0.03650057909158,0.205174328147085
"Curtobacterium",2007.93451204114,0.0862846089832699,0.0362698804004073,0.205126144014059
"Curtobacterium",2008.10133899303,0.0860015230234803,0.0360396618107767,0.205083523982176
"Curtobacterium",2008.26816594493,0.0857193650264965,0.0358099430053102,0.205046405840181
"Curtobacterium",2008.43499289682,0.0854381319556524,0.035580743247635,0.205014728189231
"Curtobacterium",2008.60181984872,0.0851578207841862,0.0353520813832516,0.204988430438636
"Curtobacterium",2008.76864680062,0.0848784284952067,0.0351239758406628,0.204967452801379
"Curtobacterium",2008.93547375251,0.0845999520816614,0.0348964446327584,0.204951736289399
"Curtobacterium",2009.10230070441,0.0843223885463051,0.0346695053584422,0.20494122270867
"Curtobacterium",2009.2691276563,0.0840457349016678,0.0344431752044926,0.204935854654071
"Curtobacterium",2009.4359546082,0.083769988170023,0.0342174709476448,0.204935575504063
"Burkholderia-Caballeronia-Paraburkholderia",1982.91046925675,0.164805256931314,0.0862480762179075,0.314689172718098
"Burkholderia-Caballeronia-Paraburkholderia",1983.07729620865,0.164933905943965,0.086562942801753,0.314036094633826
"Burkholderia-Caballeronia-Paraburkholderia",1983.24412316054,0.165062655215581,0.0868771356371655,0.313390925917796
"Burkholderia-Caballeronia-Paraburkholderia",1983.41095011244,0.165191504824037,0.0871906146877952,0.312753710799958
"Burkholderia-Caballeronia-Paraburkholderia",1983.57777706433,0.165320454847267,0.0875033393052977,0.312124494275519
"Burkholderia-Caballeronia-Paraburkholderia",1983.74460401623,0.165449505363268,0.087815268231098,0.311503322103514
"Burkholderia-Caballeronia-Paraburkholderia",1983.91143096813,0.165578656450093,0.088126359598728,0.310890240804795
"Burkholderia-Caballeronia-Paraburkholderia",1984.07825792002,0.165707908185858,0.0884365709367649,0.310285297659429
"Burkholderia-Caballeronia-Paraburkholderia",1984.24508487192,0.165837260648739,0.088745859172393,0.309688540703474
"Burkholderia-Caballeronia-Paraburkholderia",1984.41191182381,0.165966713916971,0.0890541806356164,0.309100018725107
"Burkholderia-Caballeronia-Paraburkholderia",1984.57873877571,0.166096268068851,0.0893614910641427,0.308519781260087
"Burkholderia-Caballeronia-Paraburkholderia",1984.7455657276,0.166225923182735,0.0896677456089708,0.307947878586516
"Burkholderia-Caballeronia-Paraburkholderia",1984.9123926795,0.16635567933704,0.0899728988406998,0.307384361718881
"Burkholderia-Caballeronia-Paraburkholderia",1985.0792196314,0.166485536610244,0.0902769047565897,0.306829282401349
"Burkholderia-Caballeronia-Paraburkholderia",1985.24604658329,0.166615495080885,0.090579716788397,0.306282693100291
"Burkholderia-Caballeronia-Paraburkholderia",1985.41287353519,0.166745554827561,0.0908812878110092,0.305744646996013
"Burkholderia-Caballeronia-Paraburkholderia",1985.57970048708,0.166875715928933,0.091181570151905,0.305215197973657
"Burkholderia-Caballeronia-Paraburkholderia",1985.74652743898,0.167005978463719,0.091480515601462,0.304694400613267
"Burkholderia-Caballeronia-Paraburkholderia",1985.91335439088,0.167136342510701,0.0917780754241382,0.304182310178982
"Burkholderia-Caballeronia-Paraburkholderia",1986.08018134277,0.16726680814872,0.0920742003705479,0.303678982607335
"Burkholderia-Caballeronia-Paraburkholderia",1986.24700829467,0.167397375456679,0.0923688406904563,0.303184474494638
"Burkholderia-Caballeronia-Paraburkholderia",1986.41383524656,0.16752804451354,0.0926619461467144,0.302698843083436
"Burkholderia-Caballeronia-Paraburkholderia",1986.58066219846,0.167658815398327,0.0929534660301544,0.302222146247998
"Burkholderia-Caballeronia-Paraburkholderia",1986.74748915036,0.167789688190127,0.0932433491754676,0.301754442478827
"Burkholderia-Caballeronia-Paraburkholderia",1986.91431610225,0.167920662968084,0.0935315439780783,0.301295790866188
"Burkholderia-Caballeronia-Paraburkholderia",1987.08114305415,0.168051739811407,0.0938179984120383,0.30084625108261
"Burkholderia-Caballeronia-Paraburkholderia",1987.24797000604,0.168182918799362,0.0941026600489545,0.300405883364358
"Burkholderia-Caballeronia-Paraburkholderia",1987.41479695794,0.16831420001128,0.0943854760779627,0.299974748491873
"Burkholderia-Caballeronia-Paraburkholderia",1987.58162390984,0.168445583526551,0.0946663933267644,0.299552907769138
"Burkholderia-Caballeronia-Paraburkholderia",1987.74845086173,0.168577069424626,0.0949453582837351,0.299140423001989
"Burkholderia-Caballeronia-Paraburkholderia",1987.91527781363,0.16870865778502,0.0952223171211148,0.298737356475341
"Burkholderia-Caballeronia-Paraburkholderia",1988.08210476552,0.168840348687305,0.0954972157192871,0.298343770929331
"Burkholderia-Caballeronia-Paraburkholderia",1988.24893171742,0.168972142211119,0.0957699996921524,0.297959729534366
"Burkholderia-Caballeronia-Paraburkholderia",1988.41575866932,0.169104038436157,0.096040614413599,0.297585295865088
"Burkholderia-Caballeronia-Paraburkholderia",1988.58258562121,0.16923603744218,0.0963090050450697,0.297220533873237
"Burkholderia-Caballeronia-Paraburkholderia",1988.74941257311,0.169368139309006,0.0965751165642237,0.296865507859423
"Burkholderia-Caballeronia-Paraburkholderia",1988.916239525,0.169500344116518,0.0968388937946887,0.296520282443822
"Burkholderia-Caballeronia-Paraburkholderia",1989.0830664769,0.169632651944659,0.0971002814368925,0.296184922535781
"Burkholderia-Caballeronia-Paraburkholderia",1989.24989342879,0.169765062873434,0.0973592240999687,0.295859493302367
"Burkholderia-Caballeronia-Paraburkholderia",1989.41672038069,0.16989757698291,0.0976156663347127,0.295544060135858
"Burkholderia-Caballeronia-Paraburkholderia",1989.58354733259,0.170030194353215,0.0978695526675816,0.295238688620203
"Burkholderia-Caballeronia-Paraburkholderia",1989.75037428448,0.170162915064539,0.0981208276357086,0.294943444496469
"Burkholderia-Caballeronia-Paraburkholderia",1989.91720123638,0.170295739197135,0.0983694358229122,0.294658393627289
"Burkholderia-Caballeronia-Paraburkholderia",1990.08402818827,0.170428666831316,0.0986153218966688,0.294383601960366
"Burkholderia-Caballeronia-Paraburkholderia",1990.25085514017,0.170561698047459,0.0988584306460211,0.294119135491029
"Burkholderia-Caballeronia-Paraburkholderia",1990.41768209207,0.170694832926001,0.0990987070203824,0.29386506022391
"Burkholderia-Caballeronia-Paraburkholderia",1990.58450904396,0.170828071547442,0.0993360961692019,0.293621442133755
"Burkholderia-Caballeronia-Paraburkholderia",1990.75133599586,0.170961413992345,0.0995705434824443,0.293388347125432
"Burkholderia-Caballeronia-Paraburkholderia",1990.91816294775,0.171094860341332,0.0998019946318396,0.293165840993163
"Burkholderia-Caballeronia-Paraburkholderia",1991.08498989965,0.171228410675092,0.100030395612852,0.292953989379054
"Burkholderia-Caballeronia-Paraburkholderia",1991.25181685155,0.171362065074372,0.100255692787311,0.292752857730955
"Burkholderia-Caballeronia-Paraburkholderia",1991.41864380344,0.171495823619982,0.100477832926649,0.292562511259722
"Burkholderia-Caballeronia-Paraburkholderia",1991.58547075534,0.171629686392798,0.100696763255686,0.292383014895943
"Burkholderia-Caballeronia-Paraburkholderia",1991.75229770723,0.171763653473752,0.100912431496883,0.292214433246182
"Burkholderia-Caballeronia-Paraburkholderia",1991.91912465913,0.171897724943845,0.101124785915016,0.292056830548827
"Burkholderia-Caballeronia-Paraburkholderia",1992.08595161103,0.172031900884135,0.101333775362177,0.291910270629601
"Burkholderia-Caballeronia-Paraburkholderia",1992.25277856292,0.172166181375746,0.101539349323033,0.291774816856821
"Burkholderia-Caballeronia-Paraburkholderia",1992.41960551482,0.172300566499864,0.101741457960277,0.291650532096477
"Burkholderia-Caballeronia-Paraburkholderia",1992.58643246671,0.172435056337735,0.101940052160159,0.291537478667225
"Burkholderia-Caballeronia-Paraburkholderia",1992.75325941861,0.172569650970672,0.102135083578047,0.291435718295361
"Burkholderia-Caballeronia-Paraburkholderia",1992.9200863705,0.172704350480047,0.102326504683899,0.291345312069889
"Burkholderia-Caballeronia-Paraburkholderia",1993.0869133224,0.172839154947296,0.102514268807576,0.291266320397741
"Burkholderia-Caballeronia-Paraburkholderia",1993.2537402743,0.172974064453918,0.102698330183896,0.291198802959278
"Burkholderia-Caballeronia-Paraburkholderia",1993.42056722619,0.173109079081476,0.102878643997337,0.291142818664132
"Burkholderia-Caballeronia-Paraburkholderia",1993.58739417809,0.173244198911593,0.103055166426288,0.291098425607505
"Burkholderia-Caballeronia-Paraburkholderia",1993.75422112998,0.173379424025957,0.103227854686764,0.291065681027023
"Burkholderia-Caballeronia-Paraburkholderia",1993.92104808188,0.17351475450632,0.103396667075472,0.29104464126022
"Burkholderia-Caballeronia-Paraburkholderia",1994.08787503378,0.173650190434493,0.103561563012142,0.291035361702784
"Burkholderia-Caballeronia-Paraburkholderia",1994.25470198567,0.173785731892355,0.103722503081021,0.291037896767629
"Burkholderia-Caballeronia-Paraburkholderia",1994.42152893757,0.173921378961844,0.103879449071429,0.291052299844915
"Burkholderia-Caballeronia-Paraburkholderia",1994.58835588946,0.174057131724964,0.104032364017288,0.2910786232631
"Burkholderia-Caballeronia-Paraburkholderia",1994.75518284136,0.174192990263781,0.104181212235516,0.291116918251126
"Burkholderia-Caballeronia-Paraburkholderia",1994.92200979326,0.174328954660424,0.104325959363213,0.291167234901831
"Burkholderia-Caballeronia-Paraburkholderia",1995.08883674515,0.174465024997087,0.104466572393512,0.291229622136679
"Burkholderia-Caballeronia-Paraburkholderia",1995.25566369705,0.174601201356024,0.10460301971005,0.291304127671896
"Burkholderia-Caballeronia-Paraburkholderia",1995.42249064894,0.174737483819557,0.104735271119925,0.291390797986108
"Burkholderia-Caballeronia-Paraburkholderia",1995.58931760084,0.174873872470067,0.104863297885096,0.291489678289554
"Burkholderia-Caballeronia-Paraburkholderia",1995.75614455274,0.175010367390002,0.104987072752109,0.291600812494962
"Burkholderia-Caballeronia-Paraburkholderia",1995.92297150463,0.17514696866187,0.105106569980107,0.291724243190161
"Burkholderia-Caballeronia-Paraburkholderia",1996.08979845653,0.175283676368248,0.105221765367024,0.291860011612507
"Burkholderia-Caballeronia-Paraburkholderia",1996.25662540842,0.17542049059177,0.105332636273902,0.292008157625183
"Burkholderia-Caballeronia-Paraburkholderia",1996.42345236032,0.175557411415139,0.105439161647283,0.292168719695442
"Burkholderia-Caballeronia-Paraburkholderia",1996.59027931221,0.175694438921119,0.105541322039599,0.29234173487485
"Burkholderia-Caballeronia-Paraburkholderia",1996.75710626411,0.175831573192539,0.105639099627513,0.292527238781579
"Burkholderia-Caballeronia-Paraburkholderia",1996.92393321601,0.175968814312291,0.105732478228172,0.2927252655848
"Burkholderia-Caballeronia-Paraburkholderia",1997.0907601679,0.176106162363332,0.105821443313325,0.29293584799121
"Burkholderia-Caballeronia-Paraburkholderia",1997.2575871198,0.176243617428682,0.105905982021269,0.293159017233737
"Burkholderia-Caballeronia-Paraburkholderia",1997.42441407169,0.176381179591426,0.105986083166604,0.293394803062444
"Burkholderia-Caballeronia-Paraburkholderia",1997.59124102359,0.17651884893471,0.106061737247765,0.293643233737655
"Burkholderia-Caballeronia-Paraburkholderia",1997.75806797549,0.176656625541749,0.106132936452324,0.293904336025317
"Burkholderia-Caballeronia-Paraburkholderia",1997.92489492738,0.176794509495819,0.106199674660054,0.294178135194614
"Burkholderia-Caballeronia-Paraburkholderia",1998.09172187928,0.176932500880259,0.106261947443741,0.29446465501782
"Burkholderia-Caballeronia-Paraburkholderia",1998.25854883117,0.177070599778476,0.106319752067765,0.294763917772404
"Burkholderia-Caballeronia-Paraburkholderia",1998.42537578307,0.177208806273939,0.106373087484456,0.295075944245355
"Burkholderia-Caballeronia-Paraburkholderia",1998.59220273497,0.177347120450181,0.106421954328234,0.295400753739733
"Burkholderia-Caballeronia-Paraburkholderia",1998.75902968686,0.1774855423908,0.106466354907572,0.295738364083402
"Burkholderia-Caballeronia-Paraburkholderia",1998.92585663876,0.177624072179459,0.106506293194803,0.296088791639914
"Burkholderia-Caballeronia-Paraburkholderia",1999.09268359065,0.177762709899884,0.106541774813809,0.296452051321531
"Burkholderia-Caballeronia-Paraburkholderia",1999.25951054255,0.177901455635868,0.106572807025643,0.29682815660431
"Burkholderia-Caballeronia-Paraburkholderia",1999.42633749445,0.178040309471265,0.106599398712114,0.297217119545229
"Burkholderia-Caballeronia-Paraburkholderia",1999.59316444634,0.178179271489997,0.106621560357411,0.297618950801278
"Burkholderia-Caballeronia-Paraburkholderia",1999.75999139824,0.17831834177605,0.10663930402781,0.298033659650484
"Burkholderia-Caballeronia-Paraburkholderia",1999.92681835013,0.178457520413472,0.106652643349533,0.298461254014771
"Burkholderia-Caballeronia-Paraburkholderia",2000.09364530203,0.17859680748638,0.106661593484822,0.298901740484624
"Burkholderia-Caballeronia-Paraburkholderia",2000.26047225392,0.178736203078952,0.10666617110631,0.299355124345453
"Burkholderia-Caballeronia-Paraburkholderia",2000.42729920582,0.178875707275433,0.106666394369754,0.299821409605603
"Burkholderia-Caballeronia-Paraburkholderia",2000.59412615772,0.179015320160133,0.106662282885218,0.300300599025918
"Burkholderia-Caballeronia-Paraburkholderia",2000.76095310961,0.179155041817427,0.106653857686783,0.300792694150786
"Burkholderia-Caballeronia-Paraburkholderia",2000.92778006151,0.179294872331752,0.10664114120087,0.301297695340572
"Burkholderia-Caballeronia-Paraburkholderia",2001.0946070134,0.179434811787615,0.106624157213265,0.301815601805354
"Burkholderia-Caballeronia-Paraburkholderia",2001.2614339653,0.179574860269585,0.106602930834936,0.302346411639878
"Burkholderia-Caballeronia-Paraburkholderia",2001.4282609172,0.179715017862297,0.106577488466726,0.302890121859634
"Burkholderia-Caballeronia-Paraburkholderia",2001.59508786909,0.17985528465045,0.106547857763019,0.303446728437966
"Burkholderia-Caballeronia-Paraburkholderia",2001.76191482099,0.17999566071881,0.106514067594476,0.304016226344126
"Burkholderia-Caballeronia-Paraburkholderia",2001.92874177288,0.180136146152208,0.106476148009919,0.30459860958217
"Burkholderia-Caballeronia-Paraburkholderia",2002.09556872478,0.18027674103554,0.106434130197474,0.305193871230616
"Burkholderia-Caballeronia-Paraburkholderia",2002.26239567668,0.180417445453767,0.106388046445045,0.305802003482763
"Burkholderia-Caballeronia-Paraburkholderia",2002.42922262857,0.180558259491916,0.10633793010023,0.306422997687579
"Burkholderia-Caballeronia-Paraburkholderia",2002.59604958047,0.18069918323508,0.106283815529754,0.307056844391079
"Burkholderia-Caballeronia-Paraburkholderia",2002.76287653236,0.180840216768416,0.10622573807852,0.307703533378085
"Burkholderia-Caballeronia-Paraburkholderia",2002.92970348426,0.180981360177148,0.106163734028357,0.308363053714305
"Burkholderia-Caballeronia-Paraburkholderia",2003.09653043616,0.181122613546566,0.106097840556548,0.309035393788616
"Burkholderia-Caballeronia-Paraburkholderia",2003.26335738805,0.181263976962024,0.106028095694237,0.309720541355501
"Burkholderia-Caballeronia-Paraburkholderia",2003.43018433995,0.181405450508943,0.105954538284778,0.310418483577526
"Burkholderia-Caballeronia-Paraburkholderia",2003.59701129184,0.18154703427281,0.105877207942111,0.311129207067808
"Burkholderia-Caballeronia-Paraburkholderia",2003.76383824374,0.181688728339177,0.10579614500925,0.311852697932372
"Burkholderia-Caballeronia-Paraburkholderia",2003.93066519563,0.181830532793663,0.105711390516938,0.312588941812349
"Burkholderia-Caballeronia-Paraburkholderia",2004.09749214753,0.181972447721952,0.105622986142552,0.313337923925923
"Burkholderia-Caballeronia-Paraburkholderia",2004.26431909943,0.182114473209794,0.105530974169321,0.31409962910998
"Burkholderia-Caballeronia-Paraburkholderia",2004.43114605132,0.182256609343006,0.10543539744592,0.314874041861382
"Burkholderia-Caballeronia-Paraburkholderia",2004.59797300322,0.18239885620747,0.105336299346494,0.315661146377808
"Burkholderia-Caballeronia-Paraburkholderia",2004.76479995511,0.182541213889135,0.105233723731185,0.316460926598116
"Burkholderia-Caballeronia-Paraburkholderia",2004.93162690701,0.182683682474016,0.105127714907194,0.31727336624216
"Burkholderia-Caballeronia-Paraburkholderia",2005.09845385891,0.182826262048194,0.105018317590437,0.318098448850019
"Burkholderia-Caballeronia-Paraburkholderia",2005.2652808108,0.182968952697817,0.104905576867855,0.318936157820591
"Burkholderia-Caballeronia-Paraburkholderia",2005.4321077627,0.183111754509099,0.104789538160387,0.319786476449513
"Burkholderia-Caballeronia-Paraburkholderia",2005.59893471459,0.183254667568319,0.104670247186683,0.320649387966359
"Burkholderia-Caballeronia-Paraburkholderia",2005.76576166649,0.183397691961824,0.104547749927563,0.321524875571089
"Burkholderia-Caballeronia-Paraburkholderia",2005.93258861839,0.183540827776029,0.104422092591273,0.322412922469714
"Burkholderia-Caballeronia-Paraburkholderia",2006.09941557028,0.183684075097412,0.104293321579552,0.32331351190915
"Burkholderia-Caballeronia-Paraburkholderia",2006.26624252218,0.183827434012521,0.104161483454555,0.324226627211224
"Burkholderia-Caballeronia-Paraburkholderia",2006.43306947407,0.183970904607968,0.10402662490663,0.32515225180583
"Burkholderia-Caballeronia-Paraburkholderia",2006.59989642597,0.184114486970433,0.103888792722993,0.326090369263197
"Burkholderia-Caballeronia-Paraburkholderia",2006.76672337787,0.184258181186664,0.103748033757297,0.327040963325264
"Burkholderia-Caballeronia-Paraburkholderia",2006.93355032976,0.184401987343473,0.103604394900123,0.32800401793614
"Burkholderia-Caballeronia-Paraburkholderia",2007.10037728166,0.18454590552774,0.103457923050398,0.328979517271647
"Burkholderia-Caballeronia-Paraburkholderia",2007.26720423355,0.184689935826414,0.103308665087746,0.329967445767926
"Burkholderia-Caballeronia-Paraburkholderia",2007.43403118545,0.184834078326508,0.103156667845781,0.330967788149118
"Burkholderia-Caballeronia-Paraburkholderia",2007.60085813735,0.184978333115104,0.103001978086351,0.331980529454096
"Burkholderia-Caballeronia-Paraburkholderia",2007.76768508924,0.18512270027935,0.102844642474712,0.333005655062265
"Burkholderia-Caballeronia-Paraburkholderia",2007.93451204114,0.185267179906461,0.102684707555668,0.334043150718417
"Burkholderia-Caballeronia-Paraburkholderia",2008.10133899303,0.18541177208372,0.102522219730633,0.335093002556654
"Burkholderia-Caballeronia-Paraburkholderia",2008.26816594493,0.185556476898478,0.10235722523564,0.336155197123381
"Burkholderia-Caballeronia-Paraburkholderia",2008.43499289682,0.18570129443815,0.102189770120276,0.33722972139938
"Burkholderia-Caballeronia-Paraburkholderia",2008.60181984872,0.185846224790223,0.102019900227539,0.338316562820955
"Burkholderia-Caballeronia-Paraburkholderia",2008.76864680062,0.185991268042247,0.101847661174606,0.339415709300185
"Burkholderia-Caballeronia-Paraburkholderia",2008.93547375251,0.186136424281842,0.101673098334494,0.340527149244284
"Burkholderia-Caballeronia-Paraburkholderia",2009.10230070441,0.186281693596694,0.101496256818621,0.341650871574072
"Burkholderia-Caballeronia-Paraburkholderia",2009.2691276563,0.186427076074559,0.101317181460223,0.342786865741586
"Burkholderia-Caballeronia-Paraburkholderia",2009.4359546082,0.186572571803258,0.101135916798646,0.343935121746839
"Novosphingobium",1982.91046925675,0.228744300122933,0.115209724554266,0.453654507669258
"Novosphingobium",1983.07729620865,0.227113823486915,0.114735834087135,0.449065563844025
"Novosphingobium",1983.24412316054,0.225494942530596,0.11425903849664,0.444541646961185
"Novosphingobium",1983.41095011244,0.223887575160563,0.113779326067948,0.440081977020042
"Novosphingobium",1983.57777706433,0.222291639859295,0.113296686123327,0.435685783031121
"Novosphingobium",1983.74460401623,0.220707055681199,0.112811109069733,0.431352302844238
"Novosphingobium",1983.91143096813,0.219133742248671,0.112322586446946,0.427080782977472
"Novosphingobium",1984.07825792002,0.217571619748183,0.111831110976149,0.422870478447113
"Novosphingobium",1984.24508487192,0.216020608926402,0.111336676608883,0.418720652598661
"Novosphingobium",1984.41191182381,0.214480631086317,0.110839278576272,0.414630576938931
"Novosphingobium",1984.57873877571,0.212951608083419,0.110338913438436,0.410599530969412
"Novosphingobium",1984.7455657276,0.211433462321882,0.109835579133961,0.406626802020887
"Novosphingobium",1984.9123926795,0.209926116750783,0.109329275029341,0.402711685089473
"Novosphingobium",1985.0792196314,0.208429494860337,0.108820001968249,0.398853482674163
"Novosphingobium",1985.24604658329,0.20694352067817,0.108307762320532,0.39505150461599
"Novosphingobium",1985.41287353519,0.205468118765606,0.107792560030788,0.391305067938917
"Novosphingobium",1985.57970048708,0.204003214213981,0.107274400666395,0.387613496692591
"Novosphingobium",1985.74652743898,0.202548732640986,0.10675329146484,0.38397612179708
"Novosphingobium",1985.91335439088,0.20110460018703,0.106229241380215,0.380392280889728
"Novosphingobium",1986.08018134277,0.199670743511625,0.105702261128713,0.376861318174272
"Novosphingobium",1986.24700829467,0.198247089789805,0.105172363232983,0.373382584272357
"Novosphingobium",1986.41383524656,0.196833566708556,0.104639562065166,0.369955436077602
"Novosphingobium",1986.58066219846,0.195430102463282,0.104103873888469,0.36657923661237
"Novosphingobium",1986.74748915036,0.194036625754281,0.103565316897081,0.363253354887372
"Novosphingobium",1986.91431610225,0.192653065783262,0.103023911254303,0.359977165764319
"Novosphingobium",1987.08114305415,0.191279352249867,0.102479679128676,0.356750049821705
"Novosphingobium",1987.24797000604,0.189915415348232,0.101932644727973,0.35357139322393
"Novosphingobium",1987.41479695794,0.188561185763557,0.101382834330866,0.35044058759391
"Novosphingobium",1987.58162390984,0.18721659466871,0.100830276316098,0.347357029889322
"Novosphingobium",1987.74845086173,0.18588157372085,0.100275001189,0.344320122282651
"Novosphingobium",1987.91527781363,0.18455605505807,0.0997170416051805,0.34132927204518
"Novosphingobium",1988.08210476552,0.183239971296064,0.0991564323912322,0.338383891435094
"Novosphingobium",1988.24893171742,0.181933255524821,0.0985932105622908,0.335483397589808
"Novosphingobium",1988.41575866932,0.180635841305334,0.0980274153363025,0.332627212422698
"Novosphingobium",1988.58258562121,0.179347662666333,0.0974590881448533,0.329814762524334
"Novosphingobium",1988.74941257311,0.178068654101045,0.0968882726404211,0.327045479068359
"Novosphingobium",1988.916239525,0.17679875056397,0.0963150146999251,0.32431879772213
"Novosphingobium",1989.0830664769,0.175537887467682,0.0957393624244558,0.321634158562213
"Novosphingobium",1989.24989342879,0.174286000679645,0.0951613661350708,0.318991005994833
"Novosphingobium",1989.41672038069,0.173043026519064,0.094581078364574,0.316388788681395
"Novosphingobium",1989.58354733259,0.171808901753741,0.0939985538451797,0.313826959469089
"Novosphingobium",1989.75037428448,0.170583563596967,0.0934138494920027,0.311304975326687
"Novosphingobium",1989.91720123638,0.169366949704422,0.0928270243823133,0.30882229728555
"Novosphingobium",1990.08402818827,0.168158998171103,0.0922381397305202,0.306378390385891
"Novosphingobium",1990.25085514017,0.166959647528276,0.0916472588588513,0.303972723628295
"Novosphingobium",1990.41768209207,0.165768836740437,0.0910544471637288,0.301604769930505
"Novosphingobium",1990.58450904396,0.164586505202308,0.0904597720778407,0.299274006089445
"Novosphingobium",1990.75133599586,0.163412592735838,0.089863303027937,0.296979912748454
"Novosphingobium",1990.91816294775,0.16224703958724,0.0892651113883899,0.294721974369681
"Novosphingobium",1991.08498989965,0.161089786424035,0.088665270430577,0.292499679211555
"Novosphingobium",1991.25181685155,0.159940774332121,0.0880638552681639,0.29031251931127
"Novosphingobium",1991.41864380344,0.158799944812868,0.0874609427983795,0.288159990472157
"Novosphingobium",1991.58547075534,0.157667239780216,0.0868566116393905,0.286041592255824
"Novosphingobium",1991.75229770723,0.156542601557814,0.0862509420639117,0.283956827978971
"Novosphingobium",1991.91912465913,0.155425972876161,0.0856440159291815,0.281905204714652
"Novosphingobium",1992.08595161103,0.154317296869777,0.0850359166034712,0.279886233297877
"Novosphingobium",1992.25277856292,0.153216517074385,0.0844267288892973,0.277899428335346
"Novosphingobium",1992.41960551482,0.152123577424119,0.083816538943526,0.275944308219119
"Novosphingobium",1992.58643246671,0.15103842224875,0.0832054341945683,0.27402039514402
"Novosphingobium",1992.75325941861,0.149960996270924,0.0825935032568815,0.272127215128537
"Novosphingobium",1992.9200863705,0.148891244603428,0.0819808358429986,0.270264298039006
"Novosphingobium",1993.0869133224,0.147829112746468,0.0813675226733205,0.26843117761681
"Novosphingobium",1993.2537402743,0.146774546584969,0.0807536553839151,0.266627391508374
"Novosphingobium",1993.42056722619,0.145727492385893,0.0801393264325701,0.264852481297656
"Novosphingobium",1993.58739417809,0.144687896795572,0.0795246290033594,0.263105992540907
"Novosphingobium",1993.75422112998,0.143655706837066,0.0789096569099824,0.261387474803411
"Novosphingobium",1993.92104808188,0.142630869907525,0.0782945044981364,0.259696481697919
"Novosphingobium",1994.08787503378,0.141613333775591,0.0776792665472011,0.258032570924544
"Novosphingobium",1994.25470198567,0.140603046578797,0.0770640381714848,0.256395304311793
"Novosphingobium",1994.42152893757,0.139599956820994,0.076448914721312,0.25478424785849
"Novosphingobium",1994.58835588946,0.138604013369794,0.0758339916842089,0.253198971776313
"Novosphingobium",1994.75518284136,0.137615165454029,0.0752193645864508,0.251639050532672
"Novosphingobium",1994.92200979326,0.136633362661228,0.0746051288952251,0.250104062893665
"Novosphingobium",1995.08883674515,0.135658554935113,0.0739913799216601,0.248593591966857
"Novosphingobium",1995.25566369705,0.134690692573107,0.0733782127249618,0.247107225243627
"Novosphingobium",1995.42249064894,0.133729726223869,0.0727657220178938,0.245644554640849
"Novosphingobium",1995.58931760084,0.132775606884831,0.0721540020738234,0.24420517654166
"Novosphingobium",1995.75614455274,0.131828285899766,0.0715431466355513,0.242788691835108
"Novosphingobium",1995.92297150463,0.130887714956365,0.0709332488261266,0.241394705954456
"Novosphingobium",1996.08979845653,0.129953846083831,0.0703244010618406,0.240022828913946
"Novosphingobium",1996.25662540842,0.129026631650496,0.0697166949675804,0.238672675343845
"Novosphingobium",1996.42345236032,0.128106024361438,0.0691102212947029,0.23734386452357
"Novosphingobium",1996.59027931221,0.127191977256139,0.068505069841598,0.236036020412776
"Novosphingobium",1996.75710626411,0.126284443706136,0.0679013293770613,0.23474877168021
"Novosphingobium",1996.92393321601,0.1253833774127,0.0672990875666197,0.233481751730235
"Novosphingobium",1997.0907601679,0.12448873240453,0.0666984309019123,0.23223459872688
"Novosphingobium",1997.2575871198,0.123600463035458,0.0660994446332307,0.231006955615329
"Novosphingobium",1997.42441407169,0.122718523982176,0.0655022127052993,0.229798470140739
"Novosphingobium",1997.59124102359,0.121842870241974,0.0649068176963692,0.228608794864328
"Novosphingobium",1997.75806797549,0.120973457130493,0.064313340760681,0.227437587176651
"Novosphingobium",1997.92489492738,0.1201102402795,0.0637218615743405,0.22628450930803
"Novosphingobium",1998.09172187928,0.11925317563467,0.0631324582846388,0.225149228336085
"Novosphingobium",1998.25854883117,0.118402219453387,0.0625452074628336,0.224031416190354
"Novosphingobium",1998.42537578307,0.117557328302562,0.0619601840603986,0.222930749653985
"Novosphingobium",1998.59220273497,0.116718459056463,0.0613774613687352,0.221846910362496
"Novosphingobium",1998.75902968686,0.115885568894558,0.0607971109823262,0.220779584799608
"Novosphingobium",1998.92585663876,0.11505861529938,0.0602192027653141,0.219728464290204
"Novosphingobium",1999.09268359065,0.114237556054402,0.0596438048214527,0.218693244990389
"Novosphingobium",1999.25951054255,0.113422349241923,0.0590709834673969,0.217673627874749
"Novosphingobium",1999.42633749445,0.112612953240977,0.0585008032092695,0.216669318720816
"Novosphingobium",1999.59316444634,0.111809326725247,0.0579333267224453,0.215680028090819
"Novosphingobium",1999.75999139824,0.111011428661005,0.05736861483448,0.214705471310773
"Novosphingobium",1999.92681835013,0.110219218305051,0.0568067265111073,0.21374536844699
"Novosphingobium",2000.09364530203,0.109432655202682,0.0562477188452229,0.21279944428007
"Novosphingobium",2000.26047225392,0.108651699185664,0.0556916470487653,0.211867428276471
"Novosphingobium",2000.42729920582,0.107876310370221,0.0551385644474021,0.210949054557743
"Novosphingobium",2000.59412615772,0.10710644915504,0.0545885224779235,0.210044061867501
"Novosphingobium",2000.76095310961,0.106342076219288,0.0540415706882454,0.209152193536255
"Novosphingobium",2000.92778006151,0.105583152520642,0.0534977567399156,0.208273197444179
"Novosphingobium",2001.0946070134,0.104829639293335,0.0529571264130224,0.207406825981918
"Novosphingobium",2001.2614339653,0.10408149804621,0.0524197236133912,0.206552836009543
"Novosphingobium",2001.4282609172,0.103338690560795,0.0518855903819747,0.205710988813756
"Novosphingobium",2001.59508786909,0.102601178889387,0.0513547669063098,0.204881050063438
"Novosphingobium",2001.76191482099,0.101868925353149,0.0508272915339483,0.204062789763652
"Novosphingobium",2001.92874177288,0.101141892540222,0.0503032007877421,0.203255982208205
"Novosphingobium",2002.09556872478,0.100420043303847,0.0497825293828809,0.202460405930874
"Novosphingobium",2002.26239567668,0.0997033407605038,0.0492653102455712,0.201675843655385
"Novosphingobium",2002.42922262857,0.0989917482880596,0.0487515745332531,0.200902082244264
"Novosphingobium",2002.59604958047,0.0982852295239326,0.0482413516562478,0.200138912646644
"Novosphingobium",2002.76287653236,0.0975837483632667,0.0477346693007368,0.199386129845142
"Novosphingobium",2002.92970348426,0.0968872689571197,0.0472315534529677,0.198643532801884
"Novosphingobium",2003.09653043616,0.0961957557106633,0.0467320284245936,0.197910924403782
"Novosphingobium",2003.26335738805,0.0955091732813966,0.0462361168790454,0.197188111407152
"Novosphingobium",2003.43018433995,0.094827486577372,0.0457438398588477,0.196474904381763
"Novosphingobium",2003.59701129184,0.0941506607554287,0.0452552168137837,0.195771117654398
"Novosphingobium",2003.76383824374,0.0934786612194489,0.0447702656298308,0.195076569252012
"Novosphingobium",2003.93066519563,0.0928114536186149,0.0442890026587697,0.194391080844573
"Novosphingobium",2004.09749214753,0.0921490038456848,0.0438114427483972,0.193714477687644
"Novosphingobium",2004.26431909943,0.091491278035278,0.0433375992732576,0.193046588564808
"Novosphingobium",2004.43114605132,0.0908382425621727,0.0428674841658224,0.19238724572998
"Novosphingobium",2004.59797300322,0.090189864039616,0.0424011079480439,0.191736284849684
"Novosphingobium",2004.76479995511,0.0895461093176448,0.0419384797632155,0.191093544945367
"Novosphingobium",2004.93162690701,0.0889069454814186,0.0414796074080736,0.190458868335793
"Novosphingobium",2005.09845385891,0.0882723398495643,0.0410244973650791,0.189832100579593
"Novosphingobium",2005.2652808108,0.0876422599725319,0.04057315483482,0.18921309041801
"Novosphingobium",2005.4321077627,0.087016673630962,0.0401255837684793,0.188601689717903
"Novosphingobium",2005.59893471459,0.0863955488340643,0.0396817869003153,0.187997753415047
"Novosphingobium",2005.76576166649,0.0857788538180076,0.039241765780107,0.18740113945779
"Novosphingobium",2005.93258861839,0.085166557044322,0.0388055208055157,0.186811708751089
"Novosphingobium",2006.09941557028,0.0845586271983075,0.0383730512543178,0.186229325100978
"Novosphingobium",2006.26624252218,0.0839550331874623,0.0379443553164772,0.185653855159515
"Novosphingobium",2006.43306947407,0.0833557441399136,0.0375194301260054,0.185085168370207
"Novosphingobium",2006.59989642597,0.0827607294028637,0.0370982717925852,0.184523136913988
"Novosphingobium",2006.76672337787,0.0821699585410459,0.0366808754329211,0.183967635655746
"Novosphingobium",2006.93355032976,0.0815834013351908,0.0362672352017852,0.183418542091441
"Novosphingobium",2007.10037728166,0.081001027780504,0.0358573443227332,0.182875736295837
"Novosphingobium",2007.26720423355,0.0804228080851535,0.0354511951184631,0.182339100870864
"Novosphingobium",2007.43403118545,0.0798487126687687,0.0350487790407946,0.181808520894639
"Novosphingobium",2007.60085813735,0.0792787121609486,0.0346500867002462,0.18128388387115
"Novosphingobium",2007.76768508924,0.0787127773997815,0.0342551078951934,0.180765079680639
"Novosphingobium",2007.93451204114,0.0781508794303743,0.0338638316405883,0.180252000530674
"Novosphingobium",2008.10133899303,0.0775929895033921,0.0334762461962262,0.179744540907944
"Novosphingobium",2008.26816594493,0.0770390790736093,0.0330923390945465,0.179242597530773
"Novosphingobium",2008.43499289682,0.0764891197984662,0.032712097167952,0.178746069302363
"Novosphingobium",2008.60181984872,0.0759430835366438,0.0323355065756435,0.178254857264786
"Novosphingobium",2008.76864680062,0.0754009423466406,0.0319625528299528,0.17776886455371
"Novosphingobium",2008.93547375251,0.0748626684853635,0.0315932208221705,0.177287996353887
"Novosphingobium",2009.10230070441,0.0743282344067273,0.0312274948478632,0.176812159855382
"Novosphingobium",2009.2691276563,0.0737976127602644,0.0308653586316722,0.176341264210565
"Novosphingobium",2009.4359546082,0.0732707763897438,0.0305067953515926,0.175875220491853
